<?xml version="1.0" encoding="UTF-8"?>
<kml xmlns="http://www.opengis.net/kml/2.2" xmlns:gx="http://www.google.com/kml/ext/2.2">
  <Document>
    <name>Trajetória do Foguete – 26/07/2026, 15:26:12</name>
    <description>Gerado pelo OpenEarth — OSIFOG</description>
    <Style id="s1">
      <LineStyle>
        <color>ff0000ff</color>
        <width>3</width>
      </LineStyle>
      <PolyStyle>
        <color>4d0000ff</color>
      </PolyStyle>
    </Style>
    <Style id="s2">
      <LineStyle>
        <color>ff00ff00</color>
        <width>3</width>
      </LineStyle>
      <PolyStyle>
        <color>4d00ff00</color>
      </PolyStyle>
    </Style>
    <Folder>
      <name>Ponto de Lançamento</name>
      <Placemark>
        <name>Launch Site</name>
        <Point>
          <altitudeMode>absolute</altitudeMode>
          <coordinates>-80.5772000,28.5621000,3.000</coordinates>
        </Point>
      </Placemark>
    </Folder>
    <Folder>
      <name>Estágio 1 – osifog_L2Systems1024_stage1_sustentador</name>
      <Placemark>
        <name>Trajetória – Estágio 1</name>
        <styleUrl>#s1</styleUrl>
        <LineString>
          <extrude>0</extrude>
          <tessellate>1</tessellate>
          <altitudeMode>absolute</altitudeMode>
          <coordinates>
          -80.5772000,28.5621000,3.000
          -80.5772000,28.5621000,3.000
          -80.5772000,28.5621000,3.001
          -80.5772000,28.5621000,3.006
          -80.5772000,28.5621000,3.017
          -80.5772000,28.5621000,3.035
          -80.5772000,28.5621000,3.064
          -80.5772000,28.5621000,3.101
          -80.5772000,28.5621000,3.155
          -80.5772000,28.5621001,3.224
          -80.5771999,28.5621001,3.308
          -80.5771999,28.5621001,3.406
          -80.5771999,28.5621001,3.519
          -80.5771999,28.5621001,3.647
          -80.5771999,28.5621002,3.789
          -80.5771998,28.5621002,3.946
          -80.5771998,28.5621002,4.118
          -80.5771998,28.5621003,4.305
          -80.5771997,28.5621003,4.507
          -80.5771997,28.5621004,4.724
          -80.5771997,28.5621004,4.956
          -80.5771996,28.5621005,5.203
          -80.5771996,28.5621005,5.465
          -80.5771995,28.5621006,5.741
          -80.5771995,28.5621006,6.033
          -80.5771994,28.5621007,6.340
          -80.5771994,28.5621008,6.663
          -80.5771993,28.5621008,7.000
          -80.5771993,28.5621009,7.353
          -80.5771992,28.5621010,7.721
          -80.5771991,28.5621011,8.104
          -80.5771991,28.5621012,8.502
          -80.5771990,28.5621013,8.916
          -80.5771989,28.5621013,9.345
          -80.5771988,28.5621015,10.017
          -80.5771988,28.5621015,10.295
          -80.5771987,28.5621016,10.724
          -80.5771986,28.5621018,11.389
          -80.5771984,28.5621020,12.441
          -80.5771981,28.5621024,14.137
          -80.5771976,28.5621030,16.951
          -80.5771973,28.5621033,18.447
          -80.5771969,28.5621039,20.838
          -80.5771962,28.5621048,24.737
          -80.5771955,28.5621057,29.033
          -80.5771954,28.5621058,29.714
          -80.5771952,28.5621060,30.753
          -80.5771950,28.5621063,32.350
          -80.5771946,28.5621068,34.830
          -80.5771940,28.5621075,38.742
          -80.5771934,28.5621083,44.131
          -80.5771928,28.5621090,49.994
          -80.5771924,28.5621096,56.245
          -80.5771921,28.5621099,61.659
          -80.5771920,28.5621101,68.607
          -80.5771920,28.5621101,75.933
          -80.5771921,28.5621099,82.222
          -80.5771925,28.5621094,90.230
          -80.5771929,28.5621089,98.610
          -80.5771933,28.5621084,105.755
          -80.5771939,28.5621077,114.800
          -80.5771943,28.5621071,121.975
          -80.5771948,28.5621065,129.885
          -80.5771950,28.5621063,131.977
          -80.5771952,28.5621060,135.143
          -80.5771955,28.5621056,139.958
          -80.5771961,28.5621049,147.326
          -80.5771969,28.5621038,157.503
          -80.5771972,28.5621033,161.329
          -80.5771977,28.5621026,167.143
          -80.5771984,28.5621016,174.982
          -80.5771995,28.5620999,186.329
          -80.5772002,28.5620989,193.031
          -80.5772011,28.5620977,201.658
          -80.5772018,28.5620966,208.707
          -80.5772027,28.5620954,217.062
          -80.5772037,28.5620938,226.851
          -80.5772051,28.5620918,239.464
          -80.5772060,28.5620905,247.548
          -80.5772070,28.5620890,256.141
          -80.5772079,28.5620877,263.100
          -80.5772092,28.5620858,273.670
          -80.5772101,28.5620844,281.512
          -80.5772109,28.5620832,288.124
          -80.5772120,28.5620816,296.605
          -80.5772126,28.5620807,301.362
          -80.5772135,28.5620794,308.548
          -80.5772144,28.5620780,315.696
          -80.5772154,28.5620766,322.871
          -80.5772167,28.5620747,332.607
          -80.5772179,28.5620729,341.467
          -80.5772197,28.5620701,354.862
          -80.5772208,28.5620685,362.959
          -80.5772224,28.5620661,374.693
          -80.5772236,28.5620643,383.246
          -80.5772251,28.5620620,394.019
          -80.5772262,28.5620604,401.878
          -80.5772279,28.5620578,413.749
          -80.5772298,28.5620550,426.479
          -80.5772309,28.5620534,434.127
          -80.5772326,28.5620509,445.642
          -80.5772349,28.5620474,461.400
          -80.5772361,28.5620456,469.310
          -80.5772363,28.5620453,470.803
          -80.5772367,28.5620448,473.044
          -80.5772372,28.5620440,476.408
          -80.5772379,28.5620429,481.461
          -80.5772391,28.5620411,489.054
          -80.5772403,28.5620393,497.246
          -80.5772418,28.5620371,506.790
          -80.5772431,28.5620351,515.773
          -80.5772452,28.5620321,529.262
          -80.5772461,28.5620306,535.663
          -80.5772473,28.5620289,542.966
          -80.5772490,28.5620264,553.914
          -80.5772500,28.5620249,560.615
          -80.5772506,28.5620240,564.470
          -80.5772512,28.5620231,568.288
          -80.5772519,28.5620221,573.011
          -80.5772530,28.5620205,580.086
          -80.5772546,28.5620181,590.680
          -80.5772552,28.5620171,595.056
          -80.5772559,28.5620160,599.537
          -80.5772567,28.5620148,604.852
          -80.5772569,28.5620146,605.833
          -80.5772571,28.5620142,607.304
          -80.5772575,28.5620137,609.509
          -80.5772580,28.5620130,612.815
          -80.5772587,28.5620118,617.766
          -80.5772598,28.5620102,624.858
          -80.5772606,28.5620091,629.787
          -80.5772614,28.5620079,634.993
          -80.5772624,28.5620064,641.653
          -80.5772637,28.5620045,650.191
          -80.5772650,28.5620026,658.805
          -80.5772657,28.5620014,663.869
          -80.5772666,28.5620002,669.205
          -80.5772677,28.5619985,676.823
          -80.5772695,28.5619959,688.211
          -80.5772703,28.5619946,693.593
          -80.5772712,28.5619932,699.866
          -80.5772726,28.5619912,708.999
          -80.5772747,28.5619882,722.638
          -80.5772768,28.5619850,736.898
          -80.5772784,28.5619826,747.568
          -80.5772806,28.5619792,762.565
          -80.5772828,28.5619759,777.460
          -80.5772831,28.5619755,779.425
          -80.5772836,28.5619749,782.369
          -80.5772842,28.5619739,786.778
          -80.5772852,28.5619725,793.373
          -80.5772866,28.5619703,803.226
          -80.5772888,28.5619671,817.835
          -80.5772909,28.5619640,832.341
          -80.5772929,28.5619609,846.748
          -80.5772950,28.5619578,861.056
          -80.5772970,28.5619548,875.267
          -80.5772990,28.5619518,889.384
          -80.5773010,28.5619488,903.406
          -80.5773029,28.5619459,917.336
          -80.5773049,28.5619430,931.174
          -80.5773068,28.5619401,944.923
          -80.5773086,28.5619373,958.583
          -80.5773105,28.5619345,972.156
          -80.5773123,28.5619318,985.642
          -80.5773141,28.5619290,999.043
          -80.5773159,28.5619263,1012.360
          -80.5773177,28.5619237,1025.594
          -80.5773195,28.5619210,1038.746
          -80.5773212,28.5619184,1051.817
          -80.5773229,28.5619159,1064.807
          -80.5773246,28.5619133,1077.719
          -80.5773262,28.5619108,1090.553
          -80.5773278,28.5619083,1103.309
          -80.5773295,28.5619059,1115.989
          -80.5773310,28.5619034,1128.593
          -80.5773326,28.5619010,1141.123
          -80.5773342,28.5618987,1153.578
          -80.5773357,28.5618963,1165.961
          -80.5773372,28.5618940,1178.271
          -80.5773387,28.5618917,1190.510
          -80.5773402,28.5618894,1202.677
          -80.5773416,28.5618872,1214.774
          -80.5773431,28.5618850,1226.802
          -80.5773445,28.5618828,1238.761
          -80.5773459,28.5618806,1250.652
          -80.5773473,28.5618785,1262.476
          -80.5773486,28.5618764,1274.232
          -80.5773500,28.5618743,1285.923
          -80.5773513,28.5618722,1297.548
          -80.5773526,28.5618702,1309.108
          -80.5773539,28.5618682,1320.603
          -80.5773552,28.5618662,1332.035
          -80.5773564,28.5618643,1343.403
          -80.5773577,28.5618623,1354.709
          -80.5773589,28.5618604,1365.953
          -80.5773601,28.5618585,1377.135
          -80.5773613,28.5618566,1388.256
          -80.5773624,28.5618548,1399.316
          -80.5773636,28.5618530,1410.316
          -80.5773647,28.5618512,1421.257
          -80.5773658,28.5618494,1432.139
          -80.5773670,28.5618477,1442.962
          -80.5773680,28.5618459,1453.726
          -80.5773691,28.5618442,1464.433
          -80.5773702,28.5618425,1475.083
          -80.5773712,28.5618408,1485.676
          -80.5773723,28.5618392,1496.213
          -80.5773733,28.5618376,1506.694
          -80.5773743,28.5618360,1517.119
          -80.5773753,28.5618343,1527.489
          -80.5773763,28.5618328,1537.804
          -80.5773772,28.5618312,1548.065
          -80.5773782,28.5618297,1558.272
          -80.5773791,28.5618282,1568.426
          -80.5773800,28.5618267,1578.527
          -80.5773809,28.5618253,1588.575
          -80.5773818,28.5618238,1598.570
          -80.5773827,28.5618224,1608.513
          -80.5773836,28.5618210,1618.405
          -80.5773845,28.5618196,1628.245
          -80.5773853,28.5618182,1638.035
          -80.5773861,28.5618169,1647.773
          -80.5773869,28.5618155,1657.462
          -80.5773877,28.5618142,1667.100
          -80.5773886,28.5618129,1676.688
          -80.5773894,28.5618116,1686.228
          -80.5773901,28.5618103,1695.718
          -80.5773909,28.5618091,1705.159
          -80.5773917,28.5618078,1714.552
          -80.5773924,28.5618066,1723.897
          -80.5773931,28.5618054,1733.194
          -80.5773939,28.5618042,1742.444
          -80.5773946,28.5618031,1751.646
          -80.5773953,28.5618019,1760.801
          -80.5773960,28.5618008,1769.909
          -80.5773967,28.5617997,1778.972
          -80.5773973,28.5617986,1787.988
          -80.5773980,28.5617975,1796.958
          -80.5773987,28.5617965,1805.882
          -80.5773993,28.5617954,1814.761
          -80.5773999,28.5617944,1823.595
          -80.5774006,28.5617933,1832.384
          -80.5774012,28.5617923,1841.128
          -80.5774018,28.5617913,1849.828
          -80.5774024,28.5617903,1858.484
          -80.5774030,28.5617894,1867.095
          -80.5774036,28.5617884,1875.664
          -80.5774042,28.5617875,1884.188
          -80.5774047,28.5617866,1892.670
          -80.5774053,28.5617857,1901.109
          -80.5774059,28.5617848,1909.504
          -80.5774064,28.5617839,1917.857
          -80.5774069,28.5617830,1926.168
          -80.5774075,28.5617822,1934.437
          -80.5774080,28.5617813,1942.664
          -80.5774085,28.5617805,1950.849
          -80.5774090,28.5617797,1958.993
          -80.5774095,28.5617789,1967.095
          -80.5774100,28.5617781,1975.156
          -80.5774105,28.5617773,1983.177
          -80.5774110,28.5617766,1991.157
          -80.5774115,28.5617758,1999.096
          -80.5774119,28.5617751,2006.995
          -80.5774124,28.5617743,2014.854
          -80.5774129,28.5617736,2022.673
          -80.5774133,28.5617729,2030.452
          -80.5774138,28.5617723,2038.191
          -80.5774142,28.5617716,2045.892
          -80.5774146,28.5617709,2053.552
          -80.5774150,28.5617703,2061.174
          -80.5774155,28.5617696,2068.757
          -80.5774159,28.5617690,2076.301
          -80.5774163,28.5617684,2083.807
          -80.5774167,28.5617677,2091.274
          -80.5774171,28.5617671,2098.704
          -80.5774175,28.5617665,2106.095
          -80.5774179,28.5617660,2113.448
          -80.5774183,28.5617654,2120.763
          -80.5774186,28.5617648,2128.041
          -80.5774190,28.5617643,2135.282
          -80.5774194,28.5617638,2142.485
          -80.5774197,28.5617633,2149.651
          -80.5774201,28.5617628,2156.780
          -80.5774204,28.5617623,2163.873
          -80.5774208,28.5617618,2170.928
          -80.5774211,28.5617613,2177.947
          -80.5774214,28.5617608,2184.930
          -80.5774218,28.5617603,2191.876
          -80.5774221,28.5617599,2198.786
          -80.5774224,28.5617594,2205.661
          -80.5774228,28.5617590,2212.499
          -80.5774231,28.5617585,2219.302
          -80.5774234,28.5617581,2226.069
          -80.5774237,28.5617577,2232.800
          -80.5774240,28.5617573,2239.497
          -80.5774243,28.5617569,2246.158
          -80.5774246,28.5617565,2252.784
          -80.5774249,28.5617562,2259.376
          -80.5774251,28.5617558,2265.932
          -80.5774254,28.5617554,2272.454
          -80.5774257,28.5617551,2278.941
          -80.5774260,28.5617548,2285.394
          -80.5774262,28.5617544,2291.812
          -80.5774265,28.5617541,2298.196
          -80.5774268,28.5617538,2304.546
          -80.5774270,28.5617535,2310.862
          -80.5774273,28.5617532,2317.145
          -80.5774275,28.5617529,2323.393
          -80.5774277,28.5617526,2329.608
          -80.5774280,28.5617524,2335.790
          -80.5774282,28.5617521,2341.938
          -80.5774284,28.5617519,2348.052
          -80.5774287,28.5617516,2354.134
          -80.5774289,28.5617514,2360.182
          -80.5774291,28.5617511,2366.197
          -80.5774294,28.5617509,2372.179
          -80.5774296,28.5617506,2378.128
          -80.5774298,28.5617504,2384.044
          -80.5774300,28.5617502,2389.928
          -80.5774302,28.5617500,2395.779
          -80.5774304,28.5617498,2401.599
          -80.5774306,28.5617496,2407.386
          -80.5774308,28.5617495,2413.140
          -80.5774310,28.5617493,2418.863
          -80.5774312,28.5617492,2424.554
          -80.5774314,28.5617491,2430.213
          -80.5774316,28.5617489,2435.840
          -80.5774317,28.5617488,2441.435
          -80.5774319,28.5617487,2446.998
          -80.5774321,28.5617485,2452.529
          -80.5774323,28.5617484,2458.029
          -80.5774325,28.5617482,2463.497
          -80.5774326,28.5617481,2468.935
          -80.5774328,28.5617480,2474.341
          -80.5774330,28.5617479,2479.716
          -80.5774331,28.5617479,2485.060
          -80.5774333,28.5617478,2490.373
          -80.5774334,28.5617477,2495.656
          -80.5774335,28.5617477,2500.907
          -80.5774337,28.5617476,2506.128
          -80.5774338,28.5617476,2511.318
          -80.5774340,28.5617475,2516.477
          -80.5774341,28.5617474,2521.605
          -80.5774343,28.5617474,2526.704
          -80.5774344,28.5617473,2531.771
          -80.5774346,28.5617473,2536.809
          -80.5774347,28.5617472,2541.816
          -80.5774348,28.5617472,2546.794
          -80.5774350,28.5617472,2551.741
          -80.5774351,28.5617472,2556.659
          -80.5774352,28.5617472,2561.546
          -80.5774353,28.5617473,2566.404
          -80.5774354,28.5617473,2571.232
          -80.5774355,28.5617473,2576.031
          -80.5774356,28.5617473,2580.800
          -80.5774357,28.5617473,2585.539
          -80.5774358,28.5617474,2590.248
          -80.5774359,28.5617474,2594.928
          -80.5774360,28.5617474,2599.579
          -80.5774362,28.5617475,2604.200
          -80.5774363,28.5617475,2608.793
          -80.5774364,28.5617475,2613.356
          -80.5774365,28.5617476,2617.890
          -80.5774365,28.5617477,2622.395
          -80.5774366,28.5617477,2626.871
          -80.5774367,28.5617478,2631.318
          -80.5774368,28.5617479,2635.736
          -80.5774369,28.5617480,2640.126
          -80.5774369,28.5617481,2644.487
          -80.5774370,28.5617482,2648.820
          -80.5774371,28.5617484,2653.123
          -80.5774372,28.5617485,2657.398
          -80.5774372,28.5617486,2661.645
          -80.5774373,28.5617487,2665.862
          -80.5774374,28.5617488,2670.052
          -80.5774374,28.5617489,2674.213
          -80.5774375,28.5617490,2678.345
          -80.5774376,28.5617491,2682.449
          -80.5774377,28.5617492,2686.525
          -80.5774377,28.5617493,2690.573
          -80.5774378,28.5617494,2694.593
          -80.5774379,28.5617496,2698.586
          -80.5774379,28.5617497,2702.550
          -80.5774380,28.5617499,2706.486
          -80.5774380,28.5617501,2710.395
          -80.5774380,28.5617502,2714.276
          -80.5774381,28.5617504,2718.129
          -80.5774381,28.5617506,2721.955
          -80.5774381,28.5617508,2725.753
          -80.5774382,28.5617510,2729.523
          -80.5774382,28.5617512,2733.266
          -80.5774382,28.5617514,2736.981
          -80.5774383,28.5617516,2740.668
          -80.5774383,28.5617518,2744.328
          -80.5774383,28.5617520,2747.961
          -80.5774384,28.5617522,2751.566
          -80.5774384,28.5617523,2755.143
          -80.5774384,28.5617525,2758.694
          -80.5774385,28.5617527,2762.217
          -80.5774385,28.5617529,2765.712
          -80.5774385,28.5617531,2769.181
          -80.5774386,28.5617533,2772.623
          -80.5774386,28.5617535,2776.038
          -80.5774386,28.5617537,2779.426
          -80.5774386,28.5617540,2782.787
          -80.5774386,28.5617542,2786.121
          -80.5774386,28.5617544,2789.428
          -80.5774387,28.5617547,2792.709
          -80.5774387,28.5617549,2795.963
          -80.5774387,28.5617552,2799.190
          -80.5774387,28.5617555,2802.391
          -80.5774387,28.5617557,2805.564
          -80.5774386,28.5617560,2808.712
          -80.5774386,28.5617563,2811.832
          -80.5774386,28.5617565,2814.926
          -80.5774386,28.5617568,2817.993
          -80.5774386,28.5617571,2821.034
          -80.5774386,28.5617574,2824.049
          -80.5774386,28.5617576,2827.036
          -80.5774386,28.5617579,2829.998
          -80.5774386,28.5617582,2832.933
          -80.5774386,28.5617585,2835.842
          -80.5774386,28.5617587,2838.724
          -80.5774386,28.5617590,2841.580
          -80.5774386,28.5617593,2844.410
          -80.5774385,28.5617596,2847.214
          -80.5774385,28.5617599,2849.992
          -80.5774385,28.5617602,2852.743
          -80.5774385,28.5617605,2855.469
          -80.5774385,28.5617608,2858.168
          -80.5774385,28.5617611,2860.842
          -80.5774384,28.5617614,2863.489
          -80.5774384,28.5617617,2866.111
          -80.5774384,28.5617621,2868.706
          -80.5774384,28.5617624,2871.276
          -80.5774383,28.5617627,2873.820
          -80.5774383,28.5617630,2876.338
          -80.5774383,28.5617633,2878.830
          -80.5774383,28.5617637,2881.296
          -80.5774382,28.5617640,2883.736
          -80.5774382,28.5617643,2886.151
          -80.5774382,28.5617646,2888.540
          -80.5774381,28.5617650,2890.904
          -80.5774381,28.5617653,2893.241
          -80.5774381,28.5617657,2895.553
          -80.5774380,28.5617660,2897.840
          -80.5774380,28.5617663,2900.101
          -80.5774379,28.5617667,2902.337
          -80.5774379,28.5617670,2904.547
          -80.5774378,28.5617674,2906.731
          -80.5774378,28.5617678,2908.890
          -80.5774378,28.5617681,2911.024
          -80.5774377,28.5617685,2913.132
          -80.5774377,28.5617689,2915.215
          -80.5774376,28.5617692,2917.273
          -80.5774375,28.5617696,2919.305
          -80.5774375,28.5617700,2921.312
          -80.5774374,28.5617704,2923.294
          -80.5774374,28.5617707,2925.250
          -80.5774373,28.5617711,2927.181
          -80.5774373,28.5617715,2929.087
          -80.5774372,28.5617719,2930.967
          -80.5774371,28.5617723,2932.822
          -80.5774371,28.5617727,2934.652
          -80.5774370,28.5617731,2936.457
          -80.5774370,28.5617735,2938.237
          -80.5774369,28.5617739,2939.992
          -80.5774368,28.5617742,2941.721
          -80.5774368,28.5617746,2943.425
          -80.5774367,28.5617750,2945.105
          -80.5774366,28.5617754,2946.759
          -80.5774366,28.5617758,2948.388
          -80.5774365,28.5617763,2949.992
          -80.5774364,28.5617767,2951.572
          -80.5774364,28.5617771,2953.126
          -80.5774363,28.5617775,2954.655
          -80.5774362,28.5617779,2956.160
          -80.5774362,28.5617783,2957.639
          -80.5774361,28.5617787,2959.094
          -80.5774360,28.5617791,2960.523
          -80.5774359,28.5617796,2961.928
          -80.5774359,28.5617800,2963.308
          -80.5774358,28.5617804,2964.663
          -80.5774357,28.5617808,2965.993
          -80.5774356,28.5617813,2967.298
          -80.5774355,28.5617817,2968.578
          -80.5774355,28.5617821,2969.834
          -80.5774354,28.5617825,2971.065
          -80.5774353,28.5617830,2972.271
          -80.5774352,28.5617834,2973.452
          -80.5774351,28.5617839,2974.609
          -80.5774351,28.5617843,2975.741
          -80.5774350,28.5617847,2976.848
          -80.5774349,28.5617852,2977.931
          -80.5774348,28.5617856,2978.989
          -80.5774347,28.5617861,2980.022
          -80.5774346,28.5617865,2981.031
          -80.5774345,28.5617870,2982.015
          -80.5774344,28.5617874,2982.975
          -80.5774343,28.5617879,2983.910
          -80.5774342,28.5617883,2984.820
          -80.5774341,28.5617888,2985.706
          -80.5774340,28.5617893,2986.567
          -80.5774339,28.5617898,2987.404
          -80.5774338,28.5617902,2988.216
          -80.5774337,28.5617907,2989.004
          -80.5774336,28.5617912,2989.768
          -80.5774335,28.5617917,2990.506
          -80.5774334,28.5617921,2991.221
          -80.5774333,28.5617926,2991.911
          -80.5774332,28.5617931,2992.576
          -80.5774331,28.5617936,2993.218
          -80.5774329,28.5617941,2993.834
          -80.5774328,28.5617946,2994.427
          -80.5774327,28.5617951,2994.995
          -80.5774326,28.5617956,2995.539
          -80.5774325,28.5617961,2996.058
          -80.5774324,28.5617966,2996.553
          -80.5774322,28.5617972,2997.024
          -80.5774321,28.5617977,2997.470
          -80.5774320,28.5617982,2997.893
          -80.5774318,28.5617987,2998.291
          -80.5774317,28.5617992,2998.665
          -80.5774316,28.5617998,2999.014
          -80.5774314,28.5618003,2999.340
          -80.5774313,28.5618009,2999.641
          -80.5774312,28.5618014,2999.918
          -80.5774310,28.5618020,3000.172
          -80.5774309,28.5618025,3000.401
          -80.5774307,28.5618031,3000.606
          -80.5774306,28.5618036,3000.787
          -80.5774304,28.5618042,3000.944
          -80.5774303,28.5618048,3001.077
          -80.5774301,28.5618053,3001.187
          -80.5774300,28.5618059,3001.272
          -80.5774298,28.5618065,3001.334
          -80.5774296,28.5618071,3001.373
          -80.5774295,28.5618077,3001.387
          -80.5774293,28.5618083,3001.379
          -80.5774291,28.5618089,3001.346
          -80.5774289,28.5618095,3001.290
          -80.5774288,28.5618101,3001.211
          -80.5774286,28.5618107,3001.109
          -80.5774284,28.5618114,3000.983
          -80.5774282,28.5618120,3000.834
          -80.5774280,28.5618126,3000.662
          -80.5774278,28.5618133,3000.467
          -80.5774277,28.5618139,3000.249
          -80.5774275,28.5618145,3000.008
          -80.5774273,28.5618152,2999.745
          -80.5774271,28.5618159,2999.459
          -80.5774269,28.5618165,2999.151
          -80.5774267,28.5618172,2998.820
          -80.5774265,28.5618178,2998.467
          -80.5774263,28.5618185,2998.091
          -80.5774261,28.5618191,2997.693
          -80.5774258,28.5618198,2997.273
          -80.5774256,28.5618205,2996.831
          -80.5774255,28.5618211,2996.367
          -80.5774252,28.5618218,2995.881
          -80.5774251,28.5618224,2995.372
          -80.5774248,28.5618231,2994.842
          -80.5774247,28.5618237,2994.289
          -80.5774245,28.5618244,2993.714
          -80.5774243,28.5618250,2993.117
          -80.5774241,28.5618256,2992.498
          -80.5774239,28.5618263,2991.855
          -80.5774237,28.5618269,2991.191
          -80.5774236,28.5618275,2990.503
          -80.5774234,28.5618281,2989.805
          -80.5774232,28.5618286,2989.098
          -80.5774231,28.5618292,2988.378
          -80.5774229,28.5618298,2987.644
          -80.5774228,28.5618303,2986.892
          -80.5774226,28.5618308,2986.120
          -80.5774225,28.5618314,2985.324
          -80.5774223,28.5618319,2984.502
          -80.5774222,28.5618325,2983.651
          -80.5774220,28.5618330,2982.773
          -80.5774219,28.5618336,2981.855
          -80.5774217,28.5618342,2980.893
          -80.5774215,28.5618348,2979.907
          -80.5774214,28.5618354,2978.896
          -80.5774212,28.5618360,2977.860
          -80.5774210,28.5618367,2976.800
          -80.5774208,28.5618374,2975.715
          -80.5774205,28.5618380,2974.669
          -80.5774203,28.5618387,2973.683
          -80.5774201,28.5618393,2972.700
          -80.5774199,28.5618400,2971.717
          -80.5774196,28.5618407,2970.732
          -80.5774194,28.5618414,2969.747
          -80.5774191,28.5618421,2968.766
          -80.5774188,28.5618428,2967.789
          -80.5774185,28.5618436,2966.818
          -80.5774183,28.5618443,2965.861
          -80.5774180,28.5618451,2964.914
          -80.5774176,28.5618458,2963.967
          -80.5774173,28.5618466,2963.022
          -80.5774170,28.5618474,2962.066
          -80.5774167,28.5618483,2961.031
          -80.5774162,28.5618493,2959.867
          -80.5774158,28.5618504,2958.529
          -80.5774152,28.5618517,2957.093
          -80.5774147,28.5618530,2955.633
          -80.5774142,28.5618542,2954.149
          -80.5774136,28.5618555,2952.641
          -80.5774131,28.5618568,2951.109
          -80.5774125,28.5618582,2949.553
          -80.5774120,28.5618595,2947.972
          -80.5774114,28.5618608,2946.369
          -80.5774108,28.5618620,2944.742
          -80.5774103,28.5618633,2943.092
          -80.5774098,28.5618646,2941.419
          -80.5774093,28.5618657,2939.938
          -80.5774090,28.5618666,2938.647
          -80.5774086,28.5618674,2937.477
          -80.5774083,28.5618681,2936.380
          -80.5774080,28.5618688,2935.338
          -80.5774078,28.5618694,2934.330
          -80.5774075,28.5618700,2933.332
          -80.5774073,28.5618706,2932.342
          -80.5774071,28.5618712,2931.354
          -80.5774069,28.5618718,2930.357
          -80.5774066,28.5618723,2929.339
          -80.5774064,28.5618729,2928.283
          -80.5774062,28.5618734,2927.171
          -80.5774060,28.5618740,2925.960
          -80.5774057,28.5618747,2924.599
          -80.5774055,28.5618754,2922.999
          -80.5774051,28.5618763,2921.088
          -80.5774048,28.5618771,2919.155
          -80.5774045,28.5618780,2917.198
          -80.5774042,28.5618788,2915.218
          -80.5774039,28.5618796,2913.214
          -80.5774037,28.5618804,2911.187
          -80.5774033,28.5618813,2909.136
          -80.5774030,28.5618821,2907.061
          -80.5774027,28.5618829,2905.229
          -80.5774025,28.5618836,2903.689
          -80.5774022,28.5618842,2902.292
          -80.5774020,28.5618848,2900.988
          -80.5774018,28.5618854,2899.765
          -80.5774016,28.5618859,2898.586
          -80.5774013,28.5618865,2897.424
          -80.5774011,28.5618871,2896.287
          -80.5774009,28.5618876,2895.168
          -80.5774007,28.5618882,2894.054
          -80.5774004,28.5618888,2892.931
          -80.5774001,28.5618894,2891.767
          -80.5773999,28.5618901,2890.537
          -80.5773995,28.5618908,2889.213
          -80.5773992,28.5618917,2887.746
          -80.5773988,28.5618926,2886.033
          -80.5773983,28.5618939,2883.916
          -80.5773977,28.5618952,2881.575
          -80.5773971,28.5618966,2879.210
          -80.5773965,28.5618980,2876.821
          -80.5773959,28.5618994,2874.410
          -80.5773953,28.5619008,2871.975
          -80.5773947,28.5619021,2869.518
          -80.5773942,28.5619033,2867.306
          -80.5773938,28.5619042,2865.530
          -80.5773934,28.5619050,2864.024
          -80.5773931,28.5619057,2862.636
          -80.5773929,28.5619064,2861.323
          -80.5773926,28.5619070,2860.053
          -80.5773924,28.5619075,2858.811
          -80.5773921,28.5619081,2857.589
          -80.5773919,28.5619087,2856.365
          -80.5773917,28.5619092,2855.101
          -80.5773915,28.5619098,2853.778
          -80.5773912,28.5619103,2852.390
          -80.5773910,28.5619109,2850.902
          -80.5773907,28.5619116,2849.250
          -80.5773904,28.5619123,2847.302
          -80.5773901,28.5619133,2844.736
          -80.5773897,28.5619142,2842.052
          -80.5773893,28.5619152,2839.346
          -80.5773889,28.5619162,2836.617
          -80.5773885,28.5619171,2833.865
          -80.5773881,28.5619181,2831.091
          -80.5773878,28.5619190,2828.688
          -80.5773875,28.5619198,2826.700
          -80.5773872,28.5619204,2824.981
          -80.5773870,28.5619210,2823.408
          -80.5773867,28.5619216,2821.898
          -80.5773865,28.5619222,2820.431
          -80.5773862,28.5619228,2818.992
          -80.5773860,28.5619234,2817.546
          -80.5773857,28.5619241,2816.060
          -80.5773854,28.5619248,2814.507
          -80.5773851,28.5619255,2812.848
          -80.5773847,28.5619263,2811.060
          -80.5773843,28.5619272,2809.078
          -80.5773838,28.5619283,2806.676
          -80.5773832,28.5619297,2803.687
          -80.5773826,28.5619312,2800.676
          -80.5773820,28.5619326,2797.642
          -80.5773813,28.5619340,2794.586
          -80.5773807,28.5619354,2791.507
          -80.5773802,28.5619365,2788.999
          -80.5773799,28.5619374,2786.906
          -80.5773795,28.5619382,2785.065
          -80.5773792,28.5619389,2783.356
          -80.5773789,28.5619396,2781.728
          -80.5773787,28.5619402,2780.156
          -80.5773784,28.5619408,2778.610
          -80.5773781,28.5619414,2777.054
          -80.5773779,28.5619420,2775.452
          -80.5773776,28.5619426,2773.736
          -80.5773774,28.5619433,2771.846
          -80.5773770,28.5619440,2769.686
          -80.5773767,28.5619449,2766.939
          -80.5773762,28.5619460,2763.677
          -80.5773758,28.5619471,2760.394
          -80.5773753,28.5619482,2757.088
          -80.5773749,28.5619493,2753.759
          -80.5773744,28.5619503,2750.677
          -80.5773741,28.5619511,2748.396
          -80.5773738,28.5619518,2746.408
          -80.5773735,28.5619524,2744.580
          -80.5773733,28.5619531,2742.844
          -80.5773730,28.5619537,2741.126
          -80.5773727,28.5619543,2739.393
          -80.5773724,28.5619550,2737.622
          -80.5773721,28.5619557,2735.771
          -80.5773718,28.5619565,2733.772
          -80.5773714,28.5619574,2731.517
          -80.5773709,28.5619586,2728.740
          -80.5773702,28.5619600,2725.230
          -80.5773696,28.5619615,2721.698
          -80.5773689,28.5619629,2718.144
          -80.5773683,28.5619643,2714.568
          -80.5773676,28.5619658,2710.971
          -80.5773672,28.5619668,2708.286
          -80.5773668,28.5619677,2705.969
          -80.5773665,28.5619685,2703.820
          -80.5773661,28.5619692,2701.787
          -80.5773658,28.5619699,2699.796
          -80.5773655,28.5619707,2697.763
          -80.5773652,28.5619714,2695.624
          -80.5773649,28.5619722,2693.281
          -80.5773645,28.5619731,2690.602
          -80.5773640,28.5619741,2687.252
          -80.5773635,28.5619753,2683.502
          -80.5773630,28.5619765,2679.731
          -80.5773625,28.5619777,2675.938
          -80.5773620,28.5619789,2672.124
          -80.5773615,28.5619799,2668.976
          -80.5773611,28.5619808,2666.286
          -80.5773608,28.5619816,2663.860
          -80.5773605,28.5619824,2661.567
          -80.5773601,28.5619832,2659.306
          -80.5773597,28.5619840,2657.004
          -80.5773593,28.5619849,2654.576
          -80.5773589,28.5619859,2651.717
          -80.5773583,28.5619873,2647.928
          -80.5773576,28.5619888,2643.960
          -80.5773569,28.5619903,2639.972
          -80.5773563,28.5619917,2635.963
          -80.5773556,28.5619932,2631.933
          -80.5773551,28.5619945,2628.405
          -80.5773546,28.5619955,2625.427
          -80.5773542,28.5619965,2622.559
          -80.5773537,28.5619974,2619.723
          -80.5773533,28.5619984,2616.774
          -80.5773529,28.5619994,2613.486
          -80.5773523,28.5620007,2609.622
          -80.5773517,28.5620019,2605.462
          -80.5773512,28.5620032,2601.282
          -80.5773506,28.5620045,2597.082
          -80.5773500,28.5620058,2592.860
          -80.5773495,28.5620072,2588.619
          -80.5773490,28.5620083,2585.182
          -80.5773485,28.5620093,2582.057
          -80.5773481,28.5620103,2579.011
          -80.5773476,28.5620114,2575.882
          -80.5773471,28.5620125,2572.460
          -80.5773464,28.5620139,2568.337
          -80.5773457,28.5620155,2563.979
          -80.5773450,28.5620170,2559.600
          -80.5773443,28.5620185,2555.201
          -80.5773437,28.5620200,2550.782
          -80.5773431,28.5620214,2546.758
          -80.5773426,28.5620224,2543.507
          -80.5773421,28.5620234,2540.573
          -80.5773417,28.5620243,2537.675
          -80.5773413,28.5620253,2534.602
          -80.5773408,28.5620263,2531.066
          -80.5773402,28.5620277,2526.542
          -80.5773396,28.5620291,2521.999
          -80.5773390,28.5620304,2517.436
          -80.5773384,28.5620318,2512.853
          -80.5773378,28.5620332,2508.250
          -80.5773372,28.5620344,2504.483
          -80.5773368,28.5620354,2501.310
          -80.5773363,28.5620363,2498.297
          -80.5773359,28.5620374,2495.123
          -80.5773353,28.5620385,2491.545
          -80.5773346,28.5620401,2486.855
          -80.5773339,28.5620417,2482.142
          -80.5773332,28.5620432,2477.409
          -80.5773325,28.5620448,2472.658
          -80.5773318,28.5620464,2467.887
          -80.5773312,28.5620477,2463.695
          -80.5773306,28.5620489,2459.998
          -80.5773301,28.5620500,2456.276
          -80.5773296,28.5620512,2452.304
          -80.5773289,28.5620527,2447.454
          -80.5773282,28.5620541,2442.585
          -80.5773276,28.5620556,2437.697
          -80.5773269,28.5620570,2432.790
          -80.5773263,28.5620585,2427.864
          -80.5773256,28.5620600,2422.919
          -80.5773249,28.5620614,2418.417
          -80.5773243,28.5620628,2413.849
          -80.5773235,28.5620644,2408.851
          -80.5773228,28.5620660,2403.833
          -80.5773221,28.5620676,2398.797
          -80.5773213,28.5620693,2393.742
          -80.5773206,28.5620709,2388.669
          -80.5773198,28.5620725,2383.578
          -80.5773192,28.5620739,2378.880
          -80.5773185,28.5620753,2374.335
          -80.5773178,28.5620768,2369.193
          -80.5773171,28.5620784,2364.033
          -80.5773164,28.5620799,2358.854
          -80.5773157,28.5620814,2353.657
          -80.5773150,28.5620830,2348.442
          -80.5773143,28.5620845,2343.209
          -80.5773136,28.5620860,2338.544
          -80.5773130,28.5620874,2333.775
          -80.5773122,28.5620891,2328.491
          -80.5773114,28.5620907,2323.188
          -80.5773106,28.5620924,2317.868
          -80.5773099,28.5620941,2312.530
          -80.5773091,28.5620958,2307.174
          -80.5773083,28.5620974,2301.801
          -80.5773076,28.5620990,2296.668
          -80.5773069,28.5621005,2291.521
          -80.5773062,28.5621021,2286.097
          -80.5773054,28.5621037,2280.656
          -80.5773047,28.5621053,2275.198
          -80.5773039,28.5621069,2269.721
          -80.5773032,28.5621085,2264.228
          -80.5773024,28.5621102,2258.716
          -80.5773017,28.5621117,2253.593
          -80.5773009,28.5621135,2248.048
          -80.5773000,28.5621152,2242.486
          -80.5772992,28.5621169,2236.907
          -80.5772984,28.5621187,2231.310
          -80.5772976,28.5621204,2225.697
          -80.5772968,28.5621221,2220.161
          -80.5772961,28.5621236,2215.146
          -80.5772953,28.5621253,2209.485
          -80.5772946,28.5621269,2203.807
          -80.5772938,28.5621286,2198.112
          -80.5772930,28.5621303,2192.400
          -80.5772922,28.5621320,2186.672
          -80.5772914,28.5621337,2180.927
          -80.5772906,28.5621354,2175.228
          -80.5772897,28.5621372,2169.450
          -80.5772889,28.5621390,2163.655
          -80.5772880,28.5621408,2157.843
          -80.5772872,28.5621425,2152.015
          -80.5772863,28.5621443,2146.171
          -80.5772855,28.5621461,2140.310
          -80.5772847,28.5621479,2134.434
          -80.5772838,28.5621496,2128.542
          -80.5772830,28.5621513,2122.633
          -80.5772822,28.5621531,2116.708
          -80.5772813,28.5621548,2110.768
          -80.5772805,28.5621566,2104.811
          -80.5772796,28.5621584,2098.838
          -80.5772788,28.5621603,2092.849
          -80.5772779,28.5621621,2086.844
          -80.5772770,28.5621640,2080.823
          -80.5772761,28.5621658,2074.787
          -80.5772752,28.5621677,2068.735
          -80.5772743,28.5621695,2062.667
          -80.5772734,28.5621713,2056.584
          -80.5772725,28.5621732,2050.486
          -80.5772717,28.5621750,2044.373
          -80.5772708,28.5621768,2038.244
          -80.5772699,28.5621786,2032.100
          -80.5772690,28.5621805,2025.940
          -80.5772681,28.5621823,2019.765
          -80.5772672,28.5621842,2013.574
          -80.5772663,28.5621861,2007.368
          -80.5772653,28.5621881,2001.148
          -80.5772644,28.5621900,1994.912
          -80.5772635,28.5621919,1988.661
          -80.5772625,28.5621938,1982.395
          -80.5772616,28.5621957,1976.115
          -80.5772607,28.5621976,1969.820
          -80.5772598,28.5621995,1963.511
          -80.5772589,28.5622013,1957.186
          -80.5772579,28.5622032,1950.847
          -80.5772570,28.5622052,1944.493
          -80.5772560,28.5622071,1938.125
          -80.5772550,28.5622091,1931.741
          -80.5772541,28.5622111,1925.344
          -80.5772531,28.5622131,1918.932
          -80.5772521,28.5622151,1912.505
          -80.5772511,28.5622170,1906.065
          -80.5772501,28.5622190,1899.610
          -80.5772492,28.5622209,1893.142
          -80.5772482,28.5622229,1886.659
          -80.5772472,28.5622249,1880.162
          -80.5772462,28.5622268,1873.651
          -80.5772452,28.5622288,1867.127
          -80.5772442,28.5622308,1860.588
          -80.5772432,28.5622329,1854.035
          -80.5772422,28.5622349,1847.468
          -80.5772412,28.5622370,1840.887
          -80.5772401,28.5622390,1834.293
          -80.5772391,28.5622410,1827.686
          -80.5772381,28.5622431,1821.064
          -80.5772371,28.5622451,1814.430
          -80.5772360,28.5622471,1807.782
          -80.5772350,28.5622492,1801.120
          -80.5772340,28.5622512,1794.445
          -80.5772329,28.5622533,1787.757
          -80.5772318,28.5622554,1781.055
          -80.5772308,28.5622575,1774.340
          -80.5772297,28.5622596,1767.612
          -80.5772286,28.5622617,1760.871
          -80.5772275,28.5622638,1754.116
          -80.5772264,28.5622659,1747.349
          -80.5772253,28.5622680,1740.569
          -80.5772243,28.5622701,1733.776
          -80.5772232,28.5622722,1726.970
          -80.5772221,28.5622743,1720.152
          -80.5772210,28.5622764,1713.321
          -80.5772199,28.5622786,1706.477
          -80.5772188,28.5622807,1699.620
          -80.5772177,28.5622829,1692.751
          -80.5772165,28.5622850,1685.869
          -80.5772154,28.5622872,1678.975
          -80.5772142,28.5622894,1672.068
          -80.5772131,28.5622916,1665.149
          -80.5772120,28.5622937,1658.218
          -80.5772108,28.5622959,1651.275
          -80.5772097,28.5622981,1644.319
          -80.5772085,28.5623003,1637.351
          -80.5772074,28.5623025,1630.371
          -80.5772062,28.5623047,1623.379
          -80.5772050,28.5623069,1616.375
          -80.5772038,28.5623091,1609.359
          -80.5772026,28.5623113,1602.331
          -80.5772014,28.5623136,1595.292
          -80.5772002,28.5623158,1588.240
          -80.5771990,28.5623181,1581.177
          -80.5771978,28.5623203,1574.102
          -80.5771966,28.5623225,1567.016
          -80.5771954,28.5623248,1559.918
          -80.5771942,28.5623270,1552.809
          -80.5771930,28.5623293,1545.688
          -80.5771918,28.5623315,1538.556
          -80.5771905,28.5623338,1531.412
          -80.5771893,28.5623361,1524.257
          -80.5771880,28.5623384,1517.091
          -80.5771867,28.5623407,1509.913
          -80.5771855,28.5623430,1502.725
          -80.5771842,28.5623453,1495.525
          -80.5771830,28.5623476,1488.315
          -80.5771817,28.5623499,1481.093
          -80.5771805,28.5623522,1473.861
          -80.5771792,28.5623545,1466.618
          -80.5771779,28.5623569,1459.363
          -80.5771765,28.5623592,1452.098
          -80.5771752,28.5623616,1444.822
          -80.5771739,28.5623640,1437.536
          -80.5771726,28.5623663,1430.239
          -80.5771713,28.5623686,1422.932
          -80.5771700,28.5623710,1415.614
          -80.5771687,28.5623733,1408.286
          -80.5771673,28.5623757,1400.947
          -80.5771660,28.5623781,1393.598
          -80.5771646,28.5623805,1386.238
          -80.5771633,28.5623829,1378.869
          -80.5771619,28.5623853,1371.489
          -80.5771606,28.5623877,1364.099
          -80.5771592,28.5623901,1356.698
          -80.5771578,28.5623925,1349.288
          -80.5771564,28.5623949,1341.868
          -80.5771550,28.5623973,1334.438
          -80.5771536,28.5623998,1326.998
          -80.5771522,28.5624022,1319.548
          -80.5771508,28.5624046,1312.089
          -80.5771494,28.5624070,1304.620
          -80.5771480,28.5624095,1297.141
          -80.5771466,28.5624120,1289.652
          -80.5771452,28.5624144,1282.154
          -80.5771437,28.5624169,1274.646
          -80.5771423,28.5624194,1267.129
          -80.5771408,28.5624219,1259.602
          -80.5771394,28.5624243,1252.066
          -80.5771379,28.5624268,1244.521
          -80.5771365,28.5624293,1236.967
          -80.5771350,28.5624318,1229.403
          -80.5771335,28.5624343,1221.830
          -80.5771320,28.5624368,1214.248
          -80.5771305,28.5624393,1206.657
          -80.5771290,28.5624419,1199.056
          -80.5771275,28.5624444,1191.447
          -80.5771260,28.5624469,1183.829
          -80.5771245,28.5624494,1176.203
          -80.5771230,28.5624519,1168.567
          -80.5771215,28.5624545,1160.923
          -80.5771200,28.5624570,1153.269
          -80.5771185,28.5624596,1145.607
          -80.5771169,28.5624621,1137.937
          -80.5771154,28.5624647,1130.258
          -80.5771138,28.5624673,1122.570
          -80.5771122,28.5624699,1114.874
          -80.5771107,28.5624724,1107.169
          -80.5771091,28.5624750,1099.457
          -80.5771076,28.5624775,1091.736
          -80.5771060,28.5624801,1084.006
          -80.5771044,28.5624827,1076.268
          -80.5771028,28.5624853,1068.522
          -80.5771012,28.5624879,1060.768
          -80.5770996,28.5624906,1053.006
          -80.5770980,28.5624932,1045.236
          -80.5770964,28.5624958,1037.458
          -80.5770948,28.5624984,1029.672
          -80.5770932,28.5625010,1021.878
          -80.5770916,28.5625037,1014.076
          -80.5770899,28.5625063,1006.266
          -80.5770883,28.5625089,998.449
          -80.5770867,28.5625116,990.623
          -80.5770850,28.5625142,982.791
          -80.5770834,28.5625168,974.950
          -80.5770818,28.5625195,967.102
          -80.5770801,28.5625221,959.247
          -80.5770784,28.5625248,951.384
          -80.5770768,28.5625275,943.513
          -80.5770751,28.5625301,935.635
          -80.5770734,28.5625328,927.750
          -80.5770717,28.5625355,919.857
          -80.5770700,28.5625382,911.957
          -80.5770684,28.5625409,904.050
          -80.5770667,28.5625435,896.136
          -80.5770650,28.5625462,888.215
          -80.5770633,28.5625489,880.287
          -80.5770616,28.5625516,872.352
          -80.5770599,28.5625543,864.409
          -80.5770595,28.5625550,862.489
          -80.5770588,28.5625560,859.607
          -80.5770579,28.5625574,855.282
          -80.5770573,28.5625584,852.591
          -80.5770570,28.5625588,851.153
          -80.5770568,28.5625592,850.120
          -80.5770566,28.5625595,849.285
          -80.5770564,28.5625597,848.579
          -80.5770563,28.5625599,847.966
          -80.5770562,28.5625601,847.421
          -80.5770561,28.5625603,846.932
          -80.5770560,28.5625604,846.489
          -80.5770559,28.5625606,846.080
          -80.5770558,28.5625607,845.681
          -80.5770557,28.5625608,845.283
          -80.5770556,28.5625610,844.884
          -80.5770556,28.5625611,844.486
          -80.5770555,28.5625613,844.087
          -80.5770554,28.5625614,843.689
          -80.5770553,28.5625615,843.290
          -80.5770552,28.5625617,842.892
          -80.5770551,28.5625618,842.493
          -80.5770550,28.5625619,842.094
          -80.5770550,28.5625621,841.696
          -80.5770549,28.5625622,841.297
          -80.5770548,28.5625623,840.898
          -80.5770547,28.5625625,840.500
          -80.5770546,28.5625626,840.101
          -80.5770545,28.5625627,839.702
          -80.5770544,28.5625629,839.303
          -80.5770544,28.5625630,838.905
          -80.5770543,28.5625631,838.506
          -80.5770542,28.5625633,838.107
          -80.5770541,28.5625634,837.708
          -80.5770540,28.5625635,837.310
          -80.5770539,28.5625637,836.911
          -80.5770539,28.5625638,836.512
          -80.5770538,28.5625639,836.113
          -80.5770537,28.5625640,835.714
          -80.5770536,28.5625642,835.316
          -80.5770535,28.5625643,834.917
          -80.5770535,28.5625644,834.518
          -80.5770534,28.5625646,834.119
          -80.5770533,28.5625647,833.721
          -80.5770532,28.5625648,833.322
          -80.5770532,28.5625649,832.923
          -80.5770531,28.5625650,832.525
          -80.5770530,28.5625652,832.126
          -80.5770529,28.5625653,831.728
          -80.5770529,28.5625654,831.330
          -80.5770528,28.5625655,830.932
          -80.5770527,28.5625656,830.534
          -80.5770527,28.5625657,830.136
          -80.5770526,28.5625658,829.738
          -80.5770525,28.5625659,829.341
          -80.5770525,28.5625660,828.944
          -80.5770524,28.5625661,828.547
          -80.5770523,28.5625662,828.151
          -80.5770523,28.5625663,827.755
          -80.5770522,28.5625664,827.359
          -80.5770522,28.5625665,826.964
          -80.5770522,28.5625666,826.569
          -80.5770521,28.5625666,826.176
          -80.5770521,28.5625667,825.782
          -80.5770520,28.5625668,825.390
          -80.5770520,28.5625668,824.998
          -80.5770519,28.5625669,824.607
          -80.5770519,28.5625670,824.217
          -80.5770519,28.5625670,823.828
          -80.5770519,28.5625671,823.440
          -80.5770518,28.5625671,823.053
          -80.5770518,28.5625672,822.667
          -80.5770518,28.5625672,822.283
          -80.5770518,28.5625673,821.899
          -80.5770517,28.5625673,821.517
          -80.5770517,28.5625674,821.135
          -80.5770517,28.5625674,820.755
          -80.5770517,28.5625675,820.376
          -80.5770516,28.5625675,819.998
          -80.5770516,28.5625676,819.621
          -80.5770515,28.5625677,819.245
          -80.5770515,28.5625677,818.869
          -80.5770515,28.5625678,818.495
          -80.5770514,28.5625679,818.121
          -80.5770514,28.5625679,817.748
          -80.5770513,28.5625680,817.376
          -80.5770513,28.5625681,817.004
          -80.5770513,28.5625682,816.633
          -80.5770512,28.5625683,816.262
          -80.5770511,28.5625684,815.891
          -80.5770511,28.5625684,815.521
          -80.5770510,28.5625685,815.151
          -80.5770510,28.5625686,814.781
          -80.5770509,28.5625687,814.411
          -80.5770508,28.5625689,814.042
          -80.5770508,28.5625690,813.672
          -80.5770507,28.5625691,813.303
          -80.5770506,28.5625692,812.840
          -80.5770505,28.5625693,812.450
          -80.5770505,28.5625694,812.081
          -80.5770504,28.5625696,811.711
          -80.5770503,28.5625697,811.342
          -80.5770502,28.5625698,810.973
          -80.5770502,28.5625699,810.604
          -80.5770501,28.5625700,810.234
          -80.5770500,28.5625701,809.865
          -80.5770499,28.5625703,809.432
          -80.5770499,28.5625704,809.062
          -80.5770498,28.5625705,808.693
          -80.5770497,28.5625706,808.323
          -80.5770496,28.5625707,807.954
          -80.5770496,28.5625708,807.585
          -80.5770495,28.5625709,807.215
          -80.5770494,28.5625711,806.846
          -80.5770493,28.5625712,806.476
          -80.5770493,28.5625713,806.107
          -80.5770492,28.5625714,805.738
          -80.5770491,28.5625715,805.369
          -80.5770491,28.5625716,805.000
          -80.5770490,28.5625717,804.631
          -80.5770489,28.5625718,804.262
          -80.5770489,28.5625719,803.893
          -80.5770488,28.5625720,803.524
          -80.5770488,28.5625721,803.155
          -80.5770487,28.5625722,802.787
          -80.5770486,28.5625723,802.418
          -80.5770486,28.5625724,802.050
          -80.5770485,28.5625725,801.681
          -80.5770485,28.5625726,801.313
          -80.5770484,28.5625727,800.945
          -80.5770484,28.5625727,800.577
          -80.5770483,28.5625728,800.208
          -80.5770483,28.5625729,799.840
          -80.5770482,28.5625730,799.472
          -80.5770482,28.5625731,799.104
          -80.5770481,28.5625732,798.736
          -80.5770480,28.5625733,798.368
          -80.5770480,28.5625733,798.000
          -80.5770480,28.5625734,797.632
          -80.5770479,28.5625735,797.264
          -80.5770479,28.5625736,796.895
          -80.5770478,28.5625737,796.527
          -80.5770478,28.5625737,796.159
          -80.5770477,28.5625738,795.791
          -80.5770476,28.5625739,795.238
          -80.5770476,28.5625741,794.744
          -80.5770475,28.5625741,794.376
          -80.5770475,28.5625742,794.007
          -80.5770474,28.5625743,793.639
          -80.5770474,28.5625744,793.270
          -80.5770473,28.5625745,792.902
          -80.5770473,28.5625745,792.533
          -80.5770472,28.5625746,792.165
          -80.5770472,28.5625747,791.797
          -80.5770471,28.5625748,791.428
          -80.5770471,28.5625749,791.060
          -80.5770470,28.5625750,790.691
          -80.5770470,28.5625750,790.323
          -80.5770469,28.5625751,789.954
          -80.5770469,28.5625752,789.586
          -80.5770468,28.5625753,789.217
          -80.5770467,28.5625754,788.849
          -80.5770467,28.5625755,788.480
          -80.5770466,28.5625756,788.112
          -80.5770466,28.5625757,787.743
          -80.5770465,28.5625758,787.375
          -80.5770465,28.5625759,787.006
          -80.5770464,28.5625760,786.638
          -80.5770463,28.5625761,786.269
          -80.5770463,28.5625762,785.901
          -80.5770462,28.5625763,785.532
          -80.5770461,28.5625763,785.164
          -80.5770461,28.5625764,784.795
          -80.5770460,28.5625765,784.427
          -80.5770460,28.5625766,784.058
          -80.5770459,28.5625767,783.690
          -80.5770458,28.5625768,783.321
          -80.5770458,28.5625769,782.953
          -80.5770457,28.5625770,782.584
          -80.5770456,28.5625771,782.215
          -80.5770456,28.5625772,781.847
          -80.5770455,28.5625774,781.460
          -80.5770454,28.5625775,780.879
          -80.5770453,28.5625777,780.008
          -80.5770452,28.5625778,779.639
          -80.5770451,28.5625779,779.271
          -80.5770451,28.5625781,778.902
          -80.5770450,28.5625782,778.533
          -80.5770449,28.5625783,778.164
          -80.5770449,28.5625783,777.795
          -80.5770448,28.5625784,777.426
          -80.5770448,28.5625785,777.057
          -80.5770447,28.5625786,776.688
          -80.5770446,28.5625787,776.319
          -80.5770446,28.5625788,775.950
          -80.5770445,28.5625789,775.581
          -80.5770445,28.5625790,775.211
          -80.5770444,28.5625791,774.842
          -80.5770443,28.5625792,774.473
          -80.5770443,28.5625793,774.104
          -80.5770442,28.5625794,773.735
          -80.5770442,28.5625795,773.366
          -80.5770441,28.5625796,772.997
          -80.5770440,28.5625797,772.628
          -80.5770440,28.5625798,772.259
          -80.5770439,28.5625799,771.890
          -80.5770439,28.5625800,771.520
          -80.5770438,28.5625801,771.151
          -80.5770437,28.5625802,770.782
          -80.5770437,28.5625802,770.413
          -80.5770436,28.5625803,770.044
          -80.5770436,28.5625804,769.674
          -80.5770435,28.5625805,769.305
          -80.5770435,28.5625806,768.936
          -80.5770434,28.5625807,768.567
          -80.5770434,28.5625808,768.197
          -80.5770433,28.5625809,767.828
          -80.5770432,28.5625810,767.459
          -80.5770432,28.5625811,767.068
          -80.5770431,28.5625812,766.487
          -80.5770430,28.5625814,765.616
          -80.5770429,28.5625815,765.237
          -80.5770429,28.5625816,764.868
          -80.5770428,28.5625817,764.498
          -80.5770428,28.5625818,764.128
          -80.5770427,28.5625818,763.759
          -80.5770426,28.5625819,763.389
          -80.5770426,28.5625820,763.019
          -80.5770425,28.5625821,762.650
          -80.5770425,28.5625822,762.280
          -80.5770424,28.5625823,761.910
          -80.5770424,28.5625824,761.540
          -80.5770423,28.5625825,761.170
          -80.5770422,28.5625826,760.801
          -80.5770422,28.5625827,760.431
          -80.5770421,28.5625828,760.061
          -80.5770421,28.5625828,759.691
          -80.5770420,28.5625829,759.321
          -80.5770420,28.5625830,758.951
          -80.5770419,28.5625831,758.581
          -80.5770418,28.5625832,758.211
          -80.5770418,28.5625833,757.841
          -80.5770417,28.5625834,757.471
          -80.5770417,28.5625835,757.101
          -80.5770416,28.5625836,756.731
          -80.5770415,28.5625837,756.361
          -80.5770415,28.5625838,755.990
          -80.5770414,28.5625839,755.620
          -80.5770414,28.5625840,755.250
          -80.5770413,28.5625841,754.880
          -80.5770412,28.5625842,754.510
          -80.5770412,28.5625843,754.139
          -80.5770411,28.5625844,753.769
          -80.5770410,28.5625845,753.399
          -80.5770410,28.5625846,753.028
          -80.5770409,28.5625847,752.652
          -80.5770408,28.5625848,752.169
          -80.5770407,28.5625850,751.445
          -80.5770405,28.5625853,750.357
          -80.5770405,28.5625854,749.987
          -80.5770404,28.5625855,749.616
          -80.5770403,28.5625856,749.245
          -80.5770403,28.5625857,748.875
          -80.5770402,28.5625858,748.504
          -80.5770402,28.5625859,748.133
          -80.5770401,28.5625860,747.763
          -80.5770400,28.5625861,747.392
          -80.5770400,28.5625862,747.021
          -80.5770399,28.5625863,746.650
          -80.5770399,28.5625864,746.279
          -80.5770398,28.5625865,745.908
          -80.5770397,28.5625866,745.537
          -80.5770397,28.5625866,745.167
          -80.5770396,28.5625867,744.796
          -80.5770396,28.5625868,744.425
          -80.5770395,28.5625869,744.054
          -80.5770394,28.5625870,743.683
          -80.5770394,28.5625871,743.312
          -80.5770393,28.5625872,742.941
          -80.5770393,28.5625873,742.570
          -80.5770392,28.5625874,742.199
          -80.5770391,28.5625875,741.827
          -80.5770391,28.5625876,741.456
          -80.5770390,28.5625877,741.085
          -80.5770390,28.5625878,740.714
          -80.5770389,28.5625879,740.343
          -80.5770389,28.5625880,739.972
          -80.5770388,28.5625880,739.600
          -80.5770387,28.5625881,739.229
          -80.5770387,28.5625882,738.858
          -80.5770386,28.5625883,738.486
          -80.5770386,28.5625884,738.115
          -80.5770385,28.5625885,737.669
          -80.5770384,28.5625887,737.054
          -80.5770383,28.5625889,736.131
          -80.5770381,28.5625891,735.221
          -80.5770381,28.5625892,734.849
          -80.5770380,28.5625893,734.477
          -80.5770379,28.5625894,734.106
          -80.5770379,28.5625895,733.734
          -80.5770378,28.5625896,733.362
          -80.5770378,28.5625897,732.990
          -80.5770377,28.5625898,732.619
          -80.5770377,28.5625899,732.247
          -80.5770376,28.5625900,731.875
          -80.5770375,28.5625901,731.503
          -80.5770375,28.5625901,731.131
          -80.5770374,28.5625902,730.759
          -80.5770374,28.5625903,730.387
          -80.5770373,28.5625904,730.015
          -80.5770372,28.5625905,729.643
          -80.5770372,28.5625906,729.271
          -80.5770371,28.5625907,728.899
          -80.5770371,28.5625908,728.527
          -80.5770370,28.5625909,728.155
          -80.5770369,28.5625910,727.783
          -80.5770369,28.5625911,727.411
          -80.5770368,28.5625912,727.039
          -80.5770368,28.5625913,726.667
          -80.5770367,28.5625914,726.294
          -80.5770366,28.5625915,725.922
          -80.5770366,28.5625916,725.550
          -80.5770365,28.5625917,725.177
          -80.5770364,28.5625918,724.805
          -80.5770364,28.5625919,724.433
          -80.5770363,28.5625920,724.060
          -80.5770363,28.5625921,723.688
          -80.5770362,28.5625922,723.259
          -80.5770361,28.5625923,722.720
          -80.5770360,28.5625925,721.912
          -80.5770358,28.5625928,720.700
          -80.5770357,28.5625930,720.235
          -80.5770356,28.5625931,719.863
          -80.5770356,28.5625932,719.490
          -80.5770355,28.5625933,719.117
          -80.5770354,28.5625934,718.744
          -80.5770354,28.5625935,718.371
          -80.5770353,28.5625936,717.999
          -80.5770353,28.5625937,717.626
          -80.5770352,28.5625937,717.253
          -80.5770351,28.5625938,716.880
          -80.5770351,28.5625939,716.507
          -80.5770350,28.5625940,716.134
          -80.5770350,28.5625941,715.761
          -80.5770349,28.5625942,715.388
          -80.5770348,28.5625943,715.015
          -80.5770348,28.5625944,714.642
          -80.5770347,28.5625945,714.269
          -80.5770346,28.5625946,713.895
          -80.5770346,28.5625947,713.522
          -80.5770345,28.5625948,713.149
          -80.5770345,28.5625949,712.776
          -80.5770344,28.5625950,712.403
          -80.5770343,28.5625951,712.029
          -80.5770343,28.5625952,711.656
          -80.5770342,28.5625953,711.283
          -80.5770342,28.5625954,710.909
          -80.5770341,28.5625955,710.536
          -80.5770341,28.5625956,710.163
          -80.5770340,28.5625957,709.789
          -80.5770339,28.5625958,709.416
          -80.5770339,28.5625958,709.033
          -80.5770338,28.5625959,708.598
          -80.5770337,28.5625961,708.073
          -80.5770336,28.5625963,707.359
          -80.5770334,28.5625965,706.289
          -80.5770332,28.5625969,704.907
          -80.5770332,28.5625970,704.533
          -80.5770331,28.5625971,704.159
          -80.5770330,28.5625972,703.785
          -80.5770330,28.5625973,703.412
          -80.5770329,28.5625973,703.038
          -80.5770329,28.5625974,702.664
          -80.5770328,28.5625975,702.290
          -80.5770327,28.5625976,701.916
          -80.5770327,28.5625977,701.542
          -80.5770326,28.5625978,701.167
          -80.5770326,28.5625979,700.793
          -80.5770325,28.5625980,700.419
          -80.5770324,28.5625981,700.045
          -80.5770324,28.5625982,699.671
          -80.5770323,28.5625983,699.297
          -80.5770323,28.5625984,698.922
          -80.5770322,28.5625985,698.548
          -80.5770321,28.5625986,698.174
          -80.5770321,28.5625987,697.799
          -80.5770320,28.5625988,697.425
          -80.5770320,28.5625989,697.051
          -80.5770319,28.5625990,696.676
          -80.5770318,28.5625991,696.302
          -80.5770318,28.5625992,695.927
          -80.5770317,28.5625993,695.553
          -80.5770316,28.5625994,695.178
          -80.5770316,28.5625995,694.804
          -80.5770315,28.5625996,694.429
          -80.5770315,28.5625997,694.017
          -80.5770314,28.5625998,693.546
          -80.5770313,28.5625999,692.972
          -80.5770311,28.5626001,692.177
          -80.5770309,28.5626005,690.984
          -80.5770308,28.5626007,689.865
          -80.5770307,28.5626009,689.456
          -80.5770306,28.5626009,689.081
          -80.5770306,28.5626010,688.706
          -80.5770305,28.5626011,688.331
          -80.5770304,28.5626012,687.956
          -80.5770304,28.5626013,687.580
          -80.5770303,28.5626014,687.205
          -80.5770303,28.5626015,686.830
          -80.5770302,28.5626016,686.455
          -80.5770301,28.5626017,686.080
          -80.5770301,28.5626018,685.705
          -80.5770300,28.5626019,685.329
          -80.5770300,28.5626020,684.954
          -80.5770299,28.5626021,684.579
          -80.5770298,28.5626022,684.203
          -80.5770298,28.5626023,683.828
          -80.5770297,28.5626024,683.453
          -80.5770296,28.5626025,683.077
          -80.5770296,28.5626026,682.702
          -80.5770295,28.5626027,682.326
          -80.5770295,28.5626028,681.951
          -80.5770294,28.5626029,681.575
          -80.5770293,28.5626030,681.200
          -80.5770293,28.5626031,680.824
          -80.5770292,28.5626032,680.448
          -80.5770292,28.5626033,680.073
          -80.5770291,28.5626034,679.697
          -80.5770290,28.5626035,679.279
          -80.5770290,28.5626036,678.795
          -80.5770289,28.5626037,678.218
          -80.5770287,28.5626039,677.447
          -80.5770286,28.5626042,676.291
          -80.5770283,28.5626047,674.556
          -80.5770282,28.5626048,674.160
          -80.5770282,28.5626049,673.784
          -80.5770281,28.5626050,673.408
          -80.5770280,28.5626050,673.031
          -80.5770280,28.5626051,672.655
          -80.5770279,28.5626052,672.279
          -80.5770278,28.5626053,671.903
          -80.5770278,28.5626054,671.526
          -80.5770277,28.5626055,671.150
          -80.5770277,28.5626056,670.774
          -80.5770276,28.5626057,670.397
          -80.5770275,28.5626058,670.021
          -80.5770275,28.5626059,669.645
          -80.5770274,28.5626060,669.268
          -80.5770274,28.5626061,668.892
          -80.5770273,28.5626062,668.515
          -80.5770272,28.5626063,668.139
          -80.5770272,28.5626064,667.762
          -80.5770271,28.5626065,667.386
          -80.5770270,28.5626066,667.009
          -80.5770270,28.5626067,666.632
          -80.5770269,28.5626068,666.256
          -80.5770269,28.5626069,665.879
          -80.5770268,28.5626070,665.502
          -80.5770267,28.5626071,665.126
          -80.5770267,28.5626072,664.726
          -80.5770266,28.5626073,664.263
          -80.5770265,28.5626074,663.711
          -80.5770264,28.5626076,663.032
          -80.5770262,28.5626079,662.044
          -80.5770260,28.5626083,660.562
          -80.5770258,28.5626085,659.653
          -80.5770257,28.5626086,659.161
          -80.5770257,28.5626087,658.763
          -80.5770256,28.5626088,658.386
          -80.5770256,28.5626089,658.009
          -80.5770255,28.5626090,657.631
          -80.5770254,28.5626091,657.254
          -80.5770254,28.5626092,656.877
          -80.5770253,28.5626093,656.499
          -80.5770252,28.5626094,656.122
          -80.5770252,28.5626095,655.744
          -80.5770251,28.5626096,655.367
          -80.5770251,28.5626097,654.989
          -80.5770250,28.5626098,654.612
          -80.5770249,28.5626099,654.234
          -80.5770249,28.5626100,653.857
          -80.5770248,28.5626101,653.479
          -80.5770248,28.5626102,653.102
          -80.5770247,28.5626103,652.724
          -80.5770246,28.5626104,652.346
          -80.5770246,28.5626105,651.968
          -80.5770245,28.5626106,651.591
          -80.5770244,28.5626107,651.213
          -80.5770244,28.5626108,650.835
          -80.5770243,28.5626109,650.457
          -80.5770243,28.5626110,650.080
          -80.5770242,28.5626111,649.657
          -80.5770241,28.5626112,649.162
          -80.5770240,28.5626113,648.563
          -80.5770239,28.5626115,647.803
          -80.5770237,28.5626118,646.664
          -80.5770234,28.5626123,644.954
          -80.5770233,28.5626124,644.325
          -80.5770232,28.5626125,643.868
          -80.5770232,28.5626126,643.471
          -80.5770231,28.5626127,643.092
          -80.5770231,28.5626128,642.714
          -80.5770230,28.5626129,642.335
          -80.5770229,28.5626130,641.957
          -80.5770229,28.5626131,641.579
          -80.5770228,28.5626132,641.200
          -80.5770228,28.5626133,640.822
          -80.5770227,28.5626134,640.443
          -80.5770226,28.5626135,640.064
          -80.5770226,28.5626136,639.686
          -80.5770225,28.5626137,639.307
          -80.5770224,28.5626138,638.928
          -80.5770224,28.5626139,638.550
          -80.5770223,28.5626140,638.171
          -80.5770223,28.5626141,637.792
          -80.5770222,28.5626142,637.414
          -80.5770221,28.5626143,637.035
          -80.5770221,28.5626144,636.656
          -80.5770220,28.5626145,636.277
          -80.5770219,28.5626146,635.898
          -80.5770219,28.5626147,635.519
          -80.5770218,28.5626148,635.117
          -80.5770217,28.5626149,634.661
          -80.5770217,28.5626150,634.123
          -80.5770215,28.5626152,633.437
          -80.5770214,28.5626155,632.500
          -80.5770211,28.5626158,631.095
          -80.5770209,28.5626163,629.470
          -80.5770208,28.5626164,628.979
          -80.5770207,28.5626165,628.548
          -80.5770207,28.5626166,628.155
          -80.5770206,28.5626167,627.775
          -80.5770205,28.5626168,627.396
          -80.5770205,28.5626169,627.016
          -80.5770204,28.5626170,626.637
          -80.5770203,28.5626171,626.257
          -80.5770203,28.5626172,625.878
          -80.5770202,28.5626173,625.498
          -80.5770201,28.5626174,625.118
          -80.5770201,28.5626175,624.739
          -80.5770200,28.5626176,624.359
          -80.5770200,28.5626177,623.979
          -80.5770199,28.5626178,623.599
          -80.5770198,28.5626179,623.219
          -80.5770198,28.5626180,622.840
          -80.5770197,28.5626181,622.460
          -80.5770197,28.5626182,622.080
          -80.5770196,28.5626183,621.700
          -80.5770195,28.5626184,621.320
          -80.5770195,28.5626185,620.923
          -80.5770194,28.5626186,620.490
          -80.5770193,28.5626187,620.011
          -80.5770192,28.5626188,619.459
          -80.5770191,28.5626190,618.785
          -80.5770190,28.5626192,617.926
          -80.5770188,28.5626196,616.638
          -80.5770184,28.5626200,614.705
          -80.5770183,28.5626202,613.928
          -80.5770182,28.5626204,613.367
          -80.5770181,28.5626205,612.879
          -80.5770181,28.5626206,612.439
          -80.5770180,28.5626207,612.032
          -80.5770179,28.5626208,611.649
          -80.5770179,28.5626209,611.268
          -80.5770178,28.5626210,610.887
          -80.5770178,28.5626211,610.507
          -80.5770177,28.5626212,610.126
          -80.5770176,28.5626213,609.745
          -80.5770176,28.5626214,609.364
          -80.5770175,28.5626215,608.984
          -80.5770174,28.5626216,608.603
          -80.5770174,28.5626217,608.222
          -80.5770173,28.5626218,607.841
          -80.5770173,28.5626219,607.460
          -80.5770172,28.5626220,607.079
          -80.5770171,28.5626221,606.698
          -80.5770171,28.5626222,606.317
          -80.5770170,28.5626223,605.933
          -80.5770169,28.5626224,605.524
          -80.5770169,28.5626225,605.081
          -80.5770168,28.5626226,604.588
          -80.5770167,28.5626228,604.021
          -80.5770166,28.5626230,603.326
          -80.5770164,28.5626232,602.393
          -80.5770162,28.5626236,600.993
          -80.5770158,28.5626241,598.892
          -80.5770157,28.5626243,598.231
          -80.5770156,28.5626244,597.686
          -80.5770155,28.5626246,597.201
          -80.5770155,28.5626247,596.756
          -80.5770154,28.5626248,596.337
          -80.5770153,28.5626249,595.938
          -80.5770153,28.5626250,595.556
          -80.5770152,28.5626251,595.174
          -80.5770151,28.5626252,594.792
          -80.5770151,28.5626253,594.410
          -80.5770150,28.5626254,594.028
          -80.5770150,28.5626255,593.646
          -80.5770149,28.5626256,593.264
          -80.5770148,28.5626257,592.882
          -80.5770148,28.5626258,592.500
          -80.5770147,28.5626259,592.118
          -80.5770146,28.5626260,591.736
          -80.5770146,28.5626261,591.348
          -80.5770145,28.5626262,590.942
          -80.5770144,28.5626263,590.509
          -80.5770144,28.5626264,590.038
          -80.5770143,28.5626265,589.512
          -80.5770142,28.5626267,588.902
          -80.5770141,28.5626269,588.141
          -80.5770139,28.5626272,587.060
          -80.5770136,28.5626276,585.439
          -80.5770134,28.5626280,583.850
          -80.5770132,28.5626282,583.168
          -80.5770132,28.5626283,582.605
          -80.5770131,28.5626284,582.098
          -80.5770130,28.5626285,581.626
          -80.5770129,28.5626287,581.182
          -80.5770128,28.5626288,580.754
          -80.5770128,28.5626289,580.339
          -80.5770127,28.5626290,579.934
          -80.5770126,28.5626291,579.534
          -80.5770126,28.5626292,579.140
          -80.5770125,28.5626293,578.746
          -80.5770124,28.5626294,578.353
          -80.5770124,28.5626295,577.955
          -80.5770123,28.5626296,577.548
          -80.5770122,28.5626297,577.131
          -80.5770122,28.5626298,576.696
          -80.5770121,28.5626299,576.238
          -80.5770120,28.5626301,575.748
          -80.5770119,28.5626302,575.213
          -80.5770118,28.5626304,574.614
          -80.5770117,28.5626305,573.905
          -80.5770116,28.5626308,573.000
          -80.5770113,28.5626311,571.643
          -80.5770110,28.5626317,569.606
          -80.5770108,28.5626319,568.488
          -80.5770107,28.5626321,567.751
          -80.5770106,28.5626323,567.136
          -80.5770105,28.5626324,566.586
          -80.5770104,28.5626326,566.077
          -80.5770103,28.5626327,565.599
          -80.5770102,28.5626328,565.137
          -80.5770102,28.5626329,564.688
          -80.5770101,28.5626330,564.252
          -80.5770100,28.5626331,563.820
          -80.5770100,28.5626333,563.393
          -80.5770099,28.5626334,562.961
          -80.5770098,28.5626335,562.524
          -80.5770097,28.5626336,562.077
          -80.5770097,28.5626337,561.613
          -80.5770096,28.5626338,561.128
          -80.5770095,28.5626340,560.611
          -80.5770094,28.5626341,560.047
          -80.5770093,28.5626343,559.416
          -80.5770092,28.5626345,558.657
          -80.5770090,28.5626347,557.660
          -80.5770088,28.5626351,556.164
          -80.5770084,28.5626357,553.976
          -80.5770083,28.5626359,553.070
          -80.5770081,28.5626361,552.374
          -80.5770080,28.5626362,551.774
          -80.5770080,28.5626364,551.224
          -80.5770079,28.5626365,550.704
          -80.5770078,28.5626366,550.207
          -80.5770077,28.5626368,549.721
          -80.5770076,28.5626369,549.244
          -80.5770075,28.5626370,548.774
          -80.5770075,28.5626371,548.299
          -80.5770074,28.5626372,547.821
          -80.5770073,28.5626374,547.333
          -80.5770072,28.5626375,546.827
          -80.5770071,28.5626376,546.294
          -80.5770070,28.5626378,545.720
          -80.5770069,28.5626379,545.089
          -80.5770068,28.5626381,544.361
          -80.5770067,28.5626384,543.470
          -80.5770065,28.5626387,542.273
          -80.5770062,28.5626391,540.479
          -80.5770059,28.5626396,538.732
          -80.5770057,28.5626399,537.612
          -80.5770055,28.5626401,536.793
          -80.5770054,28.5626403,536.089
          -80.5770053,28.5626404,535.457
          -80.5770052,28.5626406,534.872
          -80.5770051,28.5626407,534.312
          -80.5770050,28.5626409,533.770
          -80.5770050,28.5626410,533.238
          -80.5770049,28.5626411,532.710
          -80.5770048,28.5626413,532.174
          -80.5770047,28.5626414,531.627
          -80.5770046,28.5626416,531.060
          -80.5770045,28.5626417,530.462
          -80.5770044,28.5626419,529.813
          -80.5770043,28.5626421,529.082
          -80.5770041,28.5626423,528.221
          -80.5770039,28.5626426,527.089
          -80.5770037,28.5626430,525.391
          -80.5770033,28.5626435,523.415
          -80.5770031,28.5626438,522.196
          -80.5770030,28.5626440,521.353
          -80.5770029,28.5626442,520.643
          -80.5770028,28.5626444,519.996
          -80.5770027,28.5626445,519.390
          -80.5770026,28.5626447,518.810
          -80.5770025,28.5626448,518.244
          -80.5770024,28.5626450,517.681
          -80.5770023,28.5626451,517.121
          -80.5770022,28.5626453,516.549
          -80.5770021,28.5626454,515.955
          -80.5770020,28.5626456,515.331
          -80.5770019,28.5626458,514.653
          -80.5770018,28.5626460,513.892
          -80.5770016,28.5626462,512.994
          -80.5770014,28.5626465,511.899
          -80.5770012,28.5626469,510.373
          -80.5770008,28.5626475,508.085
          -80.5770005,28.5626479,506.478
          -80.5770003,28.5626482,505.277
          -80.5770002,28.5626484,504.416
          -80.5770001,28.5626486,503.696
          -80.5769999,28.5626488,503.050
          -80.5769999,28.5626489,502.450
          -80.5769997,28.5626491,501.875
          -80.5769997,28.5626492,501.316
          -80.5769996,28.5626493,500.769
          -80.5769995,28.5626495,500.222
          -80.5769994,28.5626496,499.665
          -80.5769993,28.5626498,499.094
          -80.5769992,28.5626499,498.497
          -80.5769991,28.5626501,497.856
          -80.5769990,28.5626503,497.147
          -80.5769988,28.5626505,496.311
          -80.5769987,28.5626508,495.213
          -80.5769984,28.5626512,493.566
          -80.5769980,28.5626517,491.602
          -80.5769979,28.5626520,490.382
          -80.5769977,28.5626522,489.553
          -80.5769976,28.5626524,488.854
          -80.5769975,28.5626526,488.218
          -80.5769974,28.5626527,487.626
          -80.5769973,28.5626528,487.057
          -80.5769972,28.5626530,486.505
          -80.5769971,28.5626531,485.960
          -80.5769970,28.5626533,485.414
          -80.5769969,28.5626534,484.861
          -80.5769968,28.5626536,484.290
          -80.5769967,28.5626537,483.697
          -80.5769966,28.5626539,483.057
          -80.5769965,28.5626541,482.356
          -80.5769964,28.5626543,481.546
          -80.5769962,28.5626545,480.559
          -80.5769960,28.5626549,479.152
          -80.5769956,28.5626554,477.041
          -80.5769954,28.5626558,475.483
          -80.5769952,28.5626561,474.502
          -80.5769951,28.5626563,473.721
          -80.5769950,28.5626565,473.039
          -80.5769949,28.5626566,472.412
          -80.5769948,28.5626568,471.818
          -80.5769947,28.5626569,471.243
          -80.5769946,28.5626571,470.681
          -80.5769945,28.5626572,470.123
          -80.5769944,28.5626574,469.557
          -80.5769943,28.5626575,468.981
          -80.5769942,28.5626577,468.379
          -80.5769941,28.5626578,467.739
          -80.5769940,28.5626580,467.035
          -80.5769938,28.5626582,466.235
          -80.5769937,28.5626585,465.248
          -80.5769934,28.5626588,463.812
          -80.5769931,28.5626594,461.657
          -80.5769928,28.5626598,460.135
          -80.5769927,28.5626600,459.210
          -80.5769925,28.5626602,458.447
          -80.5769924,28.5626604,457.763
          -80.5769923,28.5626605,457.117
          -80.5769922,28.5626607,456.496
          -80.5769921,28.5626609,455.887
          -80.5769920,28.5626610,455.281
          -80.5769919,28.5626612,454.667
          -80.5769918,28.5626613,454.035
          -80.5769917,28.5626615,453.373
          -80.5769916,28.5626617,452.657
          -80.5769914,28.5626619,451.860
          -80.5769913,28.5626621,450.912
          -80.5769911,28.5626625,449.672
          -80.5769908,28.5626629,447.813
          -80.5769905,28.5626634,445.969
          -80.5769902,28.5626638,444.469
          -80.5769900,28.5626640,443.518
          -80.5769899,28.5626643,442.709
          -80.5769898,28.5626644,441.979
          -80.5769897,28.5626646,441.293
          -80.5769896,28.5626648,440.633
          -80.5769894,28.5626650,439.981
          -80.5769893,28.5626651,439.327
          -80.5769892,28.5626653,438.659
          -80.5769891,28.5626655,437.956
          -80.5769890,28.5626657,437.193
          -80.5769888,28.5626659,436.341
          -80.5769887,28.5626661,435.322
          -80.5769884,28.5626665,433.947
          -80.5769881,28.5626670,431.884
          -80.5769878,28.5626675,430.148
          -80.5769876,28.5626678,428.790
          -80.5769874,28.5626681,427.832
          -80.5769873,28.5626683,427.007
          -80.5769872,28.5626685,426.256
          -80.5769871,28.5626686,425.552
          -80.5769869,28.5626688,424.866
          -80.5769868,28.5626690,424.186
          -80.5769867,28.5626692,423.504
          -80.5769866,28.5626694,422.798
          -80.5769865,28.5626695,422.043
          -80.5769863,28.5626698,421.217
          -80.5769862,28.5626700,420.255
          -80.5769860,28.5626703,419.035
          -80.5769856,28.5626708,417.204
          -80.5769853,28.5626713,415.312
          -80.5769851,28.5626717,413.679
          -80.5769849,28.5626720,412.709
          -80.5769848,28.5626722,411.884
          -80.5769846,28.5626724,411.133
          -80.5769845,28.5626725,410.424
          -80.5769844,28.5626727,409.744
          -80.5769843,28.5626729,409.068
          -80.5769842,28.5626731,408.382
          -80.5769841,28.5626732,407.677
          -80.5769839,28.5626734,406.930
          -80.5769838,28.5626737,406.111
          -80.5769836,28.5626739,405.163
          -80.5769834,28.5626742,403.957
          -80.5769831,28.5626747,402.148
          -80.5769828,28.5626752,400.205
          -80.5769825,28.5626756,398.601
          -80.5769824,28.5626758,397.628
          -80.5769822,28.5626760,396.811
          -80.5769821,28.5626762,396.071
          -80.5769820,28.5626764,395.358
          -80.5769819,28.5626766,394.658
          -80.5769818,28.5626768,393.953
          -80.5769816,28.5626770,393.222
          -80.5769815,28.5626771,392.450
          -80.5769814,28.5626774,391.594
          -80.5769812,28.5626776,390.597
          -80.5769810,28.5626780,389.304
          -80.5769807,28.5626785,387.365
          -80.5769804,28.5626789,385.506
          -80.5769801,28.5626794,383.822
          -80.5769799,28.5626797,382.615
          -80.5769797,28.5626799,381.613
          -80.5769796,28.5626802,380.715
          -80.5769794,28.5626804,379.845
          -80.5769793,28.5626806,378.989
          -80.5769791,28.5626808,378.114
          -80.5769790,28.5626811,377.182
          -80.5769788,28.5626813,376.146
          -80.5769786,28.5626817,374.906
          -80.5769783,28.5626821,373.161
          -80.5769779,28.5626827,371.016
          -80.5769776,28.5626831,369.219
          -80.5769773,28.5626836,367.483
          -80.5769771,28.5626839,366.208
          -80.5769769,28.5626842,365.072
          -80.5769768,28.5626845,363.976
          -80.5769766,28.5626847,362.921
          -80.5769764,28.5626850,361.884
          -80.5769762,28.5626853,360.830
          -80.5769760,28.5626856,359.672
          -80.5769758,28.5626859,358.317
          -80.5769755,28.5626864,356.439
          -80.5769751,28.5626870,354.206
          -80.5769748,28.5626875,352.104
          -80.5769745,28.5626879,350.661
          -80.5769743,28.5626882,349.545
          -80.5769742,28.5626884,348.530
          -80.5769740,28.5626887,347.572
          -80.5769739,28.5626889,346.621
          -80.5769737,28.5626892,345.639
          -80.5769735,28.5626894,344.588
          -80.5769733,28.5626897,343.379
          -80.5769731,28.5626901,341.825
          -80.5769727,28.5626907,339.494
          -80.5769723,28.5626913,337.237
          -80.5769720,28.5626917,335.629
          -80.5769718,28.5626920,334.472
          -80.5769717,28.5626923,333.474
          -80.5769715,28.5626925,332.524
          -80.5769714,28.5626928,331.597
          -80.5769712,28.5626930,330.652
          -80.5769710,28.5626933,329.644
          -80.5769708,28.5626935,328.511
          -80.5769706,28.5626939,327.112
          -80.5769702,28.5626944,325.012
          -80.5769699,28.5626950,322.673
          -80.5769695,28.5626956,320.574
          -80.5769693,28.5626959,319.383
          -80.5769691,28.5626962,318.354
          -80.5769690,28.5626964,317.388
          -80.5769688,28.5626966,316.429
          -80.5769687,28.5626969,315.472
          -80.5769685,28.5626971,314.463
          -80.5769683,28.5626974,313.374
          -80.5769681,28.5626978,312.073
          -80.5769678,28.5626982,310.278
          -80.5769674,28.5626989,307.699
          -80.5769669,28.5626995,305.138
          -80.5769667,28.5626998,304.040
          -80.5769666,28.5627000,303.098
          -80.5769664,28.5627003,302.221
          -80.5769663,28.5627005,301.366
          -80.5769662,28.5627007,300.516
          -80.5769660,28.5627009,299.634
          -80.5769658,28.5627012,298.660
          -80.5769657,28.5627015,297.501
          -80.5769654,28.5627019,295.953
          -80.5769650,28.5627025,293.630
          -80.5769646,28.5627030,291.396
          -80.5769644,28.5627034,290.149
          -80.5769643,28.5627036,289.176
          -80.5769641,28.5627038,288.298
          -80.5769640,28.5627041,287.477
          -80.5769638,28.5627043,286.677
          -80.5769637,28.5627045,285.874
          -80.5769636,28.5627047,285.043
          -80.5769634,28.5627049,284.143
          -80.5769633,28.5627052,283.135
          -80.5769631,28.5627055,281.883
          -80.5769627,28.5627060,280.004
          -80.5769623,28.5627066,277.610
          -80.5769620,28.5627070,275.790
          -80.5769619,28.5627073,274.747
          -80.5769617,28.5627075,273.861
          -80.5769616,28.5627077,273.055
          -80.5769614,28.5627079,272.285
          -80.5769613,28.5627081,271.524
          -80.5769612,28.5627083,270.759
          -80.5769611,28.5627085,269.966
          -80.5769609,28.5627087,269.123
          -80.5769608,28.5627090,268.184
          -80.5769606,28.5627093,267.042
          -80.5769603,28.5627097,265.428
          -80.5769599,28.5627103,263.007
          -80.5769595,28.5627109,260.889
          -80.5769594,28.5627111,259.848
          -80.5769592,28.5627113,258.958
          -80.5769591,28.5627116,258.128
          -80.5769589,28.5627118,257.334
          -80.5769588,28.5627120,256.540
          -80.5769587,28.5627122,255.731
          -80.5769585,28.5627124,254.881
          -80.5769584,28.5627126,253.959
          -80.5769582,28.5627129,252.891
          -80.5769580,28.5627133,251.505
          -80.5769576,28.5627138,249.425
          -80.5769573,28.5627144,247.200
          -80.5769570,28.5627147,245.644
          -80.5769568,28.5627150,244.591
          -80.5769567,28.5627153,243.675
          -80.5769565,28.5627155,242.790
          -80.5769564,28.5627157,241.899
          -80.5769562,28.5627159,240.973
          -80.5769560,28.5627162,239.971
          -80.5769559,28.5627165,238.819
          -80.5769556,28.5627169,237.342
          -80.5769552,28.5627174,235.126
          -80.5769549,28.5627180,232.977
          -80.5769545,28.5627186,230.786
          -80.5769543,28.5627189,229.479
          -80.5769541,28.5627192,228.343
          -80.5769539,28.5627195,227.266
          -80.5769537,28.5627197,226.207
          -80.5769536,28.5627200,225.089
          -80.5769534,28.5627203,223.842
          -80.5769531,28.5627207,222.303
          -80.5769527,28.5627213,219.993
          -80.5769524,28.5627219,217.818
          -80.5769520,28.5627224,215.549
          -80.5769517,28.5627228,214.246
          -80.5769516,28.5627231,213.095
          -80.5769514,28.5627233,211.998
          -80.5769512,28.5627236,210.907
          -80.5769510,28.5627239,209.710
          -80.5769508,28.5627243,208.310
          -80.5769504,28.5627248,206.356
          -80.5769500,28.5627254,204.037
          -80.5769497,28.5627259,201.876
          -80.5769494,28.5627264,200.070
          -80.5769491,28.5627268,198.651
          -80.5769489,28.5627271,197.316
          -80.5769487,28.5627274,195.966
          -80.5769484,28.5627278,194.473
          -80.5769481,28.5627283,192.652
          -80.5769477,28.5627290,189.927
          -80.5769473,28.5627295,187.715
          -80.5769469,28.5627302,185.224
          -80.5769466,28.5627306,183.687
          -80.5769465,28.5627307,183.037
          -80.5769464,28.5627310,182.061
          -80.5769462,28.5627313,180.744
          -80.5769459,28.5627317,179.331
          -80.5769456,28.5627321,177.605
          -80.5769452,28.5627328,175.023
          -80.5769448,28.5627334,172.714
          -80.5769444,28.5627340,170.257
          -80.5769441,28.5627344,168.806
          -80.5769439,28.5627347,167.561
          -80.5769437,28.5627351,166.351
          -80.5769435,28.5627354,165.117
          -80.5769432,28.5627358,163.738
          -80.5769429,28.5627363,161.985
          -80.5769425,28.5627370,159.374
          -80.5769421,28.5627376,157.128
          -80.5769417,28.5627381,155.251
          -80.5769415,28.5627385,153.927
          -80.5769413,28.5627388,152.714
          -80.5769410,28.5627392,151.530
          -80.5769408,28.5627395,150.304
          -80.5769406,28.5627399,148.917
          -80.5769402,28.5627404,147.142
          -80.5769397,28.5627412,144.540
          -80.5769393,28.5627419,142.341
          -80.5769390,28.5627424,140.560
          -80.5769387,28.5627428,139.237
          -80.5769385,28.5627432,138.028
          -80.5769382,28.5627435,136.835
          -80.5769380,28.5627439,135.563
          -80.5769377,28.5627444,134.106
          -80.5769373,28.5627450,132.158
          -80.5769368,28.5627458,129.602
          -80.5769363,28.5627465,127.346
          -80.5769359,28.5627472,125.434
          -80.5769356,28.5627476,124.033
          -80.5769354,28.5627480,122.772
          -80.5769351,28.5627484,121.516
          -80.5769348,28.5627489,120.171
          -80.5769345,28.5627494,118.598
          -80.5769340,28.5627502,116.413
          -80.5769335,28.5627510,114.046
          -80.5769329,28.5627518,111.700
          -80.5769326,28.5627524,110.017
          -80.5769323,28.5627529,108.732
          -80.5769320,28.5627533,107.554
          -80.5769317,28.5627537,106.385
          -80.5769314,28.5627542,105.127
          -80.5769311,28.5627547,103.593
          -80.5769307,28.5627553,102.044
          -80.5769303,28.5627560,100.285
          -80.5769297,28.5627569,97.931
          -80.5769294,28.5627574,96.473
          -80.5769291,28.5627579,95.402
          -80.5769288,28.5627582,94.426
          -80.5769286,28.5627587,93.397
          -80.5769283,28.5627591,92.175
          -80.5769279,28.5627598,90.639
          -80.5769275,28.5627603,89.383
          -80.5769272,28.5627607,88.218
          -80.5769269,28.5627612,87.060
          -80.5769266,28.5627617,85.831
          -80.5769262,28.5627622,84.625
          -80.5769259,28.5627627,83.554
          -80.5769256,28.5627632,82.353
          -80.5769252,28.5627638,80.869
          -80.5769245,28.5627648,78.674
          -80.5769242,28.5627653,77.478
          -80.5769239,28.5627658,76.508
          -80.5769236,28.5627662,75.628
          -80.5769234,28.5627665,74.790
          -80.5769231,28.5627669,73.961
          -80.5769228,28.5627673,73.045
          -80.5769225,28.5627678,71.958
          -80.5769220,28.5627685,70.482
          -80.5769213,28.5627696,68.303
          -80.5769203,28.5627711,65.111
          -80.5769199,28.5627717,63.994
          -80.5769196,28.5627722,63.022
          -80.5769193,28.5627726,62.113
          -80.5769190,28.5627731,61.220
          -80.5769186,28.5627736,60.307
          -80.5769183,28.5627741,59.333
          -80.5769179,28.5627747,58.219
          -80.5769173,28.5627754,56.810
          -80.5769165,28.5627766,54.736
          -80.5769154,28.5627782,51.714
          -80.5769148,28.5627790,50.338
          -80.5769144,28.5627797,49.227
          -80.5769139,28.5627803,48.172
          -80.5769135,28.5627809,47.117
          -80.5769131,28.5627815,46.033
          -80.5769126,28.5627822,44.889
          -80.5769121,28.5627830,43.625
          -80.5769115,28.5627838,42.325
          -80.5769111,28.5627844,41.307
          -80.5769107,28.5627850,40.391
          -80.5769103,28.5627855,39.486
          -80.5769098,28.5627862,38.403
          -80.5769092,28.5627872,36.895
          -80.5769081,28.5627886,34.705
          -80.5769076,28.5627893,33.711
          -80.5769072,28.5627899,32.873
          -80.5769068,28.5627905,32.099
          -80.5769064,28.5627910,31.404
          -80.5769061,28.5627914,30.801
          -80.5769058,28.5627918,30.261
          -80.5769055,28.5627922,29.762
          -80.5769053,28.5627926,29.270
          -80.5769050,28.5627930,28.743
          -80.5769046,28.5627934,28.157
          -80.5769042,28.5627940,27.466
          -80.5769036,28.5627947,26.584
          -80.5769028,28.5627958,25.296
          -80.5769016,28.5627974,23.440
          -80.5769006,28.5627987,22.056
          -80.5768999,28.5627996,21.072
          -80.5768993,28.5628005,20.181
          -80.5768987,28.5628013,19.351
          -80.5768981,28.5628021,18.545
          -80.5768975,28.5628029,17.728
          -80.5768969,28.5628038,16.899
          -80.5768963,28.5628047,16.050
          -80.5768956,28.5628057,15.143
          -80.5768948,28.5628069,14.071
          -80.5768936,28.5628086,12.565
          -80.5768923,28.5628105,11.068
          -80.5768909,28.5628123,9.707
          -80.5768897,28.5628139,8.573
          -80.5768886,28.5628153,7.689
          -80.5768874,28.5628167,6.893
          -80.5768862,28.5628181,6.169
          -80.5768851,28.5628194,5.570
          -80.5768837,28.5628208,4.963
          -80.5768820,28.5628225,4.348
          -80.5768803,28.5628242,3.852
          -80.5768786,28.5628259,3.473
          -80.5768769,28.5628275,3.208
          -80.5768752,28.5628291,3.052
          -80.5768735,28.5628306,3.000
          -80.5768735,28.5628306,3.000
          -80.5768735,28.5628306,3.000
          </coordinates>
        </LineString>
      </Placemark>
      <Placemark>
        <name>Apogeu – Estágio 1 (2998.4 m)</name>
        <description>Altitude: 2998.39 m | Tempo: 23.024 s</description>
        <Point>
          <altitudeMode>absolute</altitudeMode>
          <coordinates>-80.5774295,28.5618077,3001.387</coordinates>
        </Point>
      </Placemark>
      <Placemark>
        <name>Aterrissagem – Estágio 1</name>
        <description>Tempo total: 53.973 s | Leste: 31.9 m | Norte: 81.2 m</description>
        <Point>
          <coordinates>-80.5768735,28.5628306,3.000</coordinates>
        </Point>
      </Placemark>
    </Folder>
    <Folder>
      <name>Estágio 2 – osifog_L2Systems1024_stage2_booster</name>
      <Placemark>
        <name>Trajetória – Estágio 2</name>
        <styleUrl>#s2</styleUrl>
        <LineString>
          <extrude>0</extrude>
          <tessellate>1</tessellate>
          <altitudeMode>absolute</altitudeMode>
          <coordinates>
          -80.5772000,28.5621000,3.000
          -80.5772000,28.5621000,3.000
          -80.5772000,28.5621000,3.001
          -80.5772000,28.5621000,3.006
          -80.5772000,28.5621000,3.017
          -80.5772000,28.5621000,3.035
          -80.5772000,28.5621000,3.064
          -80.5772000,28.5621000,3.101
          -80.5772000,28.5621000,3.155
          -80.5772000,28.5621001,3.224
          -80.5771999,28.5621001,3.308
          -80.5771999,28.5621001,3.406
          -80.5771999,28.5621001,3.519
          -80.5771999,28.5621001,3.647
          -80.5771999,28.5621002,3.789
          -80.5771998,28.5621002,3.946
          -80.5771998,28.5621002,4.118
          -80.5771998,28.5621003,4.305
          -80.5771997,28.5621003,4.507
          -80.5771997,28.5621004,4.724
          -80.5771997,28.5621004,4.956
          -80.5771996,28.5621005,5.203
          -80.5771996,28.5621005,5.465
          -80.5771995,28.5621006,5.741
          -80.5771995,28.5621006,6.033
          -80.5771994,28.5621007,6.340
          -80.5771994,28.5621008,6.663
          -80.5771993,28.5621008,7.000
          -80.5771993,28.5621009,7.353
          -80.5771992,28.5621010,7.721
          -80.5771991,28.5621011,8.104
          -80.5771991,28.5621012,8.502
          -80.5771990,28.5621013,8.916
          -80.5771989,28.5621013,9.345
          -80.5771988,28.5621015,10.017
          -80.5771988,28.5621015,10.295
          -80.5771987,28.5621016,10.724
          -80.5771986,28.5621018,11.389
          -80.5771984,28.5621020,12.441
          -80.5771981,28.5621024,14.137
          -80.5771976,28.5621030,16.951
          -80.5771973,28.5621033,18.447
          -80.5771969,28.5621039,20.838
          -80.5771962,28.5621048,24.737
          -80.5771955,28.5621057,29.033
          -80.5771954,28.5621058,29.714
          -80.5771952,28.5621060,30.753
          -80.5771950,28.5621063,32.350
          -80.5771946,28.5621068,34.830
          -80.5771940,28.5621075,38.742
          -80.5771934,28.5621083,44.131
          -80.5771928,28.5621090,49.994
          -80.5771924,28.5621096,56.245
          -80.5771921,28.5621099,61.659
          -80.5771920,28.5621101,68.607
          -80.5771920,28.5621101,75.933
          -80.5771921,28.5621099,82.222
          -80.5771925,28.5621094,90.230
          -80.5771929,28.5621089,98.610
          -80.5771933,28.5621084,105.755
          -80.5771939,28.5621077,114.800
          -80.5771943,28.5621071,121.975
          -80.5771948,28.5621065,129.885
          -80.5771950,28.5621063,131.977
          -80.5771952,28.5621060,135.143
          -80.5771955,28.5621056,139.958
          -80.5771961,28.5621049,147.326
          -80.5771969,28.5621038,157.503
          -80.5771972,28.5621033,161.329
          -80.5771977,28.5621026,167.143
          -80.5771984,28.5621016,174.982
          -80.5771995,28.5620999,186.329
          -80.5772002,28.5620989,193.031
          -80.5772011,28.5620977,201.658
          -80.5772018,28.5620966,208.707
          -80.5772027,28.5620954,217.062
          -80.5772037,28.5620938,226.851
          -80.5772051,28.5620918,239.464
          -80.5772060,28.5620905,247.548
          -80.5772070,28.5620890,256.141
          -80.5772079,28.5620877,263.100
          -80.5772092,28.5620858,273.670
          -80.5772101,28.5620844,281.512
          -80.5772109,28.5620832,288.124
          -80.5772120,28.5620816,296.605
          -80.5772126,28.5620807,301.362
          -80.5772135,28.5620794,308.548
          -80.5772144,28.5620780,315.696
          -80.5772154,28.5620766,322.871
          -80.5772167,28.5620747,332.607
          -80.5772179,28.5620729,341.467
          -80.5772197,28.5620701,354.862
          -80.5772208,28.5620685,362.959
          -80.5772224,28.5620661,374.693
          -80.5772236,28.5620643,383.246
          -80.5772251,28.5620620,394.019
          -80.5772262,28.5620604,401.878
          -80.5772279,28.5620578,413.749
          -80.5772298,28.5620550,426.479
          -80.5772309,28.5620534,434.127
          -80.5772326,28.5620509,445.642
          -80.5772349,28.5620474,461.400
          -80.5772361,28.5620456,469.310
          -80.5772363,28.5620453,470.803
          -80.5772367,28.5620448,473.044
          -80.5772372,28.5620440,476.408
          -80.5772379,28.5620429,481.461
          -80.5772391,28.5620411,489.054
          -80.5772403,28.5620393,497.246
          -80.5772418,28.5620371,506.790
          -80.5772431,28.5620351,515.773
          -80.5772452,28.5620321,529.262
          -80.5772461,28.5620306,535.663
          -80.5772473,28.5620289,542.966
          -80.5772490,28.5620264,553.914
          -80.5772500,28.5620249,560.615
          -80.5772506,28.5620240,564.470
          -80.5772512,28.5620231,568.288
          -80.5772519,28.5620221,573.011
          -80.5772530,28.5620205,580.086
          -80.5772546,28.5620181,590.680
          -80.5772552,28.5620171,595.056
          -80.5772559,28.5620160,599.537
          -80.5772567,28.5620148,604.852
          -80.5772569,28.5620146,605.833
          -80.5772571,28.5620142,607.304
          -80.5772575,28.5620137,609.509
          -80.5772580,28.5620130,612.815
          -80.5772587,28.5620118,617.766
          -80.5772598,28.5620102,624.858
          -80.5772606,28.5620091,629.787
          -80.5772614,28.5620079,634.993
          -80.5772624,28.5620064,641.653
          -80.5772637,28.5620045,650.191
          -80.5772650,28.5620026,658.805
          -80.5772657,28.5620014,663.869
          -80.5772666,28.5620002,669.205
          -80.5772677,28.5619985,676.823
          -80.5772695,28.5619959,688.211
          -80.5772703,28.5619946,693.593
          -80.5772712,28.5619932,699.866
          -80.5772726,28.5619912,708.999
          -80.5772747,28.5619882,722.638
          -80.5772768,28.5619850,736.898
          -80.5772784,28.5619826,747.568
          -80.5772806,28.5619792,762.565
          -80.5772828,28.5619759,777.460
          -80.5772831,28.5619755,779.425
          -80.5772836,28.5619749,782.369
          -80.5772842,28.5619739,786.778
          -80.5772852,28.5619725,793.373
          -80.5772866,28.5619703,803.226
          -80.5772888,28.5619671,817.835
          -80.5772909,28.5619640,832.341
          -80.5772929,28.5619609,846.748
          -80.5772950,28.5619578,861.056
          -80.5772970,28.5619548,875.267
          -80.5772990,28.5619518,889.384
          -80.5773010,28.5619488,903.406
          -80.5773029,28.5619459,917.336
          -80.5773049,28.5619430,931.174
          -80.5773068,28.5619401,944.923
          -80.5773086,28.5619373,958.583
          -80.5773105,28.5619345,972.156
          -80.5773123,28.5619318,985.642
          -80.5773141,28.5619290,999.043
          -80.5773159,28.5619263,1012.360
          -80.5773177,28.5619237,1025.594
          -80.5773195,28.5619210,1038.746
          -80.5773212,28.5619184,1051.817
          -80.5773229,28.5619159,1064.807
          -80.5773246,28.5619133,1077.719
          -80.5773262,28.5619108,1090.553
          -80.5773278,28.5619083,1103.309
          -80.5773295,28.5619059,1115.989
          -80.5773310,28.5619034,1128.593
          -80.5773326,28.5619010,1141.123
          -80.5773342,28.5618987,1153.578
          -80.5773357,28.5618963,1165.961
          -80.5773372,28.5618940,1178.271
          -80.5773387,28.5618917,1190.510
          -80.5773402,28.5618894,1202.677
          -80.5773416,28.5618872,1214.774
          -80.5773431,28.5618850,1226.802
          -80.5773445,28.5618828,1238.761
          -80.5773459,28.5618806,1250.652
          -80.5773473,28.5618785,1262.476
          -80.5773486,28.5618764,1274.232
          -80.5773500,28.5618743,1285.923
          -80.5773513,28.5618722,1297.548
          -80.5773526,28.5618702,1309.108
          -80.5773539,28.5618682,1320.603
          -80.5773552,28.5618662,1332.035
          -80.5773564,28.5618643,1343.403
          -80.5773577,28.5618623,1354.709
          -80.5773589,28.5618604,1365.953
          -80.5773601,28.5618585,1377.135
          -80.5773613,28.5618566,1388.256
          -80.5773624,28.5618548,1399.316
          -80.5773636,28.5618530,1410.316
          -80.5773647,28.5618512,1421.257
          -80.5773658,28.5618494,1432.139
          -80.5773670,28.5618477,1442.962
          -80.5773680,28.5618459,1453.726
          -80.5773691,28.5618442,1464.433
          -80.5773702,28.5618425,1475.083
          -80.5773712,28.5618408,1485.676
          -80.5773723,28.5618392,1496.213
          -80.5773733,28.5618376,1506.694
          -80.5773743,28.5618360,1517.119
          -80.5773753,28.5618343,1527.489
          -80.5773763,28.5618328,1537.804
          -80.5773772,28.5618312,1548.065
          -80.5773782,28.5618297,1558.272
          -80.5773791,28.5618282,1568.426
          -80.5773800,28.5618267,1578.527
          -80.5773809,28.5618253,1588.575
          -80.5773818,28.5618238,1598.570
          -80.5773827,28.5618224,1608.513
          -80.5773836,28.5618210,1618.405
          -80.5773845,28.5618196,1628.245
          -80.5773853,28.5618182,1638.035
          -80.5773861,28.5618169,1647.773
          -80.5773869,28.5618155,1657.462
          -80.5773877,28.5618142,1667.100
          -80.5773886,28.5618129,1676.688
          -80.5773894,28.5618116,1686.228
          -80.5773901,28.5618103,1695.718
          -80.5773909,28.5618091,1705.159
          -80.5773917,28.5618078,1714.552
          -80.5773924,28.5618066,1723.897
          -80.5773931,28.5618054,1733.194
          -80.5773939,28.5618042,1742.444
          -80.5773946,28.5618031,1751.646
          -80.5773953,28.5618019,1760.801
          -80.5773960,28.5618008,1769.909
          -80.5773967,28.5617997,1778.972
          -80.5773973,28.5617986,1787.988
          -80.5773980,28.5617975,1796.958
          -80.5773987,28.5617965,1805.882
          -80.5773993,28.5617954,1814.761
          -80.5773999,28.5617944,1823.595
          -80.5774006,28.5617933,1832.384
          -80.5774012,28.5617923,1841.128
          -80.5774018,28.5617913,1849.828
          -80.5774024,28.5617903,1858.484
          -80.5774030,28.5617894,1867.095
          -80.5774036,28.5617884,1875.664
          -80.5774042,28.5617875,1884.188
          -80.5774047,28.5617866,1892.670
          -80.5774053,28.5617857,1901.109
          -80.5774059,28.5617848,1909.504
          -80.5774064,28.5617839,1917.857
          -80.5774069,28.5617830,1926.168
          -80.5774075,28.5617822,1934.437
          -80.5774080,28.5617813,1942.664
          -80.5774085,28.5617805,1950.849
          -80.5774090,28.5617797,1958.993
          -80.5774095,28.5617789,1967.095
          -80.5774100,28.5617781,1975.156
          -80.5774105,28.5617773,1983.177
          -80.5774110,28.5617766,1991.157
          -80.5774115,28.5617758,1999.096
          -80.5774119,28.5617751,2006.995
          -80.5774124,28.5617743,2014.854
          -80.5774129,28.5617736,2022.673
          -80.5774133,28.5617729,2030.452
          -80.5774138,28.5617723,2038.191
          -80.5774142,28.5617716,2045.892
          -80.5774146,28.5617709,2053.552
          -80.5774150,28.5617703,2061.174
          -80.5774155,28.5617696,2068.757
          -80.5774159,28.5617690,2076.301
          -80.5774163,28.5617684,2083.807
          -80.5774167,28.5617677,2091.274
          -80.5774171,28.5617671,2098.704
          -80.5774175,28.5617665,2106.095
          -80.5774179,28.5617660,2113.448
          -80.5774183,28.5617654,2120.763
          -80.5774186,28.5617648,2128.041
          -80.5774190,28.5617643,2135.282
          -80.5774194,28.5617638,2142.485
          -80.5774197,28.5617633,2149.651
          -80.5774201,28.5617628,2156.780
          -80.5774204,28.5617623,2163.873
          -80.5774208,28.5617618,2170.928
          -80.5774211,28.5617613,2177.947
          -80.5774214,28.5617608,2184.930
          -80.5774218,28.5617603,2191.876
          -80.5774221,28.5617599,2198.786
          -80.5774224,28.5617594,2205.661
          -80.5774228,28.5617590,2212.499
          -80.5774231,28.5617585,2219.302
          -80.5774234,28.5617581,2226.069
          -80.5774237,28.5617577,2232.800
          -80.5774240,28.5617573,2239.497
          -80.5774243,28.5617569,2246.158
          -80.5774246,28.5617565,2252.784
          -80.5774249,28.5617562,2259.376
          -80.5774251,28.5617558,2265.932
          -80.5774254,28.5617554,2272.454
          -80.5774257,28.5617551,2278.941
          -80.5774260,28.5617548,2285.394
          -80.5774262,28.5617544,2291.812
          -80.5774265,28.5617541,2298.196
          -80.5774268,28.5617538,2304.546
          -80.5774270,28.5617535,2310.862
          -80.5774273,28.5617532,2317.145
          -80.5774275,28.5617529,2323.393
          -80.5774277,28.5617526,2329.608
          -80.5774280,28.5617524,2335.790
          -80.5774282,28.5617521,2341.938
          -80.5774284,28.5617519,2348.052
          -80.5774287,28.5617516,2354.134
          -80.5774289,28.5617514,2360.182
          -80.5774291,28.5617511,2366.197
          -80.5774294,28.5617509,2372.179
          -80.5774296,28.5617506,2378.128
          -80.5774298,28.5617504,2384.044
          -80.5774300,28.5617502,2389.928
          -80.5774302,28.5617500,2395.779
          -80.5774304,28.5617498,2401.599
          -80.5774306,28.5617496,2407.386
          -80.5774308,28.5617495,2413.140
          -80.5774310,28.5617493,2418.863
          -80.5774312,28.5617492,2424.554
          -80.5774314,28.5617491,2430.213
          -80.5774316,28.5617489,2435.840
          -80.5774317,28.5617488,2441.435
          -80.5774319,28.5617487,2446.998
          -80.5774321,28.5617485,2452.529
          -80.5774323,28.5617484,2458.029
          -80.5774325,28.5617482,2463.497
          -80.5774326,28.5617481,2468.935
          -80.5774328,28.5617480,2474.341
          -80.5774330,28.5617479,2479.716
          -80.5774331,28.5617479,2485.060
          -80.5774333,28.5617478,2490.373
          -80.5774334,28.5617477,2495.656
          -80.5774335,28.5617477,2500.907
          -80.5774337,28.5617476,2506.128
          -80.5774338,28.5617476,2511.318
          -80.5774340,28.5617475,2516.477
          -80.5774341,28.5617474,2521.605
          -80.5774343,28.5617474,2526.704
          -80.5774344,28.5617473,2531.771
          -80.5774346,28.5617473,2536.809
          -80.5774347,28.5617472,2541.816
          -80.5774348,28.5617472,2546.794
          -80.5774350,28.5617472,2551.741
          -80.5774351,28.5617472,2556.659
          -80.5774352,28.5617472,2561.546
          -80.5774353,28.5617473,2566.404
          -80.5774354,28.5617473,2571.232
          -80.5774355,28.5617473,2576.031
          -80.5774356,28.5617473,2580.800
          -80.5774357,28.5617473,2585.539
          -80.5774358,28.5617474,2590.248
          -80.5774359,28.5617474,2594.928
          -80.5774360,28.5617474,2599.579
          -80.5774362,28.5617475,2604.200
          -80.5774363,28.5617475,2608.793
          -80.5774364,28.5617475,2613.356
          -80.5774365,28.5617476,2617.890
          -80.5774365,28.5617477,2622.395
          -80.5774366,28.5617477,2626.871
          -80.5774367,28.5617478,2631.318
          -80.5774368,28.5617479,2635.736
          -80.5774369,28.5617480,2640.126
          -80.5774369,28.5617481,2644.487
          -80.5774370,28.5617482,2648.820
          -80.5774371,28.5617484,2653.123
          -80.5774372,28.5617485,2657.398
          -80.5774372,28.5617486,2661.645
          -80.5774373,28.5617487,2665.862
          -80.5774374,28.5617488,2670.052
          -80.5774374,28.5617489,2674.213
          -80.5774375,28.5617490,2678.345
          -80.5774376,28.5617491,2682.449
          -80.5774377,28.5617492,2686.525
          -80.5774377,28.5617493,2690.573
          -80.5774378,28.5617494,2694.593
          -80.5774379,28.5617496,2698.586
          -80.5774379,28.5617497,2702.550
          -80.5774380,28.5617499,2706.486
          -80.5774380,28.5617501,2710.395
          -80.5774380,28.5617502,2714.276
          -80.5774381,28.5617504,2718.129
          -80.5774381,28.5617506,2721.955
          -80.5774381,28.5617508,2725.753
          -80.5774382,28.5617510,2729.523
          -80.5774382,28.5617512,2733.266
          -80.5774382,28.5617514,2736.981
          -80.5774383,28.5617516,2740.668
          -80.5774383,28.5617518,2744.328
          -80.5774383,28.5617520,2747.961
          -80.5774384,28.5617522,2751.566
          -80.5774384,28.5617523,2755.143
          -80.5774384,28.5617525,2758.694
          -80.5774385,28.5617527,2762.217
          -80.5774385,28.5617529,2765.712
          -80.5774385,28.5617531,2769.181
          -80.5774386,28.5617533,2772.623
          -80.5774386,28.5617535,2776.038
          -80.5774386,28.5617537,2779.426
          -80.5774386,28.5617540,2782.787
          -80.5774386,28.5617542,2786.121
          -80.5774386,28.5617544,2789.428
          -80.5774387,28.5617547,2792.709
          -80.5774387,28.5617549,2795.963
          -80.5774387,28.5617552,2799.190
          -80.5774387,28.5617555,2802.391
          -80.5774387,28.5617557,2805.564
          -80.5774386,28.5617560,2808.712
          -80.5774386,28.5617563,2811.832
          -80.5774386,28.5617565,2814.926
          -80.5774386,28.5617568,2817.993
          -80.5774386,28.5617571,2821.034
          -80.5774386,28.5617574,2824.049
          -80.5774386,28.5617576,2827.036
          -80.5774386,28.5617579,2829.998
          -80.5774386,28.5617582,2832.933
          -80.5774386,28.5617585,2835.842
          -80.5774386,28.5617587,2838.724
          -80.5774386,28.5617590,2841.580
          -80.5774386,28.5617593,2844.410
          -80.5774385,28.5617596,2847.214
          -80.5774385,28.5617599,2849.992
          -80.5774385,28.5617602,2852.743
          -80.5774385,28.5617605,2855.469
          -80.5774385,28.5617608,2858.168
          -80.5774385,28.5617611,2860.842
          -80.5774384,28.5617614,2863.489
          -80.5774384,28.5617617,2866.111
          -80.5774384,28.5617621,2868.706
          -80.5774384,28.5617624,2871.276
          -80.5774383,28.5617627,2873.820
          -80.5774383,28.5617630,2876.338
          -80.5774383,28.5617633,2878.830
          -80.5774383,28.5617637,2881.296
          -80.5774382,28.5617640,2883.736
          -80.5774382,28.5617643,2886.151
          -80.5774382,28.5617646,2888.540
          -80.5774381,28.5617650,2890.904
          -80.5774381,28.5617653,2893.241
          -80.5774381,28.5617657,2895.553
          -80.5774380,28.5617660,2897.840
          -80.5774380,28.5617663,2900.101
          -80.5774379,28.5617667,2902.337
          -80.5774379,28.5617670,2904.547
          -80.5774378,28.5617674,2906.731
          -80.5774378,28.5617678,2908.890
          -80.5774378,28.5617681,2911.024
          -80.5774377,28.5617685,2913.132
          -80.5774377,28.5617689,2915.215
          -80.5774376,28.5617692,2917.273
          -80.5774375,28.5617696,2919.305
          -80.5774375,28.5617700,2921.312
          -80.5774374,28.5617704,2923.294
          -80.5774374,28.5617707,2925.250
          -80.5774373,28.5617711,2927.181
          -80.5774373,28.5617715,2929.087
          -80.5774372,28.5617719,2930.967
          -80.5774371,28.5617723,2932.822
          -80.5774371,28.5617727,2934.652
          -80.5774370,28.5617731,2936.457
          -80.5774370,28.5617735,2938.237
          -80.5774369,28.5617739,2939.992
          -80.5774368,28.5617742,2941.721
          -80.5774368,28.5617746,2943.425
          -80.5774367,28.5617750,2945.105
          -80.5774366,28.5617754,2946.759
          -80.5774366,28.5617758,2948.388
          -80.5774365,28.5617763,2949.992
          -80.5774364,28.5617767,2951.572
          -80.5774364,28.5617771,2953.126
          -80.5774363,28.5617775,2954.655
          -80.5774362,28.5617779,2956.160
          -80.5774362,28.5617783,2957.639
          -80.5774361,28.5617787,2959.094
          -80.5774360,28.5617791,2960.523
          -80.5774359,28.5617796,2961.928
          -80.5774359,28.5617800,2963.308
          -80.5774358,28.5617804,2964.663
          -80.5774357,28.5617808,2965.993
          -80.5774356,28.5617813,2967.298
          -80.5774355,28.5617817,2968.578
          -80.5774355,28.5617821,2969.834
          -80.5774354,28.5617825,2971.065
          -80.5774353,28.5617830,2972.271
          -80.5774352,28.5617834,2973.452
          -80.5774351,28.5617839,2974.609
          -80.5774351,28.5617843,2975.741
          -80.5774350,28.5617847,2976.848
          -80.5774349,28.5617852,2977.931
          -80.5774348,28.5617856,2978.989
          -80.5774347,28.5617861,2980.022
          -80.5774346,28.5617865,2981.031
          -80.5774345,28.5617870,2982.015
          -80.5774344,28.5617874,2982.975
          -80.5774343,28.5617879,2983.910
          -80.5774342,28.5617883,2984.820
          -80.5774341,28.5617888,2985.706
          -80.5774340,28.5617893,2986.567
          -80.5774339,28.5617898,2987.404
          -80.5774338,28.5617902,2988.216
          -80.5774337,28.5617907,2989.004
          -80.5774336,28.5617912,2989.768
          -80.5774335,28.5617917,2990.506
          -80.5774334,28.5617921,2991.221
          -80.5774333,28.5617926,2991.911
          -80.5774332,28.5617931,2992.576
          -80.5774331,28.5617936,2993.218
          -80.5774329,28.5617941,2993.834
          -80.5774328,28.5617946,2994.427
          -80.5774327,28.5617951,2994.995
          -80.5774326,28.5617956,2995.539
          -80.5774325,28.5617961,2996.058
          -80.5774324,28.5617966,2996.553
          -80.5774322,28.5617972,2997.024
          -80.5774321,28.5617977,2997.470
          -80.5774320,28.5617982,2997.893
          -80.5774318,28.5617987,2998.291
          -80.5774317,28.5617992,2998.665
          -80.5774316,28.5617998,2999.014
          -80.5774314,28.5618003,2999.340
          -80.5774313,28.5618009,2999.641
          -80.5774312,28.5618014,2999.918
          -80.5774310,28.5618020,3000.172
          -80.5774309,28.5618025,3000.401
          -80.5774307,28.5618031,3000.606
          -80.5774306,28.5618036,3000.787
          -80.5774304,28.5618042,3000.944
          -80.5774303,28.5618048,3001.077
          -80.5774301,28.5618053,3001.187
          -80.5774300,28.5618059,3001.272
          -80.5774298,28.5618065,3001.334
          -80.5774296,28.5618071,3001.373
          -80.5774295,28.5618077,3001.387
          -80.5774293,28.5618083,3001.379
          -80.5774291,28.5618089,3001.346
          -80.5774289,28.5618095,3001.290
          -80.5774288,28.5618101,3001.211
          -80.5774286,28.5618107,3001.109
          -80.5774284,28.5618114,3000.983
          -80.5774282,28.5618120,3000.834
          -80.5774280,28.5618126,3000.662
          -80.5774278,28.5618133,3000.467
          -80.5774277,28.5618139,3000.249
          -80.5774275,28.5618145,3000.008
          -80.5774273,28.5618152,2999.745
          -80.5774271,28.5618159,2999.459
          -80.5774269,28.5618165,2999.151
          -80.5774267,28.5618172,2998.820
          -80.5774265,28.5618178,2998.467
          -80.5774263,28.5618185,2998.091
          -80.5774261,28.5618191,2997.693
          -80.5774258,28.5618198,2997.273
          -80.5774256,28.5618205,2996.831
          -80.5774255,28.5618211,2996.367
          -80.5774252,28.5618218,2995.881
          -80.5774251,28.5618224,2995.372
          -80.5774248,28.5618231,2994.842
          -80.5774247,28.5618237,2994.289
          -80.5774245,28.5618244,2993.714
          -80.5774243,28.5618250,2993.117
          -80.5774241,28.5618256,2992.498
          -80.5774239,28.5618263,2991.855
          -80.5774237,28.5618269,2991.191
          -80.5774236,28.5618275,2990.503
          -80.5774234,28.5618281,2989.805
          -80.5774232,28.5618286,2989.098
          -80.5774231,28.5618292,2988.378
          -80.5774229,28.5618298,2987.644
          -80.5774228,28.5618303,2986.892
          -80.5774226,28.5618308,2986.120
          -80.5774225,28.5618314,2985.324
          -80.5774223,28.5618319,2984.502
          -80.5774222,28.5618325,2983.651
          -80.5774220,28.5618330,2982.773
          -80.5774219,28.5618336,2981.855
          -80.5774217,28.5618342,2980.893
          -80.5774215,28.5618348,2979.907
          -80.5774214,28.5618354,2978.896
          -80.5774212,28.5618360,2977.860
          -80.5774210,28.5618367,2976.800
          -80.5774208,28.5618374,2975.715
          -80.5774205,28.5618380,2974.669
          -80.5774203,28.5618387,2973.683
          -80.5774201,28.5618393,2972.700
          -80.5774199,28.5618400,2971.717
          -80.5774196,28.5618407,2970.732
          -80.5774194,28.5618414,2969.747
          -80.5774191,28.5618421,2968.766
          -80.5774188,28.5618428,2967.789
          -80.5774185,28.5618436,2966.818
          -80.5774183,28.5618443,2965.861
          -80.5774180,28.5618451,2964.914
          -80.5774176,28.5618458,2963.967
          -80.5774173,28.5618466,2963.022
          -80.5774170,28.5618474,2962.066
          -80.5774167,28.5618483,2961.031
          -80.5774162,28.5618493,2959.867
          -80.5774158,28.5618504,2958.529
          -80.5774152,28.5618517,2957.093
          -80.5774147,28.5618530,2955.633
          -80.5774142,28.5618542,2954.149
          -80.5774136,28.5618555,2952.641
          -80.5774131,28.5618568,2951.109
          -80.5774125,28.5618582,2949.553
          -80.5774120,28.5618595,2947.972
          -80.5774114,28.5618608,2946.369
          -80.5774108,28.5618620,2944.742
          -80.5774103,28.5618633,2943.092
          -80.5774098,28.5618646,2941.419
          -80.5774093,28.5618657,2939.938
          -80.5774090,28.5618666,2938.647
          -80.5774086,28.5618674,2937.477
          -80.5774083,28.5618681,2936.380
          -80.5774080,28.5618688,2935.338
          -80.5774078,28.5618694,2934.330
          -80.5774075,28.5618700,2933.332
          -80.5774073,28.5618706,2932.342
          -80.5774071,28.5618712,2931.354
          -80.5774069,28.5618718,2930.357
          -80.5774066,28.5618723,2929.339
          -80.5774064,28.5618729,2928.283
          -80.5774062,28.5618734,2927.171
          -80.5774060,28.5618740,2925.960
          -80.5774057,28.5618747,2924.599
          -80.5774055,28.5618754,2922.999
          -80.5774051,28.5618763,2921.088
          -80.5774048,28.5618771,2919.155
          -80.5774045,28.5618780,2917.198
          -80.5774042,28.5618788,2915.218
          -80.5774039,28.5618796,2913.214
          -80.5774037,28.5618804,2911.187
          -80.5774033,28.5618813,2909.136
          -80.5774030,28.5618821,2907.061
          -80.5774027,28.5618829,2905.229
          -80.5774025,28.5618836,2903.689
          -80.5774022,28.5618842,2902.292
          -80.5774020,28.5618848,2900.988
          -80.5774018,28.5618854,2899.765
          -80.5774016,28.5618859,2898.586
          -80.5774013,28.5618865,2897.424
          -80.5774011,28.5618871,2896.287
          -80.5774009,28.5618876,2895.168
          -80.5774007,28.5618882,2894.054
          -80.5774004,28.5618888,2892.931
          -80.5774001,28.5618894,2891.767
          -80.5773999,28.5618901,2890.537
          -80.5773995,28.5618908,2889.213
          -80.5773992,28.5618917,2887.746
          -80.5773988,28.5618926,2886.033
          -80.5773983,28.5618939,2883.916
          -80.5773977,28.5618952,2881.575
          -80.5773971,28.5618966,2879.210
          -80.5773965,28.5618980,2876.821
          -80.5773959,28.5618994,2874.410
          -80.5773953,28.5619008,2871.975
          -80.5773947,28.5619021,2869.518
          -80.5773942,28.5619033,2867.306
          -80.5773938,28.5619042,2865.530
          -80.5773934,28.5619050,2864.024
          -80.5773931,28.5619057,2862.636
          -80.5773929,28.5619064,2861.323
          -80.5773926,28.5619070,2860.053
          -80.5773924,28.5619075,2858.811
          -80.5773921,28.5619081,2857.589
          -80.5773919,28.5619087,2856.365
          -80.5773917,28.5619092,2855.101
          -80.5773915,28.5619098,2853.778
          -80.5773912,28.5619103,2852.390
          -80.5773910,28.5619109,2850.902
          -80.5773907,28.5619116,2849.250
          -80.5773904,28.5619123,2847.302
          -80.5773901,28.5619133,2844.736
          -80.5773897,28.5619142,2842.052
          -80.5773893,28.5619152,2839.346
          -80.5773889,28.5619162,2836.617
          -80.5773885,28.5619171,2833.865
          -80.5773881,28.5619181,2831.091
          -80.5773878,28.5619190,2828.688
          -80.5773875,28.5619198,2826.700
          -80.5773872,28.5619204,2824.981
          -80.5773870,28.5619210,2823.408
          -80.5773867,28.5619216,2821.898
          -80.5773865,28.5619222,2820.431
          -80.5773862,28.5619228,2818.992
          -80.5773860,28.5619234,2817.546
          -80.5773857,28.5619241,2816.060
          -80.5773854,28.5619248,2814.507
          -80.5773851,28.5619255,2812.848
          -80.5773847,28.5619263,2811.060
          -80.5773843,28.5619272,2809.078
          -80.5773838,28.5619283,2806.676
          -80.5773832,28.5619297,2803.687
          -80.5773826,28.5619312,2800.676
          -80.5773820,28.5619326,2797.642
          -80.5773813,28.5619340,2794.586
          -80.5773807,28.5619354,2791.507
          -80.5773802,28.5619365,2788.999
          -80.5773799,28.5619374,2786.906
          -80.5773795,28.5619382,2785.065
          -80.5773792,28.5619389,2783.356
          -80.5773789,28.5619396,2781.728
          -80.5773787,28.5619402,2780.156
          -80.5773784,28.5619408,2778.610
          -80.5773781,28.5619414,2777.054
          -80.5773779,28.5619420,2775.452
          -80.5773776,28.5619426,2773.736
          -80.5773774,28.5619433,2771.846
          -80.5773770,28.5619440,2769.686
          -80.5773767,28.5619449,2766.939
          -80.5773762,28.5619460,2763.677
          -80.5773758,28.5619471,2760.394
          -80.5773753,28.5619482,2757.088
          -80.5773749,28.5619493,2753.759
          -80.5773744,28.5619503,2750.677
          -80.5773741,28.5619511,2748.396
          -80.5773738,28.5619518,2746.408
          -80.5773735,28.5619524,2744.580
          -80.5773733,28.5619531,2742.844
          -80.5773730,28.5619537,2741.126
          -80.5773727,28.5619543,2739.393
          -80.5773724,28.5619550,2737.622
          -80.5773721,28.5619557,2735.771
          -80.5773718,28.5619565,2733.772
          -80.5773714,28.5619574,2731.517
          -80.5773709,28.5619586,2728.740
          -80.5773702,28.5619600,2725.230
          -80.5773696,28.5619615,2721.698
          -80.5773689,28.5619629,2718.144
          -80.5773683,28.5619643,2714.568
          -80.5773676,28.5619658,2710.971
          -80.5773672,28.5619668,2708.286
          -80.5773668,28.5619677,2705.969
          -80.5773665,28.5619685,2703.820
          -80.5773661,28.5619692,2701.787
          -80.5773658,28.5619699,2699.796
          -80.5773655,28.5619707,2697.763
          -80.5773652,28.5619714,2695.624
          -80.5773649,28.5619722,2693.281
          -80.5773645,28.5619731,2690.602
          -80.5773640,28.5619741,2687.252
          -80.5773635,28.5619753,2683.502
          -80.5773630,28.5619765,2679.731
          -80.5773625,28.5619777,2675.938
          -80.5773620,28.5619789,2672.124
          -80.5773615,28.5619799,2668.976
          -80.5773611,28.5619808,2666.286
          -80.5773608,28.5619816,2663.860
          -80.5773605,28.5619824,2661.567
          -80.5773601,28.5619832,2659.306
          -80.5773597,28.5619840,2657.004
          -80.5773593,28.5619849,2654.576
          -80.5773589,28.5619859,2651.717
          -80.5773583,28.5619873,2647.928
          -80.5773576,28.5619888,2643.960
          -80.5773569,28.5619903,2639.972
          -80.5773563,28.5619917,2635.963
          -80.5773556,28.5619932,2631.933
          -80.5773551,28.5619945,2628.405
          -80.5773546,28.5619955,2625.427
          -80.5773542,28.5619965,2622.559
          -80.5773537,28.5619974,2619.723
          -80.5773533,28.5619984,2616.774
          -80.5773529,28.5619994,2613.486
          -80.5773523,28.5620007,2609.622
          -80.5773517,28.5620019,2605.462
          -80.5773512,28.5620032,2601.282
          -80.5773506,28.5620045,2597.082
          -80.5773500,28.5620058,2592.860
          -80.5773495,28.5620072,2588.619
          -80.5773490,28.5620083,2585.182
          -80.5773485,28.5620093,2582.057
          -80.5773481,28.5620103,2579.011
          -80.5773476,28.5620114,2575.882
          -80.5773471,28.5620125,2572.460
          -80.5773464,28.5620139,2568.337
          -80.5773457,28.5620155,2563.979
          -80.5773450,28.5620170,2559.600
          -80.5773443,28.5620185,2555.201
          -80.5773437,28.5620200,2550.782
          -80.5773431,28.5620214,2546.758
          -80.5773426,28.5620224,2543.507
          -80.5773421,28.5620234,2540.573
          -80.5773417,28.5620243,2537.675
          -80.5773413,28.5620253,2534.602
          -80.5773408,28.5620263,2531.066
          -80.5773402,28.5620277,2526.542
          -80.5773396,28.5620291,2521.999
          -80.5773390,28.5620304,2517.436
          -80.5773384,28.5620318,2512.853
          -80.5773378,28.5620332,2508.250
          -80.5773372,28.5620344,2504.483
          -80.5773368,28.5620354,2501.310
          -80.5773363,28.5620363,2498.297
          -80.5773359,28.5620374,2495.123
          -80.5773353,28.5620385,2491.545
          -80.5773346,28.5620401,2486.855
          -80.5773339,28.5620417,2482.142
          -80.5773332,28.5620432,2477.409
          -80.5773325,28.5620448,2472.658
          -80.5773318,28.5620464,2467.887
          -80.5773312,28.5620477,2463.695
          -80.5773306,28.5620489,2459.998
          -80.5773301,28.5620500,2456.276
          -80.5773296,28.5620512,2452.304
          -80.5773289,28.5620527,2447.454
          -80.5773282,28.5620541,2442.585
          -80.5773276,28.5620556,2437.697
          -80.5773269,28.5620570,2432.790
          -80.5773263,28.5620585,2427.864
          -80.5773256,28.5620600,2422.919
          -80.5773249,28.5620614,2418.417
          -80.5773243,28.5620628,2413.849
          -80.5773235,28.5620644,2408.851
          -80.5773228,28.5620660,2403.833
          -80.5773221,28.5620676,2398.797
          -80.5773213,28.5620693,2393.742
          -80.5773206,28.5620709,2388.669
          -80.5773198,28.5620725,2383.578
          -80.5773192,28.5620739,2378.880
          -80.5773185,28.5620753,2374.335
          -80.5773178,28.5620768,2369.193
          -80.5773171,28.5620784,2364.033
          -80.5773164,28.5620799,2358.854
          -80.5773157,28.5620814,2353.657
          -80.5773150,28.5620830,2348.442
          -80.5773143,28.5620845,2343.209
          -80.5773136,28.5620860,2338.544
          -80.5773130,28.5620874,2333.775
          -80.5773122,28.5620891,2328.491
          -80.5773114,28.5620907,2323.188
          -80.5773106,28.5620924,2317.868
          -80.5773099,28.5620941,2312.530
          -80.5773091,28.5620958,2307.174
          -80.5773083,28.5620974,2301.801
          -80.5773076,28.5620990,2296.668
          -80.5773069,28.5621005,2291.521
          -80.5773062,28.5621021,2286.097
          -80.5773054,28.5621037,2280.656
          -80.5773047,28.5621053,2275.198
          -80.5773039,28.5621069,2269.721
          -80.5773032,28.5621085,2264.228
          -80.5773024,28.5621102,2258.716
          -80.5773017,28.5621117,2253.593
          -80.5773009,28.5621135,2248.048
          -80.5773000,28.5621152,2242.486
          -80.5772992,28.5621169,2236.907
          -80.5772984,28.5621187,2231.310
          -80.5772976,28.5621204,2225.697
          -80.5772968,28.5621221,2220.161
          -80.5772961,28.5621236,2215.146
          -80.5772953,28.5621253,2209.485
          -80.5772946,28.5621269,2203.807
          -80.5772938,28.5621286,2198.112
          -80.5772930,28.5621303,2192.400
          -80.5772922,28.5621320,2186.672
          -80.5772914,28.5621337,2180.927
          -80.5772906,28.5621354,2175.228
          -80.5772897,28.5621372,2169.450
          -80.5772889,28.5621390,2163.655
          -80.5772880,28.5621408,2157.843
          -80.5772872,28.5621425,2152.015
          -80.5772863,28.5621443,2146.171
          -80.5772855,28.5621461,2140.310
          -80.5772847,28.5621479,2134.434
          -80.5772838,28.5621496,2128.542
          -80.5772830,28.5621513,2122.633
          -80.5772822,28.5621531,2116.708
          -80.5772813,28.5621548,2110.768
          -80.5772805,28.5621566,2104.811
          -80.5772796,28.5621584,2098.838
          -80.5772788,28.5621603,2092.849
          -80.5772779,28.5621621,2086.844
          -80.5772770,28.5621640,2080.823
          -80.5772761,28.5621658,2074.787
          -80.5772752,28.5621677,2068.735
          -80.5772743,28.5621695,2062.667
          -80.5772734,28.5621713,2056.584
          -80.5772725,28.5621732,2050.486
          -80.5772717,28.5621750,2044.373
          -80.5772708,28.5621768,2038.244
          -80.5772699,28.5621786,2032.100
          -80.5772690,28.5621805,2025.940
          -80.5772681,28.5621823,2019.765
          -80.5772672,28.5621842,2013.574
          -80.5772663,28.5621861,2007.368
          -80.5772653,28.5621881,2001.148
          -80.5772644,28.5621900,1994.912
          -80.5772635,28.5621919,1988.661
          -80.5772625,28.5621938,1982.395
          -80.5772616,28.5621957,1976.115
          -80.5772607,28.5621976,1969.820
          -80.5772598,28.5621995,1963.511
          -80.5772589,28.5622013,1957.186
          -80.5772579,28.5622032,1950.847
          -80.5772570,28.5622052,1944.493
          -80.5772560,28.5622071,1938.125
          -80.5772550,28.5622091,1931.741
          -80.5772541,28.5622111,1925.344
          -80.5772531,28.5622131,1918.932
          -80.5772521,28.5622151,1912.505
          -80.5772511,28.5622170,1906.065
          -80.5772501,28.5622190,1899.610
          -80.5772492,28.5622209,1893.142
          -80.5772482,28.5622229,1886.659
          -80.5772472,28.5622249,1880.162
          -80.5772462,28.5622268,1873.651
          -80.5772452,28.5622288,1867.127
          -80.5772442,28.5622308,1860.588
          -80.5772432,28.5622329,1854.035
          -80.5772422,28.5622349,1847.468
          -80.5772412,28.5622370,1840.887
          -80.5772401,28.5622390,1834.293
          -80.5772391,28.5622410,1827.686
          -80.5772381,28.5622431,1821.064
          -80.5772371,28.5622451,1814.430
          -80.5772360,28.5622471,1807.782
          -80.5772350,28.5622492,1801.120
          -80.5772340,28.5622512,1794.445
          -80.5772329,28.5622533,1787.757
          -80.5772318,28.5622554,1781.055
          -80.5772308,28.5622575,1774.340
          -80.5772297,28.5622596,1767.612
          -80.5772286,28.5622617,1760.871
          -80.5772275,28.5622638,1754.116
          -80.5772264,28.5622659,1747.349
          -80.5772253,28.5622680,1740.569
          -80.5772243,28.5622701,1733.776
          -80.5772232,28.5622722,1726.970
          -80.5772221,28.5622743,1720.152
          -80.5772210,28.5622764,1713.321
          -80.5772199,28.5622786,1706.477
          -80.5772188,28.5622807,1699.620
          -80.5772177,28.5622829,1692.751
          -80.5772165,28.5622850,1685.869
          -80.5772154,28.5622872,1678.975
          -80.5772142,28.5622894,1672.068
          -80.5772131,28.5622916,1665.149
          -80.5772120,28.5622937,1658.218
          -80.5772108,28.5622959,1651.275
          -80.5772097,28.5622981,1644.319
          -80.5772085,28.5623003,1637.351
          -80.5772074,28.5623025,1630.371
          -80.5772062,28.5623047,1623.379
          -80.5772050,28.5623069,1616.375
          -80.5772038,28.5623091,1609.359
          -80.5772026,28.5623113,1602.331
          -80.5772014,28.5623136,1595.292
          -80.5772002,28.5623158,1588.240
          -80.5771990,28.5623181,1581.177
          -80.5771978,28.5623203,1574.102
          -80.5771966,28.5623225,1567.016
          -80.5771954,28.5623248,1559.918
          -80.5771942,28.5623270,1552.809
          -80.5771930,28.5623293,1545.688
          -80.5771918,28.5623315,1538.556
          -80.5771905,28.5623338,1531.412
          -80.5771893,28.5623361,1524.257
          -80.5771880,28.5623384,1517.091
          -80.5771867,28.5623407,1509.913
          -80.5771855,28.5623430,1502.725
          -80.5771842,28.5623453,1495.525
          -80.5771830,28.5623476,1488.315
          -80.5771817,28.5623499,1481.093
          -80.5771805,28.5623522,1473.861
          -80.5771792,28.5623545,1466.618
          -80.5771779,28.5623569,1459.363
          -80.5771765,28.5623592,1452.098
          -80.5771752,28.5623616,1444.822
          -80.5771739,28.5623640,1437.536
          -80.5771726,28.5623663,1430.239
          -80.5771713,28.5623686,1422.932
          -80.5771700,28.5623710,1415.614
          -80.5771687,28.5623733,1408.286
          -80.5771673,28.5623757,1400.947
          -80.5771660,28.5623781,1393.598
          -80.5771646,28.5623805,1386.238
          -80.5771633,28.5623829,1378.869
          -80.5771619,28.5623853,1371.489
          -80.5771606,28.5623877,1364.099
          -80.5771592,28.5623901,1356.698
          -80.5771578,28.5623925,1349.288
          -80.5771564,28.5623949,1341.868
          -80.5771550,28.5623973,1334.438
          -80.5771536,28.5623998,1326.998
          -80.5771522,28.5624022,1319.548
          -80.5771508,28.5624046,1312.089
          -80.5771494,28.5624070,1304.620
          -80.5771480,28.5624095,1297.141
          -80.5771466,28.5624120,1289.652
          -80.5771452,28.5624144,1282.154
          -80.5771437,28.5624169,1274.646
          -80.5771423,28.5624194,1267.129
          -80.5771408,28.5624219,1259.602
          -80.5771394,28.5624243,1252.066
          -80.5771379,28.5624268,1244.521
          -80.5771365,28.5624293,1236.967
          -80.5771350,28.5624318,1229.403
          -80.5771335,28.5624343,1221.830
          -80.5771320,28.5624368,1214.248
          -80.5771305,28.5624393,1206.657
          -80.5771290,28.5624419,1199.056
          -80.5771275,28.5624444,1191.447
          -80.5771260,28.5624469,1183.829
          -80.5771245,28.5624494,1176.203
          -80.5771230,28.5624519,1168.567
          -80.5771215,28.5624545,1160.923
          -80.5771200,28.5624570,1153.269
          -80.5771185,28.5624596,1145.607
          -80.5771169,28.5624621,1137.937
          -80.5771154,28.5624647,1130.258
          -80.5771138,28.5624673,1122.570
          -80.5771122,28.5624699,1114.874
          -80.5771107,28.5624724,1107.169
          -80.5771091,28.5624750,1099.457
          -80.5771076,28.5624775,1091.736
          -80.5771060,28.5624801,1084.006
          -80.5771044,28.5624827,1076.268
          -80.5771028,28.5624853,1068.522
          -80.5771012,28.5624879,1060.768
          -80.5770996,28.5624906,1053.006
          -80.5770980,28.5624932,1045.236
          -80.5770964,28.5624958,1037.458
          -80.5770948,28.5624984,1029.672
          -80.5770932,28.5625010,1021.878
          -80.5770916,28.5625037,1014.076
          -80.5770899,28.5625063,1006.266
          -80.5770883,28.5625089,998.449
          -80.5770867,28.5625116,990.623
          -80.5770850,28.5625142,982.791
          -80.5770834,28.5625168,974.950
          -80.5770818,28.5625195,967.102
          -80.5770801,28.5625221,959.247
          -80.5770784,28.5625248,951.384
          -80.5770768,28.5625275,943.513
          -80.5770751,28.5625301,935.635
          -80.5770734,28.5625328,927.750
          -80.5770717,28.5625355,919.857
          -80.5770700,28.5625382,911.957
          -80.5770684,28.5625409,904.050
          -80.5770667,28.5625435,896.136
          -80.5770650,28.5625462,888.215
          -80.5770633,28.5625489,880.287
          -80.5770616,28.5625516,872.352
          -80.5770599,28.5625543,864.409
          -80.5770595,28.5625550,862.489
          -80.5770577,28.5625577,854.643
          -80.5770559,28.5625605,846.991
          -80.5770546,28.5625626,841.101
          -80.5770537,28.5625640,837.522
          -80.5770531,28.5625649,834.893
          -80.5770526,28.5625657,832.710
          -80.5770521,28.5625664,830.880
          -80.5770518,28.5625669,829.372
          -80.5770515,28.5625674,828.075
          -80.5770512,28.5625678,826.945
          -80.5770510,28.5625681,825.941
          -80.5770508,28.5625685,825.043
          -80.5770506,28.5625687,824.223
          -80.5770504,28.5625690,823.468
          -80.5770503,28.5625692,822.764
          -80.5770501,28.5625694,822.110
          -80.5770500,28.5625696,821.502
          -80.5770499,28.5625698,820.928
          -80.5770498,28.5625700,820.387
          -80.5770497,28.5625702,819.876
          -80.5770496,28.5625703,819.396
          -80.5770495,28.5625705,818.937
          -80.5770494,28.5625706,818.501
          -80.5770494,28.5625707,818.086
          -80.5770493,28.5625708,817.692
          -80.5770492,28.5625709,817.314
          -80.5770492,28.5625710,816.952
          -80.5770491,28.5625711,816.605
          -80.5770490,28.5625712,816.264
          -80.5770490,28.5625713,815.923
          -80.5770489,28.5625714,815.583
          -80.5770489,28.5625715,815.243
          -80.5770488,28.5625716,814.904
          -80.5770488,28.5625717,814.565
          -80.5770487,28.5625718,814.226
          -80.5770487,28.5625718,813.889
          -80.5770486,28.5625719,813.551
          -80.5770486,28.5625720,813.215
          -80.5770485,28.5625721,812.878
          -80.5770485,28.5625722,812.543
          -80.5770484,28.5625722,812.208
          -80.5770484,28.5625723,811.873
          -80.5770484,28.5625724,811.539
          -80.5770483,28.5625724,811.206
          -80.5770483,28.5625725,810.873
          -80.5770483,28.5625725,810.541
          -80.5770483,28.5625726,810.209
          -80.5770482,28.5625726,809.878
          -80.5770482,28.5625727,809.548
          -80.5770482,28.5625727,809.218
          -80.5770482,28.5625728,808.889
          -80.5770482,28.5625728,808.561
          -80.5770482,28.5625728,808.234
          -80.5770482,28.5625729,807.907
          -80.5770482,28.5625729,807.581
          -80.5770482,28.5625729,807.255
          -80.5770482,28.5625729,806.931
          -80.5770482,28.5625729,806.607
          -80.5770482,28.5625729,806.284
          -80.5770482,28.5625729,805.962
          -80.5770482,28.5625729,805.640
          -80.5770482,28.5625729,805.320
          -80.5770483,28.5625729,805.000
          -80.5770483,28.5625729,804.681
          -80.5770483,28.5625728,804.363
          -80.5770483,28.5625728,804.046
          -80.5770484,28.5625728,803.730
          -80.5770484,28.5625727,803.415
          -80.5770485,28.5625727,803.101
          -80.5770485,28.5625726,802.788
          -80.5770486,28.5625726,802.476
          -80.5770487,28.5625725,802.165
          -80.5770487,28.5625724,801.855
          -80.5770488,28.5625724,801.546
          -80.5770489,28.5625723,801.239
          -80.5770489,28.5625722,800.933
          -80.5770490,28.5625721,800.628
          -80.5770491,28.5625720,800.324
          -80.5770492,28.5625719,800.021
          -80.5770493,28.5625718,799.721
          -80.5770494,28.5625717,799.421
          -80.5770495,28.5625715,799.123
          -80.5770496,28.5625714,798.827
          -80.5770498,28.5625713,798.532
          -80.5770499,28.5625711,798.239
          -80.5770500,28.5625710,797.947
          -80.5770501,28.5625708,797.658
          -80.5770503,28.5625707,797.370
          -80.5770504,28.5625705,797.084
          -80.5770506,28.5625703,796.800
          -80.5770507,28.5625702,796.518
          -80.5770509,28.5625700,796.238
          -80.5770510,28.5625698,795.960
          -80.5770512,28.5625696,795.685
          -80.5770513,28.5625694,795.411
          -80.5770515,28.5625692,795.139
          -80.5770516,28.5625691,794.870
          -80.5770518,28.5625689,794.602
          -80.5770520,28.5625686,794.246
          -80.5770522,28.5625683,793.874
          -80.5770525,28.5625681,793.507
          -80.5770527,28.5625678,793.143
          -80.5770529,28.5625675,792.783
          -80.5770530,28.5625673,792.533
          -80.5770532,28.5625672,792.284
          -80.5770533,28.5625670,792.037
          -80.5770535,28.5625668,791.793
          -80.5770536,28.5625667,791.549
          -80.5770537,28.5625665,791.308
          -80.5770538,28.5625664,791.068
          -80.5770540,28.5625662,790.830
          -80.5770541,28.5625661,790.593
          -80.5770542,28.5625660,790.357
          -80.5770543,28.5625658,790.123
          -80.5770544,28.5625657,789.889
          -80.5770545,28.5625656,789.657
          -80.5770546,28.5625655,789.426
          -80.5770547,28.5625654,789.196
          -80.5770547,28.5625653,788.967
          -80.5770548,28.5625652,788.739
          -80.5770549,28.5625651,788.512
          -80.5770549,28.5625651,788.285
          -80.5770550,28.5625650,788.060
          -80.5770551,28.5625649,787.834
          -80.5770551,28.5625649,787.610
          -80.5770552,28.5625648,787.386
          -80.5770552,28.5625648,787.163
          -80.5770553,28.5625647,786.940
          -80.5770553,28.5625647,786.718
          -80.5770553,28.5625647,786.496
          -80.5770554,28.5625646,786.274
          -80.5770554,28.5625646,786.053
          -80.5770554,28.5625646,785.833
          -80.5770554,28.5625646,785.613
          -80.5770555,28.5625646,785.393
          -80.5770555,28.5625646,785.173
          -80.5770555,28.5625646,784.954
          -80.5770555,28.5625646,784.736
          -80.5770555,28.5625646,784.517
          -80.5770555,28.5625646,784.299
          -80.5770555,28.5625646,784.081
          -80.5770555,28.5625646,783.863
          -80.5770555,28.5625646,783.646
          -80.5770555,28.5625646,783.429
          -80.5770555,28.5625646,783.212
          -80.5770555,28.5625646,782.995
          -80.5770555,28.5625647,782.779
          -80.5770555,28.5625647,782.563
          -80.5770555,28.5625647,782.347
          -80.5770555,28.5625647,782.131
          -80.5770554,28.5625648,781.915
          -80.5770554,28.5625648,781.700
          -80.5770554,28.5625648,781.485
          -80.5770554,28.5625649,781.270
          -80.5770554,28.5625649,781.055
          -80.5770553,28.5625650,780.840
          -80.5770553,28.5625650,780.626
          -80.5770553,28.5625650,780.411
          -80.5770553,28.5625651,780.197
          -80.5770552,28.5625651,779.983
          -80.5770552,28.5625652,779.769
          -80.5770552,28.5625653,779.556
          -80.5770551,28.5625653,779.342
          -80.5770551,28.5625654,779.129
          -80.5770551,28.5625654,778.915
          -80.5770550,28.5625655,778.702
          -80.5770550,28.5625656,778.489
          -80.5770549,28.5625656,778.276
          -80.5770549,28.5625657,778.063
          -80.5770549,28.5625657,777.847
          -80.5770548,28.5625658,777.621
          -80.5770548,28.5625659,777.383
          -80.5770547,28.5625660,777.132
          -80.5770546,28.5625661,776.865
          -80.5770546,28.5625662,776.580
          -80.5770545,28.5625663,776.267
          -80.5770544,28.5625664,776.055
          -80.5770544,28.5625665,775.843
          -80.5770543,28.5625666,775.631
          -80.5770543,28.5625666,775.419
          -80.5770542,28.5625667,775.208
          -80.5770542,28.5625668,774.996
          -80.5770542,28.5625669,774.785
          -80.5770541,28.5625669,774.574
          -80.5770541,28.5625670,774.363
          -80.5770540,28.5625671,774.152
          -80.5770540,28.5625671,773.941
          -80.5770540,28.5625672,773.730
          -80.5770539,28.5625673,773.520
          -80.5770539,28.5625673,773.307
          -80.5770538,28.5625674,773.087
          -80.5770538,28.5625674,772.861
          -80.5770538,28.5625675,772.629
          -80.5770537,28.5625676,772.391
          -80.5770537,28.5625676,772.147
          -80.5770537,28.5625677,771.896
          -80.5770536,28.5625678,771.640
          -80.5770536,28.5625678,771.378
          -80.5770536,28.5625679,771.110
          -80.5770535,28.5625679,770.837
          -80.5770535,28.5625680,770.559
          -80.5770535,28.5625680,770.275
          -80.5770535,28.5625681,769.988
          -80.5770534,28.5625681,769.697
          -80.5770534,28.5625682,769.402
          -80.5770534,28.5625682,769.103
          -80.5770534,28.5625683,768.801
          -80.5770534,28.5625683,768.495
          -80.5770534,28.5625684,768.187
          -80.5770534,28.5625684,767.876
          -80.5770533,28.5625684,767.563
          -80.5770533,28.5625685,767.247
          -80.5770533,28.5625685,766.927
          -80.5770533,28.5625685,766.601
          -80.5770533,28.5625685,766.267
          -80.5770533,28.5625686,765.923
          -80.5770533,28.5625686,765.569
          -80.5770534,28.5625686,765.200
          -80.5770534,28.5625686,764.815
          -80.5770534,28.5625686,764.411
          -80.5770534,28.5625686,763.984
          -80.5770535,28.5625686,763.532
          -80.5770535,28.5625685,763.048
          -80.5770535,28.5625685,762.530
          -80.5770536,28.5625685,761.975
          -80.5770536,28.5625685,761.680
          -80.5770537,28.5625684,761.378
          -80.5770537,28.5625684,761.068
          -80.5770537,28.5625684,760.748
          -80.5770537,28.5625684,760.418
          -80.5770538,28.5625684,760.079
          -80.5770538,28.5625684,759.732
          -80.5770538,28.5625684,759.376
          -80.5770538,28.5625684,759.012
          -80.5770538,28.5625684,758.642
          -80.5770538,28.5625685,758.265
          -80.5770538,28.5625685,757.883
          -80.5770538,28.5625685,757.497
          -80.5770538,28.5625686,757.107
          -80.5770537,28.5625686,756.715
          -80.5770537,28.5625687,756.322
          -80.5770537,28.5625687,755.906
          -80.5770537,28.5625688,755.525
          -80.5770537,28.5625689,755.053
          -80.5770536,28.5625689,754.555
          -80.5770536,28.5625690,754.139
          -80.5770536,28.5625690,753.737
          -80.5770536,28.5625691,753.358
          -80.5770536,28.5625691,752.968
          -80.5770536,28.5625692,752.572
          -80.5770535,28.5625692,752.179
          -80.5770535,28.5625693,751.794
          -80.5770535,28.5625693,751.412
          -80.5770535,28.5625694,751.011
          -80.5770534,28.5625695,750.588
          -80.5770534,28.5625695,750.148
          -80.5770534,28.5625696,749.706
          -80.5770534,28.5625697,749.208
          -80.5770533,28.5625697,748.692
          -80.5770533,28.5625698,748.191
          -80.5770533,28.5625699,747.666
          -80.5770532,28.5625700,747.151
          -80.5770532,28.5625700,746.688
          -80.5770532,28.5625701,746.303
          -80.5770531,28.5625701,745.907
          -80.5770531,28.5625702,745.511
          -80.5770531,28.5625703,745.102
          -80.5770531,28.5625703,744.697
          -80.5770530,28.5625704,744.309
          -80.5770530,28.5625705,743.920
          -80.5770530,28.5625705,743.530
          -80.5770529,28.5625706,743.141
          -80.5770529,28.5625707,742.752
          -80.5770529,28.5625707,742.363
          -80.5770528,28.5625708,741.967
          -80.5770528,28.5625709,741.565
          -80.5770527,28.5625710,741.159
          -80.5770527,28.5625711,740.631
          -80.5770526,28.5625712,740.097
          -80.5770526,28.5625713,739.640
          -80.5770526,28.5625713,739.248
          -80.5770525,28.5625714,738.856
          -80.5770525,28.5625715,738.385
          -80.5770524,28.5625716,737.944
          -80.5770524,28.5625717,737.506
          -80.5770523,28.5625718,737.071
          -80.5770523,28.5625719,736.636
          -80.5770522,28.5625719,736.201
          -80.5770522,28.5625720,735.765
          -80.5770522,28.5625721,735.328
          -80.5770521,28.5625722,734.891
          -80.5770521,28.5625723,734.422
          -80.5770520,28.5625724,733.890
          -80.5770519,28.5625725,733.439
          -80.5770519,28.5625726,732.996
          -80.5770518,28.5625727,732.554
          -80.5770518,28.5625729,732.111
          -80.5770517,28.5625730,731.664
          -80.5770516,28.5625731,731.205
          -80.5770516,28.5625732,730.809
          -80.5770515,28.5625733,730.407
          -80.5770515,28.5625734,729.913
          -80.5770514,28.5625735,729.375
          -80.5770513,28.5625736,728.835
          -80.5770513,28.5625737,728.342
          -80.5770512,28.5625739,727.898
          -80.5770511,28.5625740,727.422
          -80.5770511,28.5625741,726.938
          -80.5770510,28.5625742,726.471
          -80.5770510,28.5625743,726.015
          -80.5770509,28.5625744,725.568
          -80.5770508,28.5625745,725.126
          -80.5770508,28.5625746,724.689
          -80.5770507,28.5625747,724.253
          -80.5770506,28.5625748,723.821
          -80.5770506,28.5625749,723.388
          -80.5770505,28.5625751,722.844
          -80.5770504,28.5625752,722.348
          -80.5770504,28.5625753,721.870
          -80.5770503,28.5625754,721.387
          -80.5770502,28.5625756,720.884
          -80.5770502,28.5625757,720.328
          -80.5770501,28.5625758,719.812
          -80.5770500,28.5625759,719.391
          -80.5770500,28.5625760,718.962
          -80.5770499,28.5625762,718.474
          -80.5770498,28.5625763,717.926
          -80.5770497,28.5625765,717.390
          -80.5770496,28.5625766,716.825
          -80.5770495,28.5625767,716.393
          -80.5770495,28.5625769,715.986
          -80.5770494,28.5625770,715.577
          -80.5770493,28.5625771,715.164
          -80.5770493,28.5625772,714.750
          -80.5770492,28.5625773,714.332
          -80.5770491,28.5625775,713.914
          -80.5770490,28.5625776,713.494
          -80.5770490,28.5625777,713.075
          -80.5770489,28.5625778,712.654
          -80.5770488,28.5625780,712.233
          -80.5770487,28.5625781,711.792
          -80.5770487,28.5625782,711.346
          -80.5770486,28.5625784,710.870
          -80.5770485,28.5625785,710.427
          -80.5770484,28.5625786,710.009
          -80.5770484,28.5625787,709.590
          -80.5770483,28.5625788,709.173
          -80.5770482,28.5625790,708.757
          -80.5770481,28.5625791,708.316
          -80.5770481,28.5625792,707.893
          -80.5770480,28.5625793,707.437
          -80.5770479,28.5625795,706.868
          -80.5770478,28.5625797,706.393
          -80.5770477,28.5625798,705.882
          -80.5770476,28.5625800,705.338
          -80.5770475,28.5625801,704.871
          -80.5770474,28.5625803,704.453
          -80.5770473,28.5625805,703.882
          -80.5770472,28.5625806,703.333
          -80.5770471,28.5625808,702.905
          -80.5770470,28.5625809,702.475
          -80.5770469,28.5625810,702.036
          -80.5770468,28.5625812,701.529
          -80.5770468,28.5625813,701.050
          -80.5770467,28.5625815,700.615
          -80.5770466,28.5625816,700.180
          -80.5770465,28.5625817,699.743
          -80.5770464,28.5625819,699.305
          -80.5770463,28.5625820,698.866
          -80.5770462,28.5625822,698.432
          -80.5770461,28.5625823,697.995
          -80.5770461,28.5625825,697.547
          -80.5770460,28.5625826,697.100
          -80.5770459,28.5625828,696.645
          -80.5770457,28.5625830,696.066
          -80.5770457,28.5625831,695.641
          -80.5770456,28.5625833,695.213
          -80.5770455,28.5625834,694.784
          -80.5770454,28.5625835,694.354
          -80.5770453,28.5625837,693.924
          -80.5770452,28.5625838,693.497
          -80.5770451,28.5625840,693.052
          -80.5770450,28.5625841,692.607
          -80.5770449,28.5625843,692.162
          -80.5770448,28.5625845,691.718
          -80.5770447,28.5625846,691.265
          -80.5770446,28.5625848,690.816
          -80.5770445,28.5625850,690.366
          -80.5770444,28.5625851,689.928
          -80.5770443,28.5625853,689.482
          -80.5770442,28.5625854,689.034
          -80.5770441,28.5625856,688.583
          -80.5770440,28.5625858,688.132
          -80.5770438,28.5625859,687.678
          -80.5770437,28.5625861,687.225
          -80.5770436,28.5625863,686.771
          -80.5770435,28.5625865,686.318
          -80.5770434,28.5625866,685.850
          -80.5770433,28.5625868,685.418
          -80.5770432,28.5625870,684.984
          -80.5770431,28.5625871,684.544
          -80.5770430,28.5625873,684.099
          -80.5770429,28.5625875,683.648
          -80.5770428,28.5625876,683.192
          -80.5770427,28.5625878,682.743
          -80.5770426,28.5625880,682.300
          -80.5770425,28.5625881,681.859
          -80.5770423,28.5625883,681.421
          -80.5770422,28.5625885,680.983
          -80.5770421,28.5625886,680.546
          -80.5770420,28.5625888,680.110
          -80.5770419,28.5625890,679.675
          -80.5770418,28.5625892,679.241
          -80.5770417,28.5625893,678.807
          -80.5770416,28.5625895,678.372
          -80.5770415,28.5625897,677.935
          -80.5770414,28.5625898,677.499
          -80.5770412,28.5625900,677.062
          -80.5770411,28.5625902,676.624
          -80.5770410,28.5625904,676.186
          -80.5770409,28.5625905,675.747
          -80.5770408,28.5625907,675.309
          -80.5770407,28.5625909,674.872
          -80.5770406,28.5625911,674.434
          -80.5770404,28.5625913,673.995
          -80.5770403,28.5625914,673.553
          -80.5770402,28.5625916,673.109
          -80.5770401,28.5625918,672.658
          -80.5770399,28.5625920,672.158
          -80.5770398,28.5625923,671.631
          -80.5770396,28.5625925,671.089
          -80.5770395,28.5625927,670.539
          -80.5770393,28.5625930,669.984
          -80.5770392,28.5625932,669.425
          -80.5770390,28.5625935,668.839
          -80.5770388,28.5625937,668.297
          -80.5770387,28.5625939,667.791
          -80.5770386,28.5625941,667.312
          -80.5770384,28.5625943,666.850
          -80.5770383,28.5625945,666.397
          -80.5770382,28.5625947,665.948
          -80.5770380,28.5625949,665.502
          -80.5770379,28.5625951,665.004
          -80.5770377,28.5625954,664.497
          -80.5770376,28.5625956,663.965
          -80.5770375,28.5625958,663.499
          -80.5770373,28.5625960,663.036
          -80.5770372,28.5625962,662.568
          -80.5770370,28.5625964,662.111
          -80.5770369,28.5625967,661.619
          -80.5770367,28.5625969,661.117
          -80.5770366,28.5625971,660.612
          -80.5770364,28.5625973,660.108
          -80.5770363,28.5625976,659.602
          -80.5770361,28.5625978,659.096
          -80.5770360,28.5625980,658.597
          -80.5770358,28.5625983,658.099
          -80.5770357,28.5625985,657.597
          -80.5770355,28.5625987,657.076
          -80.5770353,28.5625990,656.528
          -80.5770352,28.5625992,655.972
          -80.5770350,28.5625995,655.411
          -80.5770348,28.5625998,654.796
          -80.5770346,28.5626001,654.171
          -80.5770345,28.5626003,653.716
          -80.5770343,28.5626005,653.265
          -80.5770342,28.5626008,652.810
          -80.5770340,28.5626010,652.349
          -80.5770338,28.5626013,651.730
          -80.5770336,28.5626015,651.249
          -80.5770335,28.5626018,650.676
          -80.5770333,28.5626021,650.112
          -80.5770331,28.5626024,649.519
          -80.5770329,28.5626026,649.001
          -80.5770328,28.5626028,648.546
          -80.5770326,28.5626031,648.013
          -80.5770324,28.5626034,647.387
          -80.5770322,28.5626037,646.808
          -80.5770321,28.5626039,646.348
          -80.5770319,28.5626041,645.888
          -80.5770317,28.5626044,645.429
          -80.5770316,28.5626046,644.970
          -80.5770314,28.5626048,644.510
          -80.5770313,28.5626051,644.050
          -80.5770311,28.5626053,643.589
          -80.5770309,28.5626056,643.128
          -80.5770308,28.5626058,642.664
          -80.5770306,28.5626060,642.201
          -80.5770305,28.5626063,641.729
          -80.5770303,28.5626065,641.257
          -80.5770301,28.5626068,640.784
          -80.5770300,28.5626070,640.310
          -80.5770298,28.5626073,639.832
          -80.5770296,28.5626075,639.352
          -80.5770294,28.5626078,638.869
          -80.5770292,28.5626081,638.244
          -80.5770290,28.5626084,637.678
          -80.5770288,28.5626087,637.101
          -80.5770286,28.5626090,636.454
          -80.5770284,28.5626093,635.871
          -80.5770282,28.5626096,635.395
          -80.5770280,28.5626099,634.795
          -80.5770278,28.5626102,634.207
          -80.5770276,28.5626105,633.735
          -80.5770275,28.5626107,633.272
          -80.5770273,28.5626110,632.804
          -80.5770271,28.5626113,632.329
          -80.5770269,28.5626116,631.717
          -80.5770266,28.5626120,631.075
          -80.5770264,28.5626123,630.422
          -80.5770262,28.5626126,629.811
          -80.5770260,28.5626129,629.269
          -80.5770258,28.5626132,628.792
          -80.5770256,28.5626135,628.210
          -80.5770254,28.5626138,627.665
          -80.5770252,28.5626141,627.169
          -80.5770250,28.5626144,626.702
          -80.5770248,28.5626146,626.218
          -80.5770246,28.5626149,625.656
          -80.5770244,28.5626152,625.178
          -80.5770242,28.5626155,624.700
          -80.5770240,28.5626157,624.221
          -80.5770238,28.5626161,623.587
          -80.5770236,28.5626165,622.934
          -80.5770233,28.5626168,622.281
          -80.5770231,28.5626172,621.672
          -80.5770228,28.5626175,621.033
          -80.5770227,28.5626178,620.498
          -80.5770225,28.5626181,619.974
          -80.5770223,28.5626184,619.448
          -80.5770221,28.5626187,618.901
          -80.5770219,28.5626190,618.375
          -80.5770217,28.5626193,617.853
          -80.5770215,28.5626196,617.325
          -80.5770213,28.5626199,616.783
          -80.5770210,28.5626202,616.215
          -80.5770208,28.5626205,615.607
          -80.5770206,28.5626208,615.132
          -80.5770204,28.5626211,614.653
          -80.5770202,28.5626213,614.174
          -80.5770201,28.5626216,613.694
          -80.5770199,28.5626219,613.215
          -80.5770197,28.5626222,612.738
          -80.5770195,28.5626224,612.263
          -80.5770193,28.5626227,611.786
          -80.5770191,28.5626230,611.310
          -80.5770189,28.5626233,610.831
          -80.5770187,28.5626236,610.354
          -80.5770185,28.5626238,609.878
          -80.5770184,28.5626241,609.395
          -80.5770182,28.5626244,608.909
          -80.5770180,28.5626247,608.423
          -80.5770178,28.5626250,607.944
          -80.5770176,28.5626253,607.442
          -80.5770174,28.5626256,606.946
          -80.5770172,28.5626259,606.450
          -80.5770170,28.5626262,605.952
          -80.5770167,28.5626265,605.454
          -80.5770165,28.5626268,604.957
          -80.5770163,28.5626271,604.452
          -80.5770161,28.5626274,603.952
          -80.5770159,28.5626277,603.452
          -80.5770157,28.5626280,602.951
          -80.5770155,28.5626283,602.456
          -80.5770153,28.5626286,601.965
          -80.5770150,28.5626289,601.476
          -80.5770148,28.5626293,600.989
          -80.5770146,28.5626296,600.503
          -80.5770144,28.5626299,600.017
          -80.5770142,28.5626302,599.518
          -80.5770140,28.5626305,599.018
          -80.5770138,28.5626308,598.508
          -80.5770136,28.5626311,597.991
          -80.5770134,28.5626314,597.506
          -80.5770131,28.5626317,596.990
          -80.5770129,28.5626320,596.505
          -80.5770127,28.5626324,595.961
          -80.5770125,28.5626327,595.370
          -80.5770122,28.5626331,594.763
          -80.5770119,28.5626335,594.159
          -80.5770117,28.5626338,593.574
          -80.5770115,28.5626341,593.084
          -80.5770112,28.5626345,592.530
          -80.5770110,28.5626348,592.027
          -80.5770108,28.5626351,591.532
          -80.5770106,28.5626354,591.036
          -80.5770104,28.5626358,590.541
          -80.5770102,28.5626361,590.045
          -80.5770099,28.5626364,589.548
          -80.5770097,28.5626367,589.052
          -80.5770095,28.5626370,588.555
          -80.5770093,28.5626374,588.058
          -80.5770090,28.5626377,587.555
          -80.5770088,28.5626381,586.955
          -80.5770085,28.5626385,586.377
          -80.5770083,28.5626388,585.818
          -80.5770080,28.5626392,585.272
          -80.5770078,28.5626395,584.741
          -80.5770075,28.5626399,584.220
          -80.5770073,28.5626402,583.692
          -80.5770071,28.5626406,583.160
          -80.5770068,28.5626409,582.635
          -80.5770065,28.5626413,581.948
          -80.5770063,28.5626417,581.361
          -80.5770061,28.5626420,580.864
          -80.5770058,28.5626423,580.345
          -80.5770056,28.5626427,579.809
          -80.5770053,28.5626431,579.239
          -80.5770050,28.5626435,578.588
          -80.5770047,28.5626440,577.917
          -80.5770044,28.5626444,577.261
          -80.5770041,28.5626448,576.654
          -80.5770038,28.5626453,575.993
          -80.5770035,28.5626457,575.323
          -80.5770032,28.5626462,574.645
          -80.5770029,28.5626467,573.975
          -80.5770025,28.5626471,573.306
          -80.5770022,28.5626476,572.631
          -80.5770019,28.5626481,571.943
          -80.5770016,28.5626484,571.448
          -80.5770014,28.5626488,570.875
          -80.5770010,28.5626493,570.199
          -80.5770008,28.5626497,569.654
          -80.5770005,28.5626500,569.110
          -80.5770002,28.5626505,568.418
          -80.5769999,28.5626509,567.753
          -80.5769996,28.5626514,567.056
          -80.5769993,28.5626518,566.510
          -80.5769991,28.5626522,565.954
          -80.5769988,28.5626525,565.431
          -80.5769986,28.5626529,564.908
          -80.5769983,28.5626532,564.386
          -80.5769981,28.5626536,563.856
          -80.5769978,28.5626541,563.181
          -80.5769974,28.5626546,562.489
          -80.5769972,28.5626549,561.970
          -80.5769969,28.5626553,561.454
          -80.5769967,28.5626557,560.938
          -80.5769964,28.5626560,560.424
          -80.5769962,28.5626564,559.907
          -80.5769959,28.5626568,559.391
          -80.5769956,28.5626571,558.841
          -80.5769953,28.5626576,558.287
          -80.5769951,28.5626580,557.716
          -80.5769948,28.5626584,557.092
          -80.5769944,28.5626589,556.416
          -80.5769941,28.5626593,555.835
          -80.5769938,28.5626598,555.224
          -80.5769935,28.5626602,554.658
          -80.5769933,28.5626606,554.108
          -80.5769930,28.5626610,553.580
          -80.5769927,28.5626614,553.059
          -80.5769924,28.5626618,552.482
          -80.5769921,28.5626623,551.831
          -80.5769917,28.5626628,551.163
          -80.5769914,28.5626632,550.594
          -80.5769912,28.5626636,550.070
          -80.5769909,28.5626640,549.550
          -80.5769906,28.5626644,549.025
          -80.5769904,28.5626648,548.520
          -80.5769901,28.5626651,547.982
          -80.5769898,28.5626656,547.354
          -80.5769896,28.5626660,546.788
          -80.5769893,28.5626664,546.254
          -80.5769890,28.5626668,545.723
          -80.5769887,28.5626672,545.130
          -80.5769884,28.5626677,544.543
          -80.5769881,28.5626681,544.030
          -80.5769878,28.5626685,543.516
          -80.5769875,28.5626690,542.859
          -80.5769872,28.5626694,542.305
          -80.5769869,28.5626698,541.755
          -80.5769866,28.5626703,541.189
          -80.5769863,28.5626707,540.664
          -80.5769860,28.5626711,540.085
          -80.5769857,28.5626716,539.416
          -80.5769853,28.5626721,538.754
          -80.5769850,28.5626725,538.186
          -80.5769847,28.5626730,537.567
          -80.5769844,28.5626734,536.971
          -80.5769841,28.5626738,536.454
          -80.5769839,28.5626742,535.941
          -80.5769836,28.5626746,535.410
          -80.5769833,28.5626750,534.899
          -80.5769831,28.5626754,534.376
          -80.5769828,28.5626758,533.843
          -80.5769825,28.5626762,533.312
          -80.5769822,28.5626766,532.791
          -80.5769819,28.5626770,532.208
          -80.5769816,28.5626774,531.693
          -80.5769813,28.5626779,531.095
          -80.5769810,28.5626784,530.422
          -80.5769807,28.5626789,529.753
          -80.5769804,28.5626793,529.201
          -80.5769801,28.5626797,528.642
          -80.5769798,28.5626801,528.071
          -80.5769795,28.5626806,527.485
          -80.5769792,28.5626810,526.883
          -80.5769789,28.5626815,526.284
          -80.5769786,28.5626819,525.684
          -80.5769783,28.5626824,525.083
          -80.5769779,28.5626828,524.456
          -80.5769776,28.5626834,523.749
          -80.5769773,28.5626838,523.197
          -80.5769770,28.5626842,522.648
          -80.5769767,28.5626846,522.094
          -80.5769764,28.5626851,521.448
          -80.5769760,28.5626856,520.749
          -80.5769757,28.5626861,520.165
          -80.5769753,28.5626866,519.503
          -80.5769750,28.5626871,518.891
          -80.5769747,28.5626875,518.374
          -80.5769744,28.5626879,517.825
          -80.5769741,28.5626884,517.237
          -80.5769738,28.5626888,516.661
          -80.5769735,28.5626893,516.128
          -80.5769732,28.5626897,515.555
          -80.5769729,28.5626902,514.973
          -80.5769725,28.5626908,514.272
          -80.5769721,28.5626913,513.588
          -80.5769717,28.5626918,512.920
          -80.5769714,28.5626923,512.293
          -80.5769711,28.5626928,511.744
          -80.5769708,28.5626932,511.211
          -80.5769704,28.5626937,510.584
          -80.5769701,28.5626942,509.951
          -80.5769698,28.5626947,509.390
          -80.5769694,28.5626952,508.745
          -80.5769690,28.5626957,508.084
          -80.5769686,28.5626963,507.417
          -80.5769683,28.5626969,506.718
          -80.5769679,28.5626973,506.114
          -80.5769676,28.5626978,505.585
          -80.5769673,28.5626982,505.014
          -80.5769669,28.5626988,504.298
          -80.5769666,28.5626993,503.673
          -80.5769662,28.5626998,503.066
          -80.5769659,28.5627002,502.545
          -80.5769655,28.5627008,501.829
          -80.5769652,28.5627013,501.144
          -80.5769648,28.5627019,500.423
          -80.5769645,28.5627024,499.865
          -80.5769641,28.5627028,499.280
          -80.5769638,28.5627033,498.749
          -80.5769635,28.5627037,498.216
          -80.5769632,28.5627041,497.686
          -80.5769629,28.5627046,497.068
          -80.5769626,28.5627051,496.462
          -80.5769622,28.5627056,495.834
          -80.5769618,28.5627061,495.177
          -80.5769615,28.5627066,494.622
          -80.5769612,28.5627070,494.089
          -80.5769609,28.5627075,493.549
          -80.5769606,28.5627080,493.003
          -80.5769603,28.5627084,492.455
          -80.5769600,28.5627089,491.905
          -80.5769596,28.5627093,491.323
          -80.5769592,28.5627099,490.621
          -80.5769588,28.5627105,489.890
          -80.5769585,28.5627110,489.268
          -80.5769581,28.5627116,488.579
          -80.5769578,28.5627120,488.040
          -80.5769575,28.5627125,487.500
          -80.5769572,28.5627129,486.960
          -80.5769569,28.5627133,486.433
          -80.5769566,28.5627138,485.869
          -80.5769562,28.5627143,485.261
          -80.5769559,28.5627147,484.731
          -80.5769556,28.5627152,484.198
          -80.5769553,28.5627156,483.663
          -80.5769550,28.5627161,483.126
          -80.5769547,28.5627165,482.588
          -80.5769544,28.5627170,482.057
          -80.5769541,28.5627174,481.512
          -80.5769537,28.5627179,480.946
          -80.5769533,28.5627185,480.248
          -80.5769529,28.5627191,479.571
          -80.5769526,28.5627196,478.967
          -80.5769522,28.5627201,478.360
          -80.5769518,28.5627207,477.696
          -80.5769515,28.5627212,477.127
          -80.5769511,28.5627217,476.465
          -80.5769508,28.5627223,475.835
          -80.5769503,28.5627229,475.099
          -80.5769500,28.5627234,474.481
          -80.5769496,28.5627239,473.893
          -80.5769493,28.5627244,473.356
          -80.5769490,28.5627248,472.818
          -80.5769486,28.5627253,472.233
          -80.5769483,28.5627258,471.660
          -80.5769480,28.5627263,471.112
          -80.5769476,28.5627268,470.482
          -80.5769472,28.5627274,469.834
          -80.5769469,28.5627279,469.199
          -80.5769464,28.5627286,468.478
          -80.5769460,28.5627292,467.774
          -80.5769457,28.5627297,467.211
          -80.5769454,28.5627301,466.678
          -80.5769450,28.5627306,466.107
          -80.5769447,28.5627311,465.572
          -80.5769444,28.5627315,465.036
          -80.5769441,28.5627320,464.500
          -80.5769437,28.5627325,463.962
          -80.5769434,28.5627330,463.424
          -80.5769431,28.5627334,462.890
          -80.5769428,28.5627339,462.354
          -80.5769424,28.5627344,461.820
          -80.5769421,28.5627349,461.187
          -80.5769417,28.5627355,460.603
          -80.5769413,28.5627360,460.024
          -80.5769410,28.5627365,459.480
          -80.5769406,28.5627371,458.756
          -80.5769401,28.5627377,458.052
          -80.5769398,28.5627382,457.474
          -80.5769395,28.5627387,456.924
          -80.5769391,28.5627392,456.377
          -80.5769388,28.5627398,455.765
          -80.5769384,28.5627403,455.157
          -80.5769381,28.5627408,454.582
          -80.5769377,28.5627413,454.049
          -80.5769373,28.5627419,453.349
          -80.5769369,28.5627424,452.765
          -80.5769366,28.5627429,452.230
          -80.5769362,28.5627435,451.636
          -80.5769359,28.5627440,451.059
          -80.5769354,28.5627446,450.343
          -80.5769351,28.5627452,449.716
          -80.5769347,28.5627457,449.112
          -80.5769343,28.5627463,448.491
          -80.5769340,28.5627467,447.955
          -80.5769337,28.5627472,447.418
          -80.5769334,28.5627477,446.882
          -80.5769330,28.5627481,446.346
          -80.5769327,28.5627486,445.806
          -80.5769324,28.5627491,445.267
          -80.5769321,28.5627495,444.722
          -80.5769317,28.5627500,444.177
          -80.5769314,28.5627505,443.638
          -80.5769311,28.5627509,443.101
          -80.5769308,28.5627514,442.524
          -80.5769304,28.5627520,441.873
          -80.5769300,28.5627525,441.262
          -80.5769296,28.5627531,440.584
          -80.5769292,28.5627537,439.882
          -80.5769288,28.5627542,439.320
          -80.5769285,28.5627548,438.735
          -80.5769281,28.5627553,438.105
          -80.5769277,28.5627560,437.414
          -80.5769273,28.5627566,436.750
          -80.5769268,28.5627572,436.072
          -80.5769264,28.5627579,435.336
          -80.5769260,28.5627584,434.717
          -80.5769256,28.5627590,434.162
          -80.5769253,28.5627594,433.623
          -80.5769250,28.5627599,433.085
          -80.5769246,28.5627604,432.547
          -80.5769243,28.5627609,432.005
          -80.5769240,28.5627614,431.466
          -80.5769236,28.5627619,430.926
          -80.5769233,28.5627624,430.385
          -80.5769230,28.5627629,429.844
          -80.5769226,28.5627634,429.305
          -80.5769223,28.5627639,428.761
          -80.5769219,28.5627644,428.188
          -80.5769215,28.5627650,427.547
          -80.5769211,28.5627656,426.911
          -80.5769207,28.5627662,426.149
          -80.5769202,28.5627669,425.399
          -80.5769199,28.5627674,424.860
          -80.5769195,28.5627679,424.320
          -80.5769192,28.5627684,423.775
          -80.5769188,28.5627690,423.118
          -80.5769184,28.5627696,422.503
          -80.5769180,28.5627702,421.882
          -80.5769176,28.5627708,421.233
          -80.5769172,28.5627714,420.534
          -80.5769168,28.5627719,419.978
          -80.5769164,28.5627726,419.291
          -80.5769160,28.5627732,418.614
          -80.5769156,28.5627737,418.053
          -80.5769151,28.5627744,417.324
          -80.5769147,28.5627750,416.733
          -80.5769143,28.5627756,416.064
          -80.5769140,28.5627761,415.521
          -80.5769135,28.5627767,414.838
          -80.5769131,28.5627774,414.167
          -80.5769128,28.5627779,413.592
          -80.5769124,28.5627785,412.952
          -80.5769120,28.5627790,412.349
          -80.5769117,28.5627795,411.808
          -80.5769113,28.5627801,411.184
          -80.5769108,28.5627808,410.474
          -80.5769104,28.5627814,409.821
          -80.5769099,28.5627820,409.110
          -80.5769096,28.5627826,408.524
          -80.5769092,28.5627832,407.876
          -80.5769088,28.5627838,407.243
          -80.5769084,28.5627843,406.675
          -80.5769081,28.5627848,406.110
          -80.5769077,28.5627853,405.566
          -80.5769074,28.5627858,405.004
          -80.5769070,28.5627864,404.415
          -80.5769066,28.5627869,403.845
          -80.5769063,28.5627874,403.300
          -80.5769059,28.5627879,402.730
          -80.5769055,28.5627886,402.040
          -80.5769051,28.5627892,401.372
          -80.5769047,28.5627897,400.807
          -80.5769044,28.5627903,400.212
          -80.5769040,28.5627908,399.662
          -80.5769037,28.5627913,399.111
          -80.5769033,28.5627918,398.559
          -80.5769030,28.5627923,398.006
          -80.5769026,28.5627928,397.435
          -80.5769022,28.5627934,396.836
          -80.5769018,28.5627940,396.192
          -80.5769015,28.5627946,395.580
          -80.5769011,28.5627952,394.962
          -80.5769007,28.5627958,394.339
          -80.5769003,28.5627964,393.708
          -80.5768998,28.5627970,393.073
          -80.5768994,28.5627976,392.416
          -80.5768991,28.5627981,391.867
          -80.5768987,28.5627986,391.319
          -80.5768984,28.5627991,390.758
          -80.5768980,28.5627997,390.200
          -80.5768977,28.5628002,389.634
          -80.5768973,28.5628008,388.964
          -80.5768968,28.5628015,388.201
          -80.5768965,28.5628020,387.633
          -80.5768961,28.5628024,387.093
          -80.5768958,28.5628029,386.545
          -80.5768954,28.5628035,385.902
          -80.5768950,28.5628042,385.237
          -80.5768946,28.5628047,384.637
          -80.5768942,28.5628053,384.088
          -80.5768939,28.5628058,383.536
          -80.5768935,28.5628063,382.984
          -80.5768932,28.5628069,382.433
          -80.5768928,28.5628074,381.885
          -80.5768924,28.5628079,381.337
          -80.5768921,28.5628084,380.789
          -80.5768917,28.5628090,380.240
          -80.5768914,28.5628095,379.692
          -80.5768910,28.5628101,379.142
          -80.5768906,28.5628106,378.573
          -80.5768903,28.5628111,378.002
          -80.5768899,28.5628117,377.439
          -80.5768895,28.5628122,376.886
          -80.5768892,28.5628128,376.303
          -80.5768887,28.5628134,375.660
          -80.5768883,28.5628141,374.990
          -80.5768879,28.5628147,374.316
          -80.5768874,28.5628154,373.645
          -80.5768870,28.5628159,373.037
          -80.5768867,28.5628165,372.469
          -80.5768863,28.5628170,371.909
          -80.5768859,28.5628176,371.332
          -80.5768856,28.5628181,370.770
          -80.5768852,28.5628187,370.205
          -80.5768848,28.5628192,369.631
          -80.5768845,28.5628198,369.064
          -80.5768841,28.5628203,368.510
          -80.5768837,28.5628209,367.912
          -80.5768832,28.5628216,367.159
          -80.5768828,28.5628222,366.505
          -80.5768823,28.5628230,365.750
          -80.5768820,28.5628235,365.163
          -80.5768815,28.5628242,364.434
          -80.5768810,28.5628249,363.680
          -80.5768806,28.5628255,363.056
          -80.5768802,28.5628261,362.478
          -80.5768799,28.5628266,361.914
          -80.5768795,28.5628272,361.345
          -80.5768791,28.5628277,360.736
          -80.5768788,28.5628283,360.185
          -80.5768784,28.5628288,359.617
          -80.5768780,28.5628294,359.026
          -80.5768776,28.5628299,358.442
          -80.5768773,28.5628305,357.882
          -80.5768769,28.5628310,357.331
          -80.5768765,28.5628316,356.781
          -80.5768762,28.5628321,356.229
          -80.5768758,28.5628326,355.674
          -80.5768755,28.5628332,355.113
          -80.5768751,28.5628337,354.543
          -80.5768747,28.5628343,353.986
          -80.5768744,28.5628348,353.432
          -80.5768740,28.5628354,352.881
          -80.5768737,28.5628359,352.329
          -80.5768733,28.5628364,351.771
          -80.5768728,28.5628371,351.068
          -80.5768724,28.5628377,350.444
          -80.5768720,28.5628384,349.820
          -80.5768715,28.5628391,349.137
          -80.5768711,28.5628397,348.481
          -80.5768707,28.5628403,347.841
          -80.5768703,28.5628410,347.201
          -80.5768698,28.5628416,346.563
          -80.5768695,28.5628422,345.996
          -80.5768691,28.5628427,345.428
          -80.5768686,28.5628434,344.733
          -80.5768683,28.5628439,344.131
          -80.5768678,28.5628447,343.350
          -80.5768673,28.5628454,342.579
          -80.5768668,28.5628461,341.834
          -80.5768664,28.5628468,341.107
          -80.5768660,28.5628474,340.481
          -80.5768655,28.5628480,339.779
          -80.5768651,28.5628487,339.116
          -80.5768647,28.5628492,338.561
          -80.5768644,28.5628498,337.970
          -80.5768640,28.5628504,337.387
          -80.5768635,28.5628510,336.715
          -80.5768631,28.5628517,335.991
          -80.5768627,28.5628523,335.435
          -80.5768623,28.5628528,334.880
          -80.5768620,28.5628534,334.317
          -80.5768615,28.5628540,333.660
          -80.5768612,28.5628545,333.056
          -80.5768608,28.5628552,332.416
          -80.5768604,28.5628557,331.852
          -80.5768601,28.5628562,331.289
          -80.5768596,28.5628568,330.575
          -80.5768593,28.5628574,330.000
          -80.5768589,28.5628579,329.454
          -80.5768586,28.5628584,328.892
          -80.5768582,28.5628589,328.320
          -80.5768578,28.5628595,327.698
          -80.5768574,28.5628602,327.000
          -80.5768570,28.5628608,326.401
          -80.5768565,28.5628615,325.755
          -80.5768562,28.5628620,325.176
          -80.5768558,28.5628626,324.592
          -80.5768554,28.5628632,324.024
          -80.5768550,28.5628638,323.454
          -80.5768546,28.5628644,322.869
          -80.5768541,28.5628651,322.146
          -80.5768537,28.5628657,321.545
          -80.5768533,28.5628664,320.860
          -80.5768529,28.5628670,320.290
          -80.5768525,28.5628676,319.642
          -80.5768520,28.5628683,318.991
          -80.5768516,28.5628689,318.360
          -80.5768512,28.5628695,317.729
          -80.5768507,28.5628703,316.993
          -80.5768503,28.5628708,316.436
          -80.5768499,28.5628715,315.794
          -80.5768494,28.5628722,315.108
          -80.5768491,28.5628727,314.546
          -80.5768487,28.5628733,313.986
          -80.5768483,28.5628738,313.431
          -80.5768480,28.5628744,312.868
          -80.5768476,28.5628749,312.301
          -80.5768472,28.5628755,311.735
          -80.5768469,28.5628761,311.166
          -80.5768465,28.5628766,310.601
          -80.5768461,28.5628772,310.036
          -80.5768458,28.5628777,309.468
          -80.5768454,28.5628783,308.913
          -80.5768450,28.5628788,308.351
          -80.5768447,28.5628793,307.788
          -80.5768443,28.5628799,307.224
          -80.5768439,28.5628805,306.646
          -80.5768436,28.5628810,306.068
          -80.5768432,28.5628816,305.501
          -80.5768428,28.5628821,304.941
          -80.5768425,28.5628827,304.385
          -80.5768421,28.5628832,303.826
          -80.5768417,28.5628838,303.265
          -80.5768413,28.5628844,302.608
          -80.5768408,28.5628852,301.860
          -80.5768403,28.5628859,301.088
          -80.5768399,28.5628866,300.406
          -80.5768395,28.5628871,299.842
          -80.5768391,28.5628877,299.239
          -80.5768387,28.5628883,298.654
          -80.5768383,28.5628890,297.903
          -80.5768379,28.5628896,297.338
          -80.5768375,28.5628901,296.755
          -80.5768371,28.5628907,296.129
          -80.5768367,28.5628913,295.505
          -80.5768363,28.5628920,294.857
          -80.5768359,28.5628926,294.251
          -80.5768355,28.5628932,293.642
          -80.5768351,28.5628938,293.011
          -80.5768347,28.5628944,292.448
          -80.5768344,28.5628949,291.882
          -80.5768340,28.5628955,291.326
          -80.5768336,28.5628961,290.757
          -80.5768332,28.5628967,290.110
          -80.5768328,28.5628972,289.551
          -80.5768325,28.5628978,288.993
          -80.5768321,28.5628983,288.429
          -80.5768317,28.5628989,287.870
          -80.5768313,28.5628996,287.145
          -80.5768309,28.5629002,286.545
          -80.5768304,28.5629009,285.793
          -80.5768299,28.5629016,285.054
          -80.5768296,28.5629022,284.490
          -80.5768292,28.5629028,283.929
          -80.5768288,28.5629033,283.372
          -80.5768284,28.5629039,282.807
          -80.5768281,28.5629045,282.239
          -80.5768276,28.5629052,281.495
          -80.5768272,28.5629058,280.911
          -80.5768268,28.5629064,280.268
          -80.5768264,28.5629070,279.678
          -80.5768260,28.5629075,279.121
          -80.5768256,28.5629081,278.536
          -80.5768252,28.5629088,277.918
          -80.5768248,28.5629094,277.291
          -80.5768243,28.5629101,276.592
          -80.5768239,28.5629107,275.987
          -80.5768236,28.5629113,275.430
          -80.5768232,28.5629119,274.855
          -80.5768228,28.5629125,274.232
          -80.5768223,28.5629132,273.507
          -80.5768218,28.5629139,272.753
          -80.5768213,28.5629147,271.985
          -80.5768208,28.5629155,271.215
          -80.5768203,28.5629162,270.446
          -80.5768200,28.5629168,269.876
          -80.5768196,28.5629173,269.313
          -80.5768192,28.5629179,268.750
          -80.5768188,28.5629185,268.090
          -80.5768185,28.5629190,267.533
          -80.5768181,28.5629196,266.945
          -80.5768177,28.5629202,266.373
          -80.5768173,28.5629208,265.736
          -80.5768169,28.5629215,265.055
          -80.5768164,28.5629222,264.402
          -80.5768161,28.5629227,263.829
          -80.5768157,28.5629233,263.266
          -80.5768153,28.5629239,262.646
          -80.5768149,28.5629246,262.031
          -80.5768145,28.5629252,261.408
          -80.5768140,28.5629258,260.736
          -80.5768135,28.5629266,259.980
          -80.5768131,28.5629273,259.294
          -80.5768127,28.5629279,258.628
          -80.5768122,28.5629286,257.963
          -80.5768118,28.5629293,257.258
          -80.5768113,28.5629300,256.507
          -80.5768108,28.5629308,255.777
          -80.5768104,28.5629314,255.142
          -80.5768100,28.5629320,254.550
          -80.5768096,28.5629326,253.963
          -80.5768092,28.5629332,253.336
          -80.5768089,28.5629337,252.778
          -80.5768085,28.5629343,252.214
          -80.5768081,28.5629349,251.650
          -80.5768078,28.5629354,251.087
          -80.5768074,28.5629360,250.527
          -80.5768071,28.5629365,249.969
          -80.5768067,28.5629371,249.411
          -80.5768063,28.5629376,248.853
          -80.5768060,28.5629382,248.294
          -80.5768056,28.5629387,247.736
          -80.5768053,28.5629393,247.178
          -80.5768049,28.5629398,246.599
          -80.5768045,28.5629404,246.028
          -80.5768042,28.5629410,245.463
          -80.5768038,28.5629415,244.902
          -80.5768034,28.5629421,244.331
          -80.5768030,28.5629427,243.749
          -80.5768026,28.5629434,243.045
          -80.5768021,28.5629441,242.295
          -80.5768018,28.5629447,241.729
          -80.5768014,28.5629452,241.151
          -80.5768010,28.5629458,240.545
          -80.5768005,28.5629465,239.890
          -80.5768001,28.5629473,239.171
          -80.5767996,28.5629480,238.480
          -80.5767991,28.5629486,237.830
          -80.5767987,28.5629493,237.185
          -80.5767983,28.5629500,236.539
          -80.5767979,28.5629506,235.939
          -80.5767975,28.5629512,235.319
          -80.5767971,28.5629517,234.760
          -80.5767968,28.5629523,234.185
          -80.5767964,28.5629529,233.585
          -80.5767960,28.5629535,233.001
          -80.5767956,28.5629541,232.418
          -80.5767952,28.5629547,231.834
          -80.5767948,28.5629553,231.236
          -80.5767945,28.5629558,230.672
          -80.5767941,28.5629564,230.104
          -80.5767937,28.5629570,229.533
          -80.5767934,28.5629576,228.959
          -80.5767930,28.5629581,228.400
          -80.5767926,28.5629587,227.838
          -80.5767922,28.5629593,227.274
          -80.5767919,28.5629598,226.708
          -80.5767915,28.5629604,226.142
          -80.5767911,28.5629610,225.580
          -80.5767908,28.5629615,225.016
          -80.5767904,28.5629621,224.452
          -80.5767900,28.5629627,223.887
          -80.5767897,28.5629632,223.320
          -80.5767893,28.5629638,222.759
          -80.5767889,28.5629644,222.191
          -80.5767886,28.5629650,221.613
          -80.5767882,28.5629656,221.029
          -80.5767878,28.5629662,220.383
          -80.5767874,28.5629668,219.774
          -80.5767870,28.5629674,219.178
          -80.5767866,28.5629680,218.591
          -80.5767862,28.5629686,218.011
          -80.5767858,28.5629692,217.427
          -80.5767854,28.5629698,216.848
          -80.5767851,28.5629704,216.271
          -80.5767847,28.5629709,215.697
          -80.5767843,28.5629715,215.134
          -80.5767840,28.5629721,214.573
          -80.5767836,28.5629726,214.013
          -80.5767832,28.5629732,213.451
          -80.5767829,28.5629738,212.888
          -80.5767825,28.5629744,212.296
          -80.5767821,28.5629750,211.693
          -80.5767817,28.5629756,211.093
          -80.5767813,28.5629762,210.506
          -80.5767810,28.5629767,209.944
          -80.5767806,28.5629773,209.345
          -80.5767802,28.5629779,208.765
          -80.5767798,28.5629785,208.203
          -80.5767795,28.5629791,207.623
          -80.5767791,28.5629796,207.057
          -80.5767787,28.5629802,206.493
          -80.5767783,28.5629808,205.892
          -80.5767779,28.5629814,205.324
          -80.5767776,28.5629820,204.763
          -80.5767772,28.5629825,204.201
          -80.5767768,28.5629831,203.638
          -80.5767765,28.5629837,203.079
          -80.5767761,28.5629843,202.498
          -80.5767757,28.5629848,201.930
          -80.5767753,28.5629854,201.352
          -80.5767749,28.5629861,200.653
          -80.5767744,28.5629869,199.881
          -80.5767739,28.5629877,199.130
          -80.5767734,28.5629884,198.414
          -80.5767730,28.5629891,197.734
          -80.5767726,28.5629898,197.052
          -80.5767722,28.5629904,196.438
          -80.5767718,28.5629910,195.848
          -80.5767714,28.5629916,195.269
          -80.5767710,28.5629921,194.692
          -80.5767706,28.5629927,194.107
          -80.5767702,28.5629935,193.352
          -80.5767697,28.5629943,192.588
          -80.5767691,28.5629950,191.813
          -80.5767688,28.5629956,191.252
          -80.5767684,28.5629962,190.691
          -80.5767680,28.5629969,189.985
          -80.5767675,28.5629976,189.278
          -80.5767670,28.5629983,188.601
          -80.5767666,28.5629990,187.951
          -80.5767662,28.5629997,187.326
          -80.5767658,28.5630003,186.738
          -80.5767653,28.5630011,185.947
          -80.5767649,28.5630017,185.379
          -80.5767645,28.5630023,184.813
          -80.5767642,28.5630028,184.244
          -80.5767637,28.5630036,183.452
          -80.5767632,28.5630043,182.813
          -80.5767628,28.5630049,182.190
          -80.5767624,28.5630056,181.521
          -80.5767620,28.5630063,180.851
          -80.5767615,28.5630069,180.202
          -80.5767612,28.5630075,179.635
          -80.5767607,28.5630082,178.907
          -80.5767603,28.5630089,178.268
          -80.5767598,28.5630096,177.563
          -80.5767595,28.5630102,176.987
          -80.5767591,28.5630108,176.405
          -80.5767587,28.5630114,175.823
          -80.5767583,28.5630119,175.259
          -80.5767580,28.5630125,174.695
          -80.5767576,28.5630131,174.131
          -80.5767572,28.5630137,173.553
          -80.5767568,28.5630143,172.913
          -80.5767563,28.5630151,172.161
          -80.5767558,28.5630159,171.380
          -80.5767553,28.5630167,170.602
          -80.5767548,28.5630174,169.887
          -80.5767543,28.5630182,169.108
          -80.5767538,28.5630190,168.333
          -80.5767534,28.5630197,167.595
          -80.5767529,28.5630205,166.872
          -80.5767525,28.5630211,166.251
          -80.5767520,28.5630218,165.534
          -80.5767517,28.5630224,164.972
          -80.5767513,28.5630230,164.363
          -80.5767508,28.5630237,163.667
          -80.5767503,28.5630245,162.906
          -80.5767499,28.5630251,162.270
          -80.5767494,28.5630259,161.480
          -80.5767490,28.5630266,160.865
          -80.5767485,28.5630273,160.127
          -80.5767481,28.5630280,159.469
          -80.5767476,28.5630288,158.742
          -80.5767472,28.5630293,158.180
          -80.5767469,28.5630299,157.618
          -80.5767465,28.5630305,157.048
          -80.5767461,28.5630311,156.472
          -80.5767457,28.5630317,155.897
          -80.5767454,28.5630322,155.327
          -80.5767450,28.5630328,154.766
          -80.5767446,28.5630335,154.096
          -80.5767442,28.5630341,153.467
          -80.5767437,28.5630349,152.720
          -80.5767432,28.5630356,152.077
          -80.5767428,28.5630363,151.385
          -80.5767424,28.5630369,150.810
          -80.5767420,28.5630375,150.231
          -80.5767416,28.5630382,149.568
          -80.5767411,28.5630389,148.822
          -80.5767406,28.5630397,148.087
          -80.5767401,28.5630405,147.309
          -80.5767398,28.5630411,146.723
          -80.5767393,28.5630418,146.038
          -80.5767388,28.5630425,145.293
          -80.5767384,28.5630433,144.565
          -80.5767379,28.5630440,143.828
          -80.5767374,28.5630448,143.070
          -80.5767370,28.5630455,142.396
          -80.5767365,28.5630462,141.713
          -80.5767361,28.5630469,141.025
          -80.5767356,28.5630476,140.336
          -80.5767351,28.5630484,139.646
          -80.5767347,28.5630491,138.957
          -80.5767343,28.5630497,138.378
          -80.5767339,28.5630504,137.679
          -80.5767334,28.5630511,136.945
          -80.5767329,28.5630519,136.236
          -80.5767325,28.5630526,135.506
          -80.5767320,28.5630534,134.758
          -80.5767314,28.5630542,133.993
          -80.5767310,28.5630549,133.303
          -80.5767306,28.5630556,132.643
          -80.5767301,28.5630564,131.929
          -80.5767297,28.5630570,131.318
          -80.5767291,28.5630579,130.549
          -80.5767287,28.5630586,129.837
          -80.5767282,28.5630594,129.130
          -80.5767277,28.5630601,128.412
          -80.5767272,28.5630609,127.694
          -80.5767267,28.5630617,126.972
          -80.5767262,28.5630625,126.245
          -80.5767257,28.5630633,125.494
          -80.5767252,28.5630642,124.708
          -80.5767247,28.5630649,124.073
          -80.5767243,28.5630656,123.415
          -80.5767238,28.5630664,122.724
          -80.5767233,28.5630672,121.980
          -80.5767227,28.5630681,121.152
          -80.5767222,28.5630689,120.419
          -80.5767217,28.5630697,119.722
          -80.5767212,28.5630705,119.036
          -80.5767207,28.5630713,118.361
          -80.5767202,28.5630721,117.622
          -80.5767196,28.5630731,116.797
          -80.5767191,28.5630739,116.119
          -80.5767186,28.5630747,115.457
          -80.5767181,28.5630754,114.800
          -80.5767176,28.5630762,114.115
          -80.5767171,28.5630771,113.383
          -80.5767165,28.5630780,112.660
          -80.5767160,28.5630788,111.977
          -80.5767155,28.5630796,111.257
          -80.5767150,28.5630805,110.540
          -80.5767144,28.5630814,109.782
          -80.5767137,28.5630825,108.862
          -80.5767130,28.5630834,108.121
          -80.5767123,28.5630845,107.241
          -80.5767116,28.5630856,106.378
          -80.5767109,28.5630866,105.603
          -80.5767102,28.5630875,104.876
          -80.5767095,28.5630886,104.077
          -80.5767089,28.5630895,103.336
          -80.5767081,28.5630906,102.485
          -80.5767074,28.5630917,101.609
          -80.5767068,28.5630927,100.867
          -80.5767061,28.5630938,100.027
          -80.5767054,28.5630949,99.198
          -80.5767047,28.5630959,98.393
          -80.5767041,28.5630970,97.589
          -80.5767034,28.5630980,96.814
          -80.5767027,28.5630991,96.032
          -80.5767018,28.5631005,94.974
          -80.5767010,28.5631018,94.013
          -80.5767003,28.5631030,93.122
          -80.5766996,28.5631041,92.301
          -80.5766988,28.5631053,91.454
          -80.5766980,28.5631065,90.596
          -80.5766971,28.5631078,89.710
          -80.5766963,28.5631091,88.806
          -80.5766954,28.5631104,87.926
          -80.5766946,28.5631117,87.037
          -80.5766937,28.5631131,86.136
          -80.5766928,28.5631144,85.226
          -80.5766916,28.5631162,84.008
          -80.5766905,28.5631178,82.927
          -80.5766895,28.5631193,81.935
          -80.5766886,28.5631208,80.913
          -80.5766874,28.5631224,79.754
          -80.5766866,28.5631238,78.862
          -80.5766856,28.5631252,77.910
          -80.5766846,28.5631267,76.955
          -80.5766835,28.5631283,75.986
          -80.5766824,28.5631299,74.989
          -80.5766809,28.5631321,73.610
          -80.5766797,28.5631339,72.453
          -80.5766783,28.5631360,71.195
          -80.5766770,28.5631378,70.114
          -80.5766758,28.5631397,68.990
          -80.5766744,28.5631416,67.827
          -80.5766731,28.5631435,66.703
          -80.5766717,28.5631455,65.536
          -80.5766699,28.5631481,64.086
          -80.5766681,28.5631506,62.662
          -80.5766665,28.5631528,61.424
          -80.5766650,28.5631551,60.206
          -80.5766633,28.5631574,58.959
          -80.5766615,28.5631599,57.627
          -80.5766598,28.5631624,56.331
          -80.5766580,28.5631648,55.047
          -80.5766563,28.5631672,53.786
          -80.5766546,28.5631696,52.549
          -80.5766528,28.5631721,51.334
          -80.5766510,28.5631745,50.143
          -80.5766493,28.5631770,48.973
          -80.5766474,28.5631795,47.826
          -80.5766456,28.5631819,46.700
          -80.5766438,28.5631844,45.595
          -80.5766420,28.5631868,44.511
          -80.5766402,28.5631893,43.448
          -80.5766384,28.5631917,42.405
          -80.5766367,28.5631941,41.382
          -80.5766349,28.5631964,40.379
          -80.5766333,28.5631986,39.396
          -80.5766316,28.5632009,38.431
          -80.5766300,28.5632030,37.486
          -80.5766284,28.5632052,36.559
          -80.5766268,28.5632073,35.650
          -80.5766252,28.5632094,34.760
          -80.5766236,28.5632116,33.888
          -80.5766219,28.5632138,33.033
          -80.5766203,28.5632160,32.195
          -80.5766186,28.5632181,31.375
          -80.5766169,28.5632203,30.571
          -80.5766152,28.5632225,29.784
          -80.5766136,28.5632247,29.012
          -80.5766119,28.5632269,28.256
          -80.5766103,28.5632290,27.516
          -80.5766086,28.5632311,26.791
          -80.5766070,28.5632333,26.080
          -80.5766055,28.5632353,25.385
          -80.5766039,28.5632373,24.703
          -80.5766024,28.5632393,24.036
          -80.5766009,28.5632413,23.382
          -80.5765994,28.5632432,22.742
          -80.5765979,28.5632451,22.115
          -80.5765964,28.5632471,21.502
          -80.5765949,28.5632490,20.901
          -80.5765934,28.5632509,20.314
          -80.5765919,28.5632528,19.739
          -80.5765904,28.5632547,19.177
          -80.5765889,28.5632566,18.626
          -80.5765875,28.5632585,18.088
          -80.5765860,28.5632604,17.562
          -80.5765845,28.5632623,17.046
          -80.5765830,28.5632641,16.542
          -80.5765816,28.5632660,16.050
          -80.5765801,28.5632679,15.568
          -80.5765787,28.5632697,15.097
          -80.5765772,28.5632715,14.636
          -80.5765758,28.5632733,14.185
          -80.5765744,28.5632751,13.745
          -80.5765730,28.5632769,13.315
          -80.5765716,28.5632786,12.894
          -80.5765703,28.5632804,12.483
          -80.5765689,28.5632821,12.082
          -80.5765676,28.5632838,11.689
          -80.5765662,28.5632855,11.306
          -80.5765649,28.5632872,10.933
          -80.5765636,28.5632889,10.567
          -80.5765622,28.5632905,10.211
          -80.5765609,28.5632922,9.864
          -80.5765597,28.5632938,9.525
          -80.5765584,28.5632954,9.194
          -80.5765571,28.5632970,8.872
          -80.5765558,28.5632986,8.558
          -80.5765546,28.5633002,8.251
          -80.5765533,28.5633018,7.953
          -80.5765521,28.5633033,7.663
          -80.5765508,28.5633049,7.380
          -80.5765496,28.5633064,7.105
          -80.5765484,28.5633079,6.838
          -80.5765472,28.5633094,6.578
          -80.5765460,28.5633109,6.325
          -80.5765448,28.5633124,6.079
          -80.5765437,28.5633139,5.840
          -80.5765425,28.5633154,5.608
          -80.5765414,28.5633168,5.383
          -80.5765402,28.5633182,5.164
          -80.5765391,28.5633197,4.952
          -80.5765380,28.5633211,4.746
          -80.5765369,28.5633224,4.547
          -80.5765358,28.5633238,4.353
          -80.5765347,28.5633252,4.166
          -80.5765336,28.5633265,3.984
          -80.5765325,28.5633279,3.808
          -80.5765315,28.5633292,3.638
          -80.5765305,28.5633305,3.474
          -80.5765294,28.5633318,3.315
          -80.5765284,28.5633330,3.162
          -80.5765274,28.5633343,3.015
          -80.5765265,28.5633355,3.000
          -80.5765265,28.5633355,3.000
          -80.5765265,28.5633355,3.000
          </coordinates>
        </LineString>
      </Placemark>
      <Placemark>
        <name>Apogeu – Estágio 2 (2998.4 m)</name>
        <description>Altitude: 2998.39 m | Tempo: 23.024 s</description>
        <Point>
          <altitudeMode>absolute</altitudeMode>
          <coordinates>-80.5774295,28.5618077,3001.387</coordinates>
        </Point>
      </Placemark>
      <Placemark>
        <name>Aterrissagem – Estágio 2</name>
        <description>Tempo total: 65.404 s | Leste: 65.8 m | Norte: 137.4 m</description>
        <Point>
          <coordinates>-80.5765265,28.5633355,3.000</coordinates>
        </Point>
      </Placemark>
    </Folder>
  </Document>
</kml>