Time,Altitude,Position East of launch,Position North of launch,Latitude,Longitude
0,0,0,0,28.562,-80.577
0.01,4.793e-5,6.433e-6,9.187e-6,28.562,-80.577
0.02,0.001,5.018e-5,7.166e-5,28.562,-80.577
0.03,0.006,1.673e-4,2.389e-4,28.562,-80.577
0.04,0.017,3.939e-4,5.626e-4,28.562,-80.577
0.05,0.035,7.663e-4,0.001,28.562,-80.577
0.06,0.064,0.001,0.002,28.562,-80.577
0.069,0.101,0.002,0.003,28.562,-80.577
0.079,0.155,0.003,0.004,28.562,-80.577
0.089,0.224,0.004,0.006,28.562,-80.577
0.099,0.308,0.006,0.008,28.562,-80.577
0.109,0.406,0.007,0.01,28.562,-80.577
0.119,0.519,0.009,0.013,28.562,-80.577
0.129,0.647,0.011,0.016,28.562,-80.577
0.139,0.789,0.014,0.019,28.562,-80.577
0.149,0.946,0.016,0.023,28.562,-80.577
0.159,1.118,0.019,0.027,28.562,-80.577
0.169,1.305,0.022,0.032,28.562,-80.577
0.179,1.507,0.025,0.036,28.562,-80.577
0.189,1.724,0.029,0.041,28.562,-80.577
0.199,1.956,0.033,0.047,28.562,-80.577
0.209,2.203,0.037,0.053,28.562,-80.577
0.219,2.465,0.041,0.059,28.562,-80.577
0.229,2.741,0.046,0.065,28.562,-80.577
0.239,3.033,0.05,0.072,28.562,-80.577
0.249,3.34,0.055,0.079,28.562,-80.577
0.259,3.663,0.061,0.087,28.562,-80.577
0.269,4,0.066,0.094,28.562,-80.577
0.279,4.353,0.072,0.103,28.562,-80.577
0.289,4.721,0.078,0.111,28.562,-80.577
0.299,5.104,0.084,0.12,28.562,-80.577
0.309,5.502,0.09,0.129,28.562,-80.577
0.319,5.916,0.097,0.139,28.562,-80.577
0.329,6.345,0.104,0.149,28.562,-80.577
0.344,7.017,0.115,0.164,28.562,-80.577
0.35,7.295,0.12,0.171,28.562,-80.577
0.359,7.724,0.127,0.181,28.562,-80.577
0.372,8.389,0.138,0.197,28.562,-80.577
0.393,9.441,0.156,0.222,28.562,-80.577
0.423,11.137,0.185,0.264,28.562,-80.577
0.469,13.951,0.234,0.335,28.562,-80.577
0.491,15.447,0.26,0.372,28.562,-80.577
0.524,17.838,0.302,0.432,28.562,-80.577
0.574,21.737,0.37,0.529,28.562,-80.577
0.624,26.033,0.441,0.63,28.562,-80.577
0.632,26.714,0.452,0.646,28.562,-80.577
0.643,27.753,0.468,0.669,28.562,-80.577
0.66,29.35,0.492,0.704,28.562,-80.577
0.686,31.83,0.529,0.756,28.562,-80.577
0.724,35.742,0.582,0.832,28.562,-80.577
0.773,41.131,0.646,0.924,28.562,-80.577
0.823,46.994,0.703,1.005,28.562,-80.577
0.873,53.245,0.746,1.067,28.562,-80.577
0.914,58.659,0.77,1.102,28.562,-80.577
0.964,65.607,0.785,1.122,28.562,-80.577
1.014,72.933,0.782,1.118,28.562,-80.577
1.055,79.222,0.767,1.096,28.562,-80.577
1.105,87.23,0.735,1.05,28.562,-80.577
1.155,95.61,0.692,0.989,28.562,-80.577
1.196,102.755,0.653,0.931,28.562,-80.577
1.246,111.8,0.599,0.854,28.562,-80.577
1.284,118.975,0.555,0.792,28.562,-80.577
1.325,126.885,0.504,0.721,28.562,-80.577
1.336,128.977,0.49,0.701,28.562,-80.577
1.352,132.143,0.469,0.671,28.562,-80.577
1.376,136.958,0.437,0.624,28.562,-80.577
1.412,144.326,0.384,0.545,28.562,-80.577
1.46,154.503,0.307,0.423,28.562,-80.577
1.478,158.329,0.276,0.372,28.562,-80.577
1.505,164.143,0.227,0.291,28.562,-80.577
1.54,171.982,0.157,0.173,28.562,-80.577
1.59,183.329,0.049,-0.007,28.562,-80.577
1.619,190.031,-0.017,-0.117,28.562,-80.577
1.656,198.658,-0.104,-0.26,28.562,-80.577
1.685,205.707,-0.175,-0.377,28.562,-80.577
1.719,214.062,-0.261,-0.517,28.562,-80.577
1.759,223.851,-0.363,-0.684,28.562,-80.577
1.809,236.464,-0.499,-0.91,28.562,-80.577
1.841,244.548,-0.589,-1.061,28.562,-80.577
1.874,253.141,-0.687,-1.228,28.562,-80.577
1.9,260.1,-0.768,-1.367,28.562,-80.577
1.94,270.67,-0.894,-1.58,28.562,-80.577
1.969,278.512,-0.988,-1.739,28.562,-80.577
1.993,285.124,-1.068,-1.873,28.562,-80.577
2.024,293.605,-1.171,-2.045,28.562,-80.577
2.041,298.362,-1.229,-2.143,28.562,-80.577
2.067,305.548,-1.318,-2.293,28.562,-80.577
2.092,312.696,-1.408,-2.445,28.562,-80.577
2.117,319.871,-1.5,-2.601,28.562,-80.577
2.151,329.607,-1.627,-2.818,28.562,-80.577
2.182,338.467,-1.744,-3.018,28.562,-80.577
2.228,351.862,-1.922,-3.321,28.562,-80.577
2.255,359.959,-2.03,-3.504,28.562,-80.577
2.295,371.693,-2.188,-3.771,28.562,-80.577
2.323,380.246,-2.304,-3.968,28.562,-80.577
2.359,391.019,-2.452,-4.22,28.562,-80.577
2.384,398.878,-2.561,-4.407,28.562,-80.577
2.423,410.749,-2.729,-4.693,28.562,-80.577
2.464,423.479,-2.91,-5.002,28.562,-80.577
2.489,431.127,-3.018,-5.187,28.562,-80.577
2.525,442.642,-3.183,-5.465,28.562,-80.577
2.575,458.4,-3.41,-5.852,28.562,-80.577
2.6,466.31,-3.525,-6.049,28.562,-80.577
2.605,467.803,-3.547,-6.086,28.562,-80.577
2.612,470.044,-3.58,-6.142,28.562,-80.577
2.623,473.408,-3.63,-6.227,28.562,-80.577
2.639,478.461,-3.704,-6.354,28.562,-80.577
2.662,486.054,-3.817,-6.545,28.562,-80.577
2.688,494.246,-3.938,-6.75,28.562,-80.577
2.718,503.79,-4.078,-6.989,28.562,-80.577
2.746,512.773,-4.211,-7.214,28.562,-80.577
2.788,526.262,-4.411,-7.553,28.562,-80.577
2.808,532.663,-4.507,-7.716,28.562,-80.577
2.831,539.966,-4.616,-7.903,28.562,-80.577
2.865,550.914,-4.782,-8.184,28.562,-80.577
2.886,557.615,-4.883,-8.355,28.562,-80.577
2.898,561.47,-4.94,-8.453,28.562,-80.577
2.91,565.288,-4.997,-8.549,28.562,-80.577
2.925,570.011,-5.067,-8.667,28.562,-80.577
2.947,577.086,-5.172,-8.845,28.562,-80.577
2.98,587.68,-5.328,-9.111,28.562,-80.577
2.994,592.056,-5.394,-9.222,28.562,-80.577
3.008,596.537,-5.461,-9.336,28.562,-80.577
3.025,601.852,-5.541,-9.472,28.562,-80.577
3.028,602.833,-5.556,-9.497,28.562,-80.577
3.033,604.304,-5.578,-9.535,28.562,-80.577
3.04,606.509,-5.612,-9.591,28.562,-80.577
3.05,609.815,-5.662,-9.676,28.562,-80.577
3.066,614.766,-5.736,-9.803,28.562,-80.577
3.088,621.858,-5.843,-9.984,28.562,-80.577
3.104,626.787,-5.917,-10.108,28.562,-80.577
3.12,631.993,-5.994,-10.239,28.562,-80.577
3.142,638.653,-6.092,-10.406,28.562,-80.577
3.169,647.191,-6.218,-10.619,28.562,-80.577
3.197,655.805,-6.346,-10.835,28.562,-80.577
3.213,660.869,-6.421,-10.963,28.562,-80.577
3.23,666.205,-6.5,-11.098,28.562,-80.577
3.255,673.823,-6.614,-11.291,28.562,-80.577
3.292,685.211,-6.785,-11.58,28.562,-80.577
3.309,690.593,-6.865,-11.715,28.562,-80.577
3.329,696.866,-6.957,-11.872,28.562,-80.577
3.359,705.999,-7.091,-12.099,28.562,-80.577
3.404,719.638,-7.291,-12.437,28.562,-80.577
3.451,733.898,-7.499,-12.791,28.562,-80.577
3.486,744.568,-7.655,-13.056,28.562,-80.577
3.536,759.565,-7.875,-13.427,28.562,-80.577
3.586,774.46,-8.091,-13.794,28.562,-80.577
3.593,776.425,-8.119,-13.842,28.562,-80.577
3.603,779.369,-8.162,-13.914,28.562,-80.577
3.618,783.778,-8.225,-14.021,28.562,-80.577
3.64,790.373,-8.32,-14.182,28.562,-80.577
3.674,800.226,-8.461,-14.422,28.562,-80.577
3.724,814.835,-8.668,-14.775,28.562,-80.577
3.774,829.341,-8.874,-15.125,28.562,-80.577
3.824,843.748,-9.077,-15.47,28.562,-80.577
3.874,858.056,-9.278,-15.811,28.562,-80.577
3.924,872.267,-9.476,-16.149,28.562,-80.577
3.974,886.384,-9.671,-16.482,28.562,-80.577
4.024,900.406,-9.864,-16.811,28.562,-80.577
4.074,914.336,-10.054,-17.136,28.562,-80.577
4.124,928.174,-10.242,-17.457,28.562,-80.577
4.174,941.923,-10.428,-17.775,28.562,-80.577
4.224,955.583,-10.611,-18.089,28.562,-80.577
4.274,969.156,-10.793,-18.401,28.562,-80.577
4.324,982.642,-10.972,-18.707,28.562,-80.577
4.374,996.043,-11.148,-19.009,28.562,-80.577
4.424,1009.36,-11.323,-19.309,28.562,-80.577
4.474,1022.594,-11.496,-19.606,28.562,-80.577
4.524,1035.746,-11.666,-19.899,28.562,-80.577
4.574,1048.817,-11.834,-20.188,28.562,-80.577
4.624,1061.807,-12,-20.475,28.562,-80.577
4.674,1074.719,-12.164,-20.759,28.562,-80.577
4.724,1087.553,-12.326,-21.039,28.562,-80.577
4.774,1100.309,-12.485,-21.315,28.562,-80.577
4.824,1112.989,-12.643,-21.587,28.562,-80.577
4.874,1125.593,-12.798,-21.857,28.562,-80.577
4.924,1138.123,-12.952,-22.124,28.562,-80.577
4.974,1150.578,-13.104,-22.388,28.562,-80.577
5.024,1162.961,-13.253,-22.649,28.562,-80.577
5.074,1175.271,-13.401,-22.906,28.562,-80.577
5.124,1187.51,-13.547,-23.161,28.562,-80.577
5.174,1199.677,-13.691,-23.413,28.562,-80.577
5.224,1211.774,-13.833,-23.663,28.562,-80.577
5.274,1223.802,-13.974,-23.91,28.562,-80.577
5.324,1235.761,-14.112,-24.153,28.562,-80.577
5.374,1247.652,-14.249,-24.392,28.562,-80.577
5.424,1259.476,-14.383,-24.629,28.562,-80.577
5.474,1271.232,-14.516,-24.864,28.562,-80.577
5.524,1282.923,-14.647,-25.095,28.562,-80.577
5.574,1294.548,-14.776,-25.325,28.562,-80.577
5.624,1306.108,-14.904,-25.552,28.562,-80.577
5.674,1317.603,-15.031,-25.776,28.562,-80.577
5.724,1329.035,-15.155,-25.997,28.562,-80.577
5.774,1340.403,-15.276,-26.214,28.562,-80.577
5.824,1351.709,-15.397,-26.429,28.562,-80.577
5.874,1362.953,-15.516,-26.642,28.562,-80.577
5.924,1374.135,-15.634,-26.853,28.562,-80.577
5.974,1385.256,-15.75,-27.062,28.562,-80.577
6.024,1396.316,-15.865,-27.267,28.562,-80.577
6.074,1407.316,-15.977,-27.469,28.562,-80.577
6.124,1418.257,-16.088,-27.668,28.562,-80.577
6.174,1429.139,-16.197,-27.865,28.562,-80.577
6.224,1439.962,-16.305,-28.06,28.562,-80.577
6.274,1450.726,-16.412,-28.254,28.562,-80.577
6.324,1461.433,-16.518,-28.446,28.562,-80.577
6.374,1472.083,-16.622,-28.634,28.562,-80.577
6.424,1482.676,-16.724,-28.82,28.562,-80.577
6.474,1493.213,-16.824,-29.002,28.562,-80.577
6.524,1503.694,-16.923,-29.182,28.562,-80.577
6.574,1514.119,-17.021,-29.361,28.562,-80.577
6.624,1524.489,-17.118,-29.539,28.562,-80.577
6.674,1534.804,-17.214,-29.714,28.562,-80.577
6.724,1545.065,-17.308,-29.886,28.562,-80.577
6.774,1555.272,-17.4,-30.055,28.562,-80.577
6.824,1565.426,-17.491,-30.221,28.562,-80.577
6.874,1575.527,-17.58,-30.385,28.562,-80.577
6.924,1585.575,-17.669,-30.548,28.562,-80.577
6.974,1595.57,-17.757,-30.71,28.562,-80.577
7.024,1605.513,-17.844,-30.87,28.562,-80.577
7.074,1615.405,-17.93,-31.028,28.562,-80.577
7.124,1625.245,-18.014,-31.182,28.562,-80.577
7.174,1635.035,-18.096,-31.334,28.562,-80.577
7.224,1644.773,-18.177,-31.484,28.562,-80.577
7.274,1654.462,-18.257,-31.632,28.562,-80.577
7.324,1664.1,-18.336,-31.779,28.562,-80.577
7.374,1673.688,-18.415,-31.925,28.562,-80.577
7.424,1683.228,-18.493,-32.069,28.562,-80.577
7.474,1692.718,-18.569,-32.21,28.562,-80.577
7.524,1702.159,-18.644,-32.349,28.562,-80.577
7.574,1711.552,-18.718,-32.486,28.562,-80.577
7.624,1720.897,-18.791,-32.621,28.562,-80.577
7.674,1730.194,-18.862,-32.754,28.562,-80.577
7.724,1739.444,-18.934,-32.886,28.562,-80.577
7.774,1748.646,-19.004,-33.016,28.562,-80.577
7.824,1757.801,-19.073,-33.145,28.562,-80.577
7.874,1766.909,-19.141,-33.271,28.562,-80.577
7.924,1775.972,-19.208,-33.394,28.562,-80.577
7.974,1784.988,-19.273,-33.515,28.562,-80.577
8.024,1793.958,-19.337,-33.635,28.562,-80.577
8.074,1802.882,-19.401,-33.752,28.562,-80.577
8.124,1811.761,-19.464,-33.869,28.562,-80.577
8.174,1820.595,-19.527,-33.986,28.562,-80.577
8.224,1829.384,-19.589,-34.101,28.562,-80.577
8.274,1838.128,-19.65,-34.215,28.562,-80.577
8.324,1846.828,-19.711,-34.326,28.562,-80.577
8.374,1855.484,-19.769,-34.434,28.562,-80.577
8.424,1864.095,-19.827,-34.541,28.562,-80.577
8.474,1872.664,-19.884,-34.646,28.562,-80.577
8.524,1881.188,-19.94,-34.75,28.562,-80.577
8.574,1889.67,-19.996,-34.852,28.562,-80.577
8.624,1898.109,-20.05,-34.952,28.562,-80.577
8.674,1906.504,-20.105,-35.051,28.562,-80.577
8.724,1914.857,-20.158,-35.15,28.562,-80.577
8.774,1923.168,-20.211,-35.247,28.562,-80.577
8.824,1931.437,-20.264,-35.342,28.562,-80.577
8.874,1939.664,-20.315,-35.436,28.562,-80.577
8.924,1947.849,-20.366,-35.528,28.562,-80.577
8.974,1955.993,-20.415,-35.619,28.562,-80.577
9.024,1964.095,-20.464,-35.708,28.562,-80.577
9.074,1972.156,-20.513,-35.795,28.562,-80.577
9.124,1980.177,-20.56,-35.88,28.562,-80.577
9.174,1988.157,-20.607,-35.964,28.562,-80.577
9.224,1996.096,-20.653,-36.047,28.562,-80.577
9.274,2003.995,-20.699,-36.129,28.562,-80.577
9.324,2011.854,-20.744,-36.211,28.562,-80.577
9.374,2019.673,-20.789,-36.29,28.562,-80.577
9.424,2027.452,-20.833,-36.368,28.562,-80.577
9.474,2035.191,-20.876,-36.444,28.562,-80.577
9.524,2042.892,-20.918,-36.518,28.562,-80.577
9.574,2050.552,-20.96,-36.592,28.562,-80.577
9.624,2058.174,-21.001,-36.665,28.562,-80.577
9.674,2065.757,-21.043,-36.736,28.562,-80.577
9.724,2073.301,-21.083,-36.807,28.562,-80.577
9.774,2080.807,-21.124,-36.877,28.562,-80.577
9.824,2088.274,-21.163,-36.946,28.562,-80.577
9.874,2095.704,-21.202,-37.013,28.562,-80.577
9.924,2103.095,-21.241,-37.078,28.562,-80.577
9.974,2110.448,-21.278,-37.143,28.562,-80.577
10.024,2117.763,-21.316,-37.205,28.562,-80.577
10.074,2125.041,-21.352,-37.267,28.562,-80.577
10.124,2132.282,-21.388,-37.327,28.562,-80.577
10.174,2139.485,-21.423,-37.386,28.562,-80.577
10.224,2146.651,-21.458,-37.443,28.562,-80.577
10.274,2153.78,-21.492,-37.5,28.562,-80.577
10.324,2160.873,-21.527,-37.555,28.562,-80.577
10.374,2167.928,-21.56,-37.61,28.562,-80.577
10.424,2174.947,-21.594,-37.665,28.562,-80.577
10.474,2181.93,-21.627,-37.718,28.562,-80.577
10.524,2188.876,-21.66,-37.771,28.562,-80.577
10.574,2195.786,-21.692,-37.822,28.562,-80.577
10.624,2202.661,-21.723,-37.872,28.562,-80.577
10.674,2209.499,-21.755,-37.921,28.562,-80.577
10.724,2216.302,-21.785,-37.969,28.562,-80.577
10.774,2223.069,-21.815,-38.015,28.562,-80.577
10.824,2229.8,-21.845,-38.061,28.562,-80.577
10.874,2236.497,-21.875,-38.106,28.562,-80.577
10.924,2243.158,-21.904,-38.149,28.562,-80.577
10.974,2249.784,-21.932,-38.192,28.562,-80.577
11.024,2256.376,-21.96,-38.233,28.562,-80.577
11.074,2262.932,-21.988,-38.274,28.562,-80.577
11.124,2269.454,-22.015,-38.313,28.562,-80.577
11.174,2275.941,-22.041,-38.351,28.562,-80.577
11.224,2282.394,-22.068,-38.389,28.562,-80.577
11.274,2288.812,-22.094,-38.425,28.562,-80.577
11.324,2295.196,-22.12,-38.461,28.562,-80.577
11.374,2301.546,-22.145,-38.496,28.562,-80.577
11.424,2307.862,-22.17,-38.53,28.562,-80.577
11.474,2314.145,-22.195,-38.563,28.562,-80.577
11.524,2320.393,-22.219,-38.595,28.562,-80.577
11.574,2326.608,-22.242,-38.625,28.562,-80.577
11.624,2332.79,-22.265,-38.654,28.562,-80.577
11.674,2338.938,-22.288,-38.682,28.562,-80.577
11.724,2345.052,-22.31,-38.71,28.562,-80.577
11.774,2351.134,-22.333,-38.737,28.562,-80.577
11.824,2357.182,-22.355,-38.764,28.562,-80.577
11.874,2363.197,-22.378,-38.792,28.562,-80.577
11.924,2369.179,-22.4,-38.819,28.562,-80.577
11.974,2375.128,-22.422,-38.846,28.562,-80.577
12.024,2381.044,-22.444,-38.871,28.562,-80.577
12.074,2386.928,-22.465,-38.896,28.562,-80.577
12.124,2392.779,-22.486,-38.918,28.562,-80.577
12.174,2398.599,-22.506,-38.939,28.562,-80.577
12.224,2404.386,-22.525,-38.958,28.562,-80.577
12.274,2410.14,-22.543,-38.975,28.562,-80.577
12.324,2415.863,-22.561,-38.992,28.562,-80.577
12.374,2421.554,-22.579,-39.007,28.562,-80.577
12.424,2427.213,-22.596,-39.022,28.562,-80.577
12.474,2432.84,-22.614,-39.037,28.562,-80.577
12.524,2438.435,-22.631,-39.053,28.562,-80.577
12.574,2443.998,-22.649,-39.068,28.562,-80.577
12.624,2449.529,-22.667,-39.084,28.562,-80.577
12.674,2455.029,-22.685,-39.1,28.562,-80.577
12.724,2460.497,-22.703,-39.114,28.562,-80.577
12.774,2465.935,-22.72,-39.127,28.562,-80.577
12.824,2471.341,-22.736,-39.139,28.562,-80.577
12.874,2476.716,-22.751,-39.149,28.562,-80.577
12.924,2482.06,-22.766,-39.157,28.562,-80.577
12.974,2487.373,-22.781,-39.164,28.562,-80.577
13.024,2492.656,-22.795,-39.171,28.562,-80.577
13.074,2497.907,-22.809,-39.177,28.562,-80.577
13.124,2503.128,-22.823,-39.183,28.562,-80.577
13.174,2508.318,-22.837,-39.19,28.562,-80.577
13.224,2513.477,-22.851,-39.197,28.562,-80.577
13.274,2518.605,-22.866,-39.204,28.562,-80.577
13.324,2523.704,-22.88,-39.211,28.562,-80.577
13.374,2528.771,-22.894,-39.217,28.562,-80.577
13.424,2533.809,-22.908,-39.221,28.562,-80.577
13.474,2538.816,-22.921,-39.225,28.562,-80.577
13.524,2543.794,-22.934,-39.227,28.562,-80.577
13.574,2548.741,-22.946,-39.228,28.562,-80.577
13.624,2553.659,-22.958,-39.228,28.562,-80.577
13.674,2558.546,-22.969,-39.226,28.562,-80.577
13.724,2563.404,-22.98,-39.224,28.562,-80.577
13.774,2568.232,-22.991,-39.222,28.562,-80.577
13.824,2573.031,-23.001,-39.219,28.562,-80.577
13.874,2577.8,-23.011,-39.216,28.562,-80.577
13.924,2582.539,-23.022,-39.213,28.562,-80.577
13.974,2587.248,-23.032,-39.21,28.562,-80.577
14.024,2591.928,-23.043,-39.206,28.562,-80.577
14.074,2596.579,-23.053,-39.203,28.562,-80.577
14.124,2601.2,-23.063,-39.2,28.562,-80.577
14.174,2605.793,-23.074,-39.196,28.562,-80.577
14.224,2610.356,-23.084,-39.191,28.562,-80.577
14.274,2614.89,-23.093,-39.185,28.562,-80.577
14.324,2619.395,-23.102,-39.177,28.562,-80.577
14.374,2623.871,-23.111,-39.169,28.562,-80.577
14.424,2628.318,-23.119,-39.16,28.562,-80.577
14.474,2632.736,-23.126,-39.149,28.562,-80.577
14.524,2637.126,-23.134,-39.138,28.562,-80.577
14.574,2641.487,-23.141,-39.126,28.562,-80.577
14.624,2645.82,-23.147,-39.113,28.562,-80.577
14.674,2650.123,-23.154,-39.101,28.562,-80.577
14.724,2654.398,-23.161,-39.088,28.562,-80.577
14.774,2658.645,-23.167,-39.076,28.562,-80.577
14.824,2662.862,-23.175,-39.064,28.562,-80.577
14.874,2667.052,-23.182,-39.053,28.562,-80.577
14.924,2671.213,-23.189,-39.042,28.562,-80.577
14.974,2675.345,-23.196,-39.031,28.562,-80.577
15.024,2679.449,-23.204,-39.02,28.562,-80.577
15.074,2683.525,-23.211,-39.008,28.562,-80.577
15.124,2687.573,-23.218,-38.995,28.562,-80.577
15.174,2691.593,-23.224,-38.981,28.562,-80.577
15.224,2695.586,-23.23,-38.966,28.562,-80.577
15.274,2699.55,-23.235,-38.949,28.562,-80.577
15.324,2703.486,-23.239,-38.931,28.562,-80.577
15.374,2707.395,-23.244,-38.912,28.562,-80.577
15.424,2711.276,-23.247,-38.892,28.562,-80.577
15.474,2715.129,-23.251,-38.872,28.562,-80.577
15.524,2718.955,-23.254,-38.851,28.562,-80.577
15.574,2722.753,-23.257,-38.829,28.562,-80.577
15.624,2726.523,-23.26,-38.808,28.562,-80.577
15.674,2730.266,-23.263,-38.786,28.562,-80.577
15.724,2733.981,-23.266,-38.764,28.562,-80.577
15.774,2737.668,-23.269,-38.742,28.562,-80.577
15.824,2741.328,-23.272,-38.721,28.562,-80.577
15.874,2744.961,-23.275,-38.7,28.562,-80.577
15.924,2748.566,-23.279,-38.679,28.562,-80.577
15.974,2752.143,-23.282,-38.658,28.562,-80.577
16.024,2755.694,-23.285,-38.637,28.562,-80.577
16.074,2759.217,-23.289,-38.616,28.562,-80.577
16.124,2762.712,-23.292,-38.595,28.562,-80.577
16.174,2766.181,-23.295,-38.573,28.562,-80.577
16.224,2769.623,-23.298,-38.551,28.562,-80.577
16.274,2773.038,-23.301,-38.527,28.562,-80.577
16.324,2776.426,-23.303,-38.503,28.562,-80.577
16.374,2779.787,-23.305,-38.478,28.562,-80.577
16.424,2783.121,-23.306,-38.452,28.562,-80.577
16.474,2786.428,-23.307,-38.425,28.562,-80.577
16.524,2789.709,-23.308,-38.397,28.562,-80.577
16.574,2792.963,-23.308,-38.369,28.562,-80.577
16.624,2796.19,-23.308,-38.34,28.562,-80.577
16.674,2799.391,-23.308,-38.31,28.562,-80.577
16.724,2802.564,-23.308,-38.281,28.562,-80.577
16.774,2805.712,-23.307,-38.251,28.562,-80.577
16.824,2808.832,-23.307,-38.221,28.562,-80.577
16.874,2811.926,-23.306,-38.19,28.562,-80.577
16.924,2814.993,-23.306,-38.16,28.562,-80.577
16.974,2818.034,-23.305,-38.13,28.562,-80.577
17.024,2821.049,-23.305,-38.099,28.562,-80.577
17.074,2824.036,-23.304,-38.069,28.562,-80.577
17.124,2826.998,-23.303,-38.038,28.562,-80.577
17.174,2829.933,-23.303,-38.008,28.562,-80.577
17.224,2832.842,-23.302,-37.977,28.562,-80.577
17.274,2835.724,-23.301,-37.946,28.562,-80.577
17.324,2838.58,-23.3,-37.914,28.562,-80.577
17.374,2841.41,-23.299,-37.882,28.562,-80.577
17.424,2844.214,-23.297,-37.85,28.562,-80.577
17.474,2846.992,-23.296,-37.817,28.562,-80.577
17.524,2849.743,-23.294,-37.784,28.562,-80.577
17.574,2852.469,-23.292,-37.75,28.562,-80.577
17.624,2855.168,-23.29,-37.716,28.562,-80.577
17.674,2857.842,-23.288,-37.682,28.562,-80.577
17.724,2860.489,-23.286,-37.647,28.562,-80.577
17.774,2863.111,-23.284,-37.612,28.562,-80.577
17.824,2865.706,-23.281,-37.577,28.562,-80.577
17.874,2868.276,-23.279,-37.542,28.562,-80.577
17.924,2870.82,-23.276,-37.506,28.562,-80.577
17.974,2873.338,-23.274,-37.471,28.562,-80.577
18.024,2875.83,-23.271,-37.435,28.562,-80.577
18.074,2878.296,-23.269,-37.399,28.562,-80.577
18.124,2880.736,-23.266,-37.363,28.562,-80.577
18.174,2883.151,-23.263,-37.326,28.562,-80.577
18.224,2885.54,-23.26,-37.29,28.562,-80.577
18.274,2887.904,-23.256,-37.253,28.562,-80.577
18.324,2890.241,-23.253,-37.215,28.562,-80.577
18.374,2892.553,-23.249,-37.178,28.562,-80.577
18.424,2894.84,-23.246,-37.14,28.562,-80.577
18.474,2897.101,-23.242,-37.101,28.562,-80.577
18.524,2899.337,-23.238,-37.063,28.562,-80.577
18.574,2901.547,-23.234,-37.023,28.562,-80.577
18.624,2903.731,-23.229,-36.984,28.562,-80.577
18.674,2905.89,-23.224,-36.943,28.562,-80.577
18.724,2908.024,-23.22,-36.903,28.562,-80.577
18.774,2910.132,-23.215,-36.862,28.562,-80.577
18.824,2912.215,-23.21,-36.821,28.562,-80.577
18.874,2914.273,-23.204,-36.779,28.562,-80.577
18.924,2916.305,-23.199,-36.738,28.562,-80.577
18.974,2918.312,-23.194,-36.696,28.562,-80.577
19.024,2920.294,-23.188,-36.654,28.562,-80.577
19.074,2922.25,-23.183,-36.612,28.562,-80.577
19.124,2924.181,-23.177,-36.569,28.562,-80.577
19.174,2926.087,-23.172,-36.526,28.562,-80.577
19.224,2927.967,-23.166,-36.483,28.562,-80.577
19.274,2929.822,-23.16,-36.44,28.562,-80.577
19.324,2931.652,-23.154,-36.397,28.562,-80.577
19.374,2933.457,-23.148,-36.354,28.562,-80.577
19.424,2935.237,-23.142,-36.31,28.562,-80.577
19.474,2936.992,-23.136,-36.266,28.562,-80.577
19.524,2938.721,-23.13,-36.223,28.562,-80.577
19.574,2940.425,-23.124,-36.178,28.562,-80.577
19.624,2942.105,-23.118,-36.134,28.562,-80.577
19.674,2943.759,-23.111,-36.09,28.562,-80.577
19.724,2945.388,-23.105,-36.045,28.562,-80.577
19.774,2946.992,-23.098,-35.999,28.562,-80.577
19.824,2948.572,-23.091,-35.954,28.562,-80.577
19.874,2950.126,-23.084,-35.908,28.562,-80.577
19.924,2951.655,-23.077,-35.862,28.562,-80.577
19.974,2953.16,-23.07,-35.816,28.562,-80.577
20.024,2954.639,-23.063,-35.77,28.562,-80.577
20.074,2956.094,-23.056,-35.723,28.562,-80.577
20.124,2957.523,-23.048,-35.677,28.562,-80.577
20.174,2958.928,-23.041,-35.63,28.562,-80.577
20.224,2960.308,-23.034,-35.583,28.562,-80.577
20.274,2961.663,-23.026,-35.536,28.562,-80.577
20.324,2962.993,-23.019,-35.489,28.562,-80.577
20.374,2964.298,-23.011,-35.442,28.562,-80.577
20.424,2965.578,-23.004,-35.395,28.562,-80.577
20.474,2966.834,-22.996,-35.347,28.562,-80.577
20.524,2968.065,-22.988,-35.299,28.562,-80.577
20.574,2969.271,-22.98,-35.251,28.562,-80.577
20.624,2970.452,-22.972,-35.203,28.562,-80.577
20.674,2971.609,-22.964,-35.154,28.562,-80.577
20.724,2972.741,-22.956,-35.106,28.562,-80.577
20.774,2973.848,-22.947,-35.056,28.562,-80.577
20.824,2974.931,-22.939,-35.007,28.562,-80.577
20.874,2975.989,-22.93,-34.958,28.562,-80.577
20.924,2977.022,-22.921,-34.908,28.562,-80.577
20.974,2978.031,-22.912,-34.858,28.562,-80.577
21.024,2979.015,-22.903,-34.807,28.562,-80.577
21.074,2979.975,-22.894,-34.756,28.562,-80.577
21.124,2980.91,-22.885,-34.705,28.562,-80.577
21.174,2981.82,-22.875,-34.654,28.562,-80.577
21.224,2982.706,-22.866,-34.602,28.562,-80.577
21.274,2983.567,-22.856,-34.55,28.562,-80.577
21.324,2984.404,-22.846,-34.498,28.562,-80.577
21.374,2985.216,-22.836,-34.445,28.562,-80.577
21.424,2986.004,-22.826,-34.393,28.562,-80.577
21.474,2986.768,-22.815,-34.339,28.562,-80.577
21.524,2987.506,-22.805,-34.286,28.562,-80.577
21.574,2988.221,-22.794,-34.232,28.562,-80.577
21.624,2988.911,-22.784,-34.178,28.562,-80.577
21.674,2989.576,-22.773,-34.123,28.562,-80.577
21.724,2990.218,-22.762,-34.069,28.562,-80.577
21.774,2990.834,-22.75,-34.014,28.562,-80.577
21.824,2991.427,-22.739,-33.958,28.562,-80.577
21.874,2991.995,-22.727,-33.902,28.562,-80.577
21.924,2992.539,-22.716,-33.846,28.562,-80.577
21.974,2993.058,-22.704,-33.789,28.562,-80.577
22.024,2993.553,-22.692,-33.732,28.562,-80.577
22.074,2994.024,-22.68,-33.675,28.562,-80.577
22.124,2994.47,-22.667,-33.617,28.562,-80.577
22.174,2994.893,-22.655,-33.559,28.562,-80.577
22.224,2995.291,-22.642,-33.501,28.562,-80.577
22.274,2995.665,-22.629,-33.442,28.562,-80.577
22.324,2996.014,-22.616,-33.382,28.562,-80.577
22.374,2996.34,-22.603,-33.323,28.562,-80.577
22.424,2996.641,-22.589,-33.262,28.562,-80.577
22.474,2996.918,-22.575,-33.202,28.562,-80.577
22.524,2997.172,-22.561,-33.141,28.562,-80.577
22.574,2997.401,-22.547,-33.079,28.562,-80.577
22.624,2997.606,-22.533,-33.017,28.562,-80.577
22.674,2997.787,-22.518,-32.955,28.562,-80.577
22.724,2997.944,-22.504,-32.892,28.562,-80.577
22.774,2998.077,-22.488,-32.829,28.562,-80.577
22.824,2998.187,-22.473,-32.765,28.562,-80.577
22.874,2998.272,-22.458,-32.7,28.562,-80.577
22.924,2998.334,-22.442,-32.635,28.562,-80.577
22.974,2998.373,-22.426,-32.569,28.562,-80.577
23.024,2998.387,-22.409,-32.503,28.562,-80.577
23.074,2998.379,-22.393,-32.437,28.562,-80.577
23.124,2998.346,-22.376,-32.369,28.562,-80.577
23.174,2998.29,-22.359,-32.301,28.562,-80.577
23.224,2998.211,-22.342,-32.233,28.562,-80.577
23.274,2998.109,-22.324,-32.164,28.562,-80.577
23.324,2997.983,-22.306,-32.095,28.562,-80.577
23.374,2997.834,-22.288,-32.025,28.562,-80.577
23.424,2997.662,-22.27,-31.955,28.562,-80.577
23.474,2997.467,-22.251,-31.884,28.562,-80.577
23.524,2997.249,-22.233,-31.813,28.562,-80.577
23.574,2997.008,-22.214,-31.741,28.562,-80.577
23.624,2996.745,-22.194,-31.669,28.562,-80.577
23.674,2996.459,-22.175,-31.596,28.562,-80.577
23.724,2996.151,-22.156,-31.524,28.562,-80.577
23.774,2995.82,-22.136,-31.451,28.562,-80.577
23.824,2995.467,-22.116,-31.377,28.562,-80.577
23.874,2995.091,-22.097,-31.304,28.562,-80.577
23.924,2994.693,-22.077,-31.23,28.562,-80.577
23.974,2994.273,-22.057,-31.157,28.562,-80.577
24.024,2993.831,-22.037,-31.083,28.562,-80.577
24.074,2993.367,-22.018,-31.01,28.562,-80.577
24.124,2992.881,-21.998,-30.937,28.562,-80.577
24.174,2992.372,-21.979,-30.864,28.562,-80.577
24.224,2991.842,-21.959,-30.792,28.562,-80.577
24.274,2991.289,-21.94,-30.72,28.562,-80.577
24.324,2990.714,-21.922,-30.649,28.562,-80.577
24.374,2990.117,-21.903,-30.578,28.562,-80.577
24.424,2989.498,-21.885,-30.508,28.562,-80.577
24.474,2988.855,-21.867,-30.439,28.562,-80.577
24.524,2988.191,-21.85,-30.371,28.562,-80.577
24.574,2987.503,-21.833,-30.303,28.562,-80.577
24.623,2986.805,-21.817,-30.237,28.562,-80.577
24.671,2986.098,-21.801,-30.173,28.562,-80.577
24.719,2985.378,-21.786,-30.111,28.562,-80.577
24.766,2984.644,-21.771,-30.05,28.562,-80.577
24.813,2983.892,-21.756,-29.989,28.562,-80.577
24.86,2983.12,-21.742,-29.929,28.562,-80.577
24.907,2982.324,-21.727,-29.868,28.562,-80.577
24.954,2981.502,-21.713,-29.808,28.562,-80.577
25.002,2980.651,-21.698,-29.747,28.562,-80.577
25.05,2979.773,-21.683,-29.685,28.562,-80.577
25.099,2978.855,-21.668,-29.622,28.562,-80.577
25.149,2977.893,-21.652,-29.557,28.562,-80.577
25.199,2976.907,-21.635,-29.49,28.562,-80.577
25.249,2975.896,-21.618,-29.422,28.562,-80.577
25.299,2974.86,-21.6,-29.352,28.562,-80.577
25.349,2973.8,-21.58,-29.28,28.562,-80.577
25.399,2972.715,-21.56,-29.205,28.562,-80.577
25.446,2971.669,-21.539,-29.131,28.562,-80.577
25.49,2970.683,-21.518,-29.06,28.562,-80.577
25.533,2969.7,-21.496,-28.987,28.562,-80.577
25.575,2968.717,-21.473,-28.912,28.562,-80.577
25.616,2967.732,-21.449,-28.836,28.562,-80.577
25.657,2966.747,-21.424,-28.757,28.562,-80.577
25.697,2965.766,-21.398,-28.677,28.562,-80.577
25.736,2964.789,-21.371,-28.596,28.562,-80.577
25.774,2963.818,-21.343,-28.514,28.562,-80.577
25.811,2962.861,-21.315,-28.43,28.562,-80.577
25.847,2961.914,-21.286,-28.347,28.562,-80.577
25.883,2960.967,-21.256,-28.261,28.562,-80.577
25.919,2960.022,-21.226,-28.175,28.562,-80.577
25.954,2959.066,-21.194,-28.086,28.562,-80.577
25.992,2958.031,-21.159,-27.989,28.562,-80.577
26.033,2956.867,-21.119,-27.878,28.562,-80.577
26.081,2955.529,-21.072,-27.75,28.562,-80.577
26.131,2954.093,-21.021,-27.611,28.562,-80.577
26.181,2952.633,-20.969,-27.47,28.562,-80.577
26.231,2951.149,-20.916,-27.327,28.562,-80.577
26.281,2949.641,-20.862,-27.183,28.562,-80.577
26.331,2948.109,-20.808,-27.038,28.562,-80.577
26.381,2946.553,-20.754,-26.892,28.562,-80.577
26.431,2944.972,-20.7,-26.747,28.562,-80.577
26.481,2943.369,-20.646,-26.602,28.562,-80.577
26.531,2941.742,-20.592,-26.459,28.562,-80.577
26.581,2940.092,-20.54,-26.317,28.562,-80.577
26.631,2938.419,-20.488,-26.177,28.562,-80.577
26.675,2936.938,-20.444,-26.057,28.562,-80.577
26.712,2935.647,-20.407,-25.955,28.562,-80.577
26.746,2934.477,-20.374,-25.866,28.562,-80.577
26.778,2933.38,-20.345,-25.785,28.562,-80.577
26.807,2932.338,-20.318,-25.71,28.562,-80.577
26.836,2931.33,-20.293,-25.639,28.562,-80.577
26.864,2930.332,-20.269,-25.571,28.562,-80.577
26.892,2929.342,-20.246,-25.505,28.562,-80.577
26.919,2928.354,-20.224,-25.442,28.562,-80.577
26.947,2927.357,-20.202,-25.379,28.562,-80.577
26.975,2926.339,-20.181,-25.317,28.562,-80.577
27.004,2925.283,-20.16,-25.255,28.562,-80.577
27.034,2924.171,-20.139,-25.192,28.562,-80.577
27.066,2922.96,-20.116,-25.125,28.562,-80.577
27.103,2921.599,-20.092,-25.052,28.562,-80.577
27.145,2919.999,-20.065,-24.969,28.562,-80.577
27.195,2918.088,-20.035,-24.874,28.562,-80.577
27.245,2916.155,-20.005,-24.78,28.562,-80.577
27.295,2914.198,-19.976,-24.688,28.562,-80.577
27.345,2912.218,-19.947,-24.597,28.562,-80.577
27.395,2910.214,-19.918,-24.506,28.562,-80.577
27.445,2908.187,-19.889,-24.414,28.562,-80.577
27.495,2906.136,-19.859,-24.32,28.562,-80.577
27.545,2904.061,-19.828,-24.225,28.562,-80.577
27.589,2902.229,-19.8,-24.138,28.562,-80.577
27.625,2900.689,-19.775,-24.064,28.562,-80.577
27.658,2899.292,-19.752,-23.994,28.562,-80.577
27.688,2897.988,-19.73,-23.928,28.562,-80.577
27.716,2896.765,-19.708,-23.865,28.562,-80.577
27.744,2895.586,-19.686,-23.803,28.562,-80.577
27.77,2894.424,-19.664,-23.74,28.562,-80.577
27.796,2893.287,-19.641,-23.677,28.562,-80.577
27.821,2892.168,-19.619,-23.614,28.562,-80.577
27.846,2891.054,-19.596,-23.55,28.562,-80.577
27.872,2889.931,-19.572,-23.484,28.562,-80.577
27.897,2888.767,-19.546,-23.414,28.562,-80.577
27.925,2887.537,-19.519,-23.34,28.562,-80.577
27.954,2886.213,-19.488,-23.258,28.562,-80.577
27.986,2884.746,-19.454,-23.166,28.562,-80.577
28.023,2883.033,-19.413,-23.057,28.562,-80.577
28.069,2880.916,-19.362,-22.921,28.562,-80.577
28.119,2878.575,-19.304,-22.77,28.562,-80.577
28.169,2876.21,-19.246,-22.617,28.562,-80.577
28.219,2873.821,-19.187,-22.463,28.562,-80.577
28.269,2871.41,-19.129,-22.309,28.562,-80.577
28.319,2868.975,-19.07,-22.155,28.562,-80.577
28.369,2866.518,-19.013,-22.004,28.562,-80.577
28.414,2864.306,-18.962,-21.871,28.562,-80.577
28.449,2862.53,-18.923,-21.767,28.562,-80.577
28.479,2861.024,-18.891,-21.681,28.562,-80.577
28.507,2859.636,-18.862,-21.603,28.562,-80.577
28.533,2858.323,-18.835,-21.532,28.562,-80.577
28.558,2857.053,-18.81,-21.464,28.562,-80.577
28.582,2855.811,-18.786,-21.4,28.562,-80.577
28.606,2854.589,-18.764,-21.338,28.562,-80.577
28.629,2853.365,-18.742,-21.277,28.562,-80.577
28.654,2852.101,-18.72,-21.216,28.562,-80.577
28.679,2850.778,-18.698,-21.154,28.562,-80.577
28.706,2849.39,-18.675,-21.091,28.562,-80.577
28.735,2847.902,-18.651,-21.024,28.562,-80.577
28.766,2846.25,-18.626,-20.952,28.562,-80.577
28.803,2844.302,-18.597,-20.87,28.562,-80.577
28.851,2841.736,-18.561,-20.765,28.562,-80.577
28.901,2839.052,-18.524,-20.657,28.562,-80.577
28.951,2836.346,-18.487,-20.55,28.562,-80.577
29.001,2833.617,-18.45,-20.442,28.562,-80.577
29.051,2830.865,-18.413,-20.334,28.562,-80.577
29.101,2828.091,-18.374,-20.223,28.562,-80.577
29.144,2825.688,-18.34,-20.125,28.562,-80.577
29.179,2823.7,-18.31,-20.042,28.562,-80.577
29.21,2821.981,-18.284,-19.969,28.562,-80.577
29.237,2820.408,-18.259,-19.901,28.562,-80.577
29.264,2818.898,-18.235,-19.834,28.562,-80.577
29.289,2817.431,-18.21,-19.767,28.562,-80.577
29.314,2815.992,-18.186,-19.701,28.562,-80.577
29.339,2814.546,-18.161,-19.633,28.562,-80.577
29.365,2813.06,-18.134,-19.562,28.562,-80.577
29.392,2811.507,-18.105,-19.486,28.562,-80.577
29.42,2809.848,-18.074,-19.404,28.562,-80.577
29.451,2808.06,-18.04,-19.314,28.562,-80.577
29.484,2806.078,-18.002,-19.213,28.562,-80.577
29.525,2803.676,-17.954,-19.089,28.562,-80.577
29.575,2800.687,-17.894,-18.933,28.562,-80.577
29.625,2797.676,-17.833,-18.775,28.562,-80.577
29.675,2794.642,-17.772,-18.617,28.562,-80.577
29.725,2791.586,-17.711,-18.459,28.562,-80.577
29.775,2788.507,-17.651,-18.304,28.562,-80.577
29.815,2785.999,-17.603,-18.18,28.562,-80.577
29.849,2783.906,-17.565,-18.079,28.562,-80.577
29.878,2782.065,-17.531,-17.992,28.562,-80.577
29.905,2780.356,-17.502,-17.913,28.562,-80.577
29.931,2778.728,-17.474,-17.84,28.562,-80.577
29.956,2777.156,-17.448,-17.771,28.562,-80.577
29.98,2775.61,-17.423,-17.704,28.562,-80.577
30.005,2774.054,-17.398,-17.638,28.562,-80.577
30.03,2772.452,-17.374,-17.572,28.562,-80.577
30.057,2770.736,-17.348,-17.503,28.562,-80.577
30.086,2768.846,-17.321,-17.429,28.562,-80.577
30.12,2766.686,-17.291,-17.346,28.562,-80.577
30.162,2763.939,-17.253,-17.243,28.562,-80.577
30.212,2760.677,-17.21,-17.123,28.562,-80.577
30.262,2757.394,-17.167,-17.003,28.562,-80.577
30.312,2754.088,-17.123,-16.883,28.562,-80.577
30.362,2750.759,-17.079,-16.761,28.562,-80.577
30.408,2747.677,-17.037,-16.646,28.562,-80.577
30.442,2745.396,-17.005,-16.56,28.562,-80.577
30.471,2743.408,-16.976,-16.482,28.562,-80.577
30.498,2741.58,-16.949,-16.41,28.562,-80.577
30.524,2739.844,-16.923,-16.34,28.562,-80.577
30.549,2738.126,-16.896,-16.269,28.562,-80.577
30.574,2736.393,-16.868,-16.197,28.562,-80.577
30.6,2734.622,-16.839,-16.121,28.562,-80.577
30.627,2732.771,-16.809,-16.041,28.562,-80.577
30.656,2730.772,-16.775,-15.953,28.562,-80.577
30.688,2728.517,-16.736,-15.853,28.562,-80.577
30.728,2725.74,-16.687,-15.727,28.562,-80.577
30.778,2722.23,-16.624,-15.567,28.562,-80.577
30.828,2718.698,-16.561,-15.406,28.562,-80.577
30.878,2715.144,-16.498,-15.244,28.562,-80.577
30.928,2711.568,-16.435,-15.084,28.562,-80.577
30.978,2707.971,-16.373,-14.925,28.562,-80.577
31.015,2705.286,-16.329,-14.81,28.562,-80.577
31.047,2702.969,-16.291,-14.712,28.562,-80.577
31.077,2700.82,-16.256,-14.623,28.562,-80.577
31.104,2698.787,-16.225,-14.541,28.562,-80.577
31.132,2696.796,-16.195,-14.462,28.562,-80.577
31.159,2694.763,-16.165,-14.383,28.562,-80.577
31.188,2692.624,-16.134,-14.302,28.562,-80.577
31.22,2690.281,-16.101,-14.214,28.562,-80.577
31.256,2687.602,-16.064,-14.116,28.562,-80.577
31.301,2684.252,-16.019,-13.997,28.562,-80.577
31.351,2680.502,-15.969,-13.864,28.562,-80.577
31.401,2676.731,-15.92,-13.733,28.562,-80.577
31.451,2672.938,-15.87,-13.6,28.562,-80.577
31.501,2669.124,-15.819,-13.465,28.562,-80.577
31.542,2665.976,-15.776,-13.351,28.562,-80.577
31.577,2663.286,-15.738,-13.252,28.562,-80.577
31.608,2660.86,-15.703,-13.161,28.562,-80.577
31.638,2658.567,-15.67,-13.074,28.562,-80.577
31.667,2656.306,-15.636,-12.986,28.562,-80.577
31.696,2654.004,-15.6,-12.896,28.562,-80.577
31.727,2651.576,-15.562,-12.799,28.562,-80.577
31.764,2648.717,-15.517,-12.683,28.562,-80.577
31.812,2644.928,-15.456,-12.528,28.562,-80.577
31.862,2640.96,-15.391,-12.364,28.562,-80.577
31.912,2636.972,-15.326,-12.2,28.562,-80.577
31.962,2632.963,-15.262,-12.037,28.562,-80.577
32.012,2628.933,-15.198,-11.875,28.562,-80.577
32.055,2625.405,-15.143,-11.736,28.562,-80.577
32.092,2622.427,-15.098,-11.621,28.562,-80.577
32.127,2619.559,-15.056,-11.512,28.562,-80.577
32.162,2616.723,-15.015,-11.407,28.562,-80.577
32.198,2613.774,-14.973,-11.3,28.562,-80.577
32.238,2610.486,-14.928,-11.182,28.562,-80.577
32.284,2606.622,-14.876,-11.047,28.562,-80.577
32.334,2602.462,-14.82,-10.903,28.562,-80.577
32.384,2598.282,-14.765,-10.759,28.562,-80.577
32.434,2594.082,-14.71,-10.616,28.562,-80.577
32.484,2589.86,-14.654,-10.47,28.562,-80.577
32.534,2585.619,-14.596,-10.322,28.562,-80.577
32.575,2582.182,-14.548,-10.199,28.562,-80.577
32.611,2579.057,-14.504,-10.086,28.562,-80.577
32.647,2576.011,-14.46,-9.974,28.562,-80.577
32.683,2572.882,-14.414,-9.857,28.562,-80.577
32.723,2569.46,-14.362,-9.728,28.562,-80.577
32.77,2565.337,-14.299,-9.57,28.562,-80.577
32.82,2560.979,-14.232,-9.401,28.562,-80.577
32.87,2556.6,-14.165,-9.232,28.562,-80.577
32.92,2552.201,-14.097,-9.063,28.562,-80.577
32.97,2547.782,-14.03,-8.895,28.562,-80.577
33.015,2543.758,-13.971,-8.744,28.562,-80.577
33.052,2540.507,-13.924,-8.625,28.562,-80.577
33.085,2537.573,-13.882,-8.52,28.562,-80.577
33.117,2534.675,-13.842,-8.417,28.562,-80.577
33.151,2531.602,-13.8,-8.311,28.562,-80.577
33.19,2528.066,-13.752,-8.19,28.562,-80.577
33.24,2523.542,-13.693,-8.038,28.562,-80.577
33.29,2518.999,-13.634,-7.888,28.562,-80.577
33.34,2514.436,-13.575,-7.736,28.562,-80.577
33.39,2509.853,-13.515,-7.584,28.562,-80.577
33.44,2505.25,-13.454,-7.428,28.562,-80.577
33.481,2501.483,-13.403,-7.299,28.562,-80.577
33.515,2498.31,-13.359,-7.188,28.562,-80.577
33.548,2495.297,-13.316,-7.081,28.562,-80.577
33.582,2492.123,-13.27,-6.966,28.562,-80.577
33.62,2488.545,-13.218,-6.836,28.562,-80.577
33.67,2483.855,-13.148,-6.662,28.562,-80.577
33.72,2479.142,-13.078,-6.487,28.562,-80.577
33.77,2474.409,-13.008,-6.312,28.562,-80.577
33.82,2469.658,-12.937,-6.138,28.562,-80.577
33.87,2464.887,-12.868,-5.965,28.562,-80.577
33.914,2460.695,-12.809,-5.816,28.562,-80.577
33.952,2456.998,-12.757,-5.687,28.562,-80.577
33.991,2453.276,-12.706,-5.559,28.562,-80.577
34.032,2449.304,-12.653,-5.425,28.562,-80.577
34.082,2444.454,-12.589,-5.264,28.562,-80.577
34.132,2439.585,-12.525,-5.103,28.562,-80.577
34.182,2434.697,-12.462,-4.942,28.562,-80.577
34.232,2429.79,-12.397,-4.78,28.562,-80.577
34.282,2424.864,-12.331,-4.616,28.562,-80.577
34.332,2419.919,-12.264,-4.448,28.562,-80.577
34.377,2415.417,-12.202,-4.294,28.562,-80.577
34.423,2410.849,-12.137,-4.134,28.562,-80.577
34.473,2405.851,-12.066,-3.958,28.562,-80.577
34.523,2400.833,-11.994,-3.78,28.562,-80.577
34.573,2395.797,-11.921,-3.6,28.562,-80.577
34.623,2390.742,-11.848,-3.419,28.562,-80.577
34.673,2385.669,-11.775,-3.24,28.562,-80.577
34.723,2380.578,-11.704,-3.062,28.562,-80.577
34.769,2375.88,-11.639,-2.901,28.562,-80.577
34.814,2371.335,-11.577,-2.748,28.562,-80.577
34.864,2366.193,-11.509,-2.576,28.562,-80.577
34.914,2361.033,-11.44,-2.407,28.562,-80.577
34.964,2355.854,-11.372,-2.237,28.562,-80.577
35.014,2350.657,-11.304,-2.067,28.562,-80.577
35.064,2345.442,-11.234,-1.895,28.562,-80.577
35.114,2340.209,-11.164,-1.72,28.562,-80.577
35.158,2335.544,-11.099,-1.562,28.562,-80.577
35.203,2330.775,-11.033,-1.398,28.562,-80.577
35.253,2325.491,-10.958,-1.215,28.562,-80.577
35.303,2320.188,-10.882,-1.029,28.562,-80.577
35.353,2314.868,-10.805,-0.843,28.562,-80.577
35.403,2309.53,-10.729,-0.656,28.562,-80.577
35.453,2304.174,-10.654,-0.471,28.562,-80.577
35.503,2298.801,-10.579,-0.288,28.562,-80.577
35.551,2293.668,-10.509,-0.116,28.562,-80.577
35.599,2288.521,-10.44,0.055,28.562,-80.577
35.649,2283.097,-10.368,0.232,28.562,-80.577
35.699,2277.656,-10.296,0.41,28.562,-80.577
35.749,2272.198,-10.224,0.587,28.562,-80.577
35.799,2266.721,-10.151,0.766,28.562,-80.577
35.849,2261.228,-10.076,0.948,28.562,-80.577
35.899,2255.716,-10.001,1.132,28.562,-80.577
35.945,2250.593,-9.929,1.306,28.562,-80.577
35.995,2245.048,-9.851,1.497,28.562,-80.577
36.045,2239.486,-9.771,1.689,28.562,-80.577
36.095,2233.907,-9.692,1.882,28.562,-80.577
36.145,2228.31,-9.612,2.075,28.562,-80.577
36.195,2222.697,-9.533,2.268,28.562,-80.577
36.244,2217.161,-9.456,2.455,28.562,-80.577
36.288,2212.146,-9.387,2.622,28.562,-80.577
36.338,2206.485,-9.311,2.809,28.562,-80.577
36.388,2200.807,-9.234,2.994,28.562,-80.577
36.438,2195.112,-9.158,3.18,28.562,-80.577
36.488,2189.4,-9.081,3.367,28.562,-80.577
36.538,2183.672,-9.003,3.555,28.562,-80.577
36.588,2177.927,-8.924,3.746,28.562,-80.577
36.638,2172.228,-8.844,3.938,28.562,-80.577
36.688,2166.45,-8.762,4.135,28.562,-80.577
36.738,2160.655,-8.679,4.333,28.562,-80.577
36.788,2154.843,-8.596,4.532,28.562,-80.577
36.838,2149.015,-8.513,4.731,28.562,-80.577
36.888,2143.171,-8.431,4.929,28.562,-80.577
36.938,2137.31,-8.349,5.126,28.562,-80.577
36.988,2131.434,-8.268,5.321,28.562,-80.577
37.038,2125.542,-8.187,5.515,28.562,-80.577
37.088,2119.633,-8.107,5.708,28.562,-80.577
37.138,2113.708,-8.026,5.902,28.562,-80.577
37.188,2107.768,-7.944,6.098,28.562,-80.577
37.238,2101.811,-7.861,6.296,28.562,-80.577
37.288,2095.838,-7.777,6.497,28.562,-80.577
37.338,2089.849,-7.691,6.7,28.562,-80.577
37.388,2083.844,-7.604,6.906,28.562,-80.577
37.438,2077.823,-7.517,7.113,28.562,-80.577
37.488,2071.787,-7.429,7.32,28.562,-80.577
37.538,2065.735,-7.342,7.526,28.562,-80.577
37.588,2059.667,-7.256,7.73,28.562,-80.577
37.638,2053.584,-7.17,7.933,28.562,-80.577
37.688,2047.486,-7.085,8.135,28.562,-80.577
37.738,2041.373,-7,8.337,28.562,-80.577
37.788,2035.244,-6.915,8.539,28.562,-80.577
37.838,2029.1,-6.829,8.742,28.562,-80.577
37.888,2022.94,-6.742,8.947,28.562,-80.577
37.938,2016.765,-6.653,9.155,28.562,-80.577
37.988,2010.574,-6.563,9.366,28.562,-80.577
38.038,2004.368,-6.472,9.578,28.562,-80.577
38.088,1998.148,-6.381,9.792,28.562,-80.577
38.138,1991.912,-6.289,10.005,28.562,-80.577
38.188,1985.661,-6.198,10.218,28.562,-80.577
38.238,1979.395,-6.108,10.43,28.562,-80.577
38.288,1973.115,-6.018,10.64,28.562,-80.577
38.338,1966.82,-5.928,10.85,28.562,-80.577
38.388,1960.511,-5.838,11.059,28.562,-80.577
38.438,1954.186,-5.748,11.268,28.562,-80.577
38.488,1947.847,-5.657,11.48,28.562,-80.577
38.538,1941.493,-5.565,11.694,28.562,-80.577
38.588,1935.125,-5.471,11.911,28.562,-80.577
38.638,1928.741,-5.376,12.13,28.562,-80.577
38.688,1922.344,-5.279,12.351,28.562,-80.577
38.738,1915.932,-5.183,12.573,28.562,-80.577
38.788,1909.505,-5.087,12.794,28.562,-80.577
38.838,1903.065,-4.991,13.014,28.562,-80.577
38.888,1896.61,-4.896,13.232,28.562,-80.577
38.938,1890.142,-4.802,13.449,28.562,-80.577
38.988,1883.659,-4.707,13.666,28.562,-80.577
39.038,1877.162,-4.612,13.883,28.562,-80.577
39.088,1870.651,-4.516,14.102,28.562,-80.577
39.138,1864.127,-4.419,14.324,28.562,-80.577
39.188,1857.588,-4.32,14.548,28.562,-80.577
39.238,1851.035,-4.22,14.775,28.562,-80.577
39.288,1844.468,-4.12,15.002,28.562,-80.577
39.338,1837.887,-4.019,15.23,28.562,-80.577
39.388,1831.293,-3.919,15.457,28.562,-80.577
39.438,1824.686,-3.819,15.684,28.562,-80.577
39.488,1818.064,-3.719,15.909,28.562,-80.577
39.538,1811.43,-3.619,16.134,28.562,-80.577
39.588,1804.782,-3.519,16.36,28.562,-80.577
39.638,1798.12,-3.418,16.587,28.562,-80.577
39.688,1791.445,-3.316,16.815,28.562,-80.577
39.738,1784.757,-3.213,17.046,28.562,-80.577
39.788,1778.055,-3.109,17.277,28.562,-80.577
39.838,1771.34,-3.004,17.51,28.562,-80.577
39.888,1764.612,-2.899,17.744,28.562,-80.577
39.938,1757.871,-2.793,17.979,28.562,-80.577
39.988,1751.116,-2.687,18.215,28.562,-80.577
40.038,1744.349,-2.581,18.45,28.562,-80.577
40.088,1737.569,-2.474,18.685,28.562,-80.577
40.138,1730.776,-2.369,18.919,28.562,-80.577
40.188,1723.97,-2.263,19.152,28.562,-80.577
40.238,1717.152,-2.157,19.386,28.562,-80.577
40.288,1710.321,-2.05,19.62,28.562,-80.577
40.338,1703.477,-1.943,19.855,28.562,-80.577
40.388,1696.62,-1.835,20.093,28.562,-80.577
40.438,1689.751,-1.725,20.333,28.562,-80.577
40.488,1682.869,-1.614,20.574,28.562,-80.577
40.538,1675.975,-1.503,20.816,28.562,-80.577
40.588,1669.068,-1.391,21.059,28.562,-80.577
40.638,1662.149,-1.28,21.301,28.562,-80.577
40.688,1655.218,-1.168,21.543,28.562,-80.577
40.738,1648.275,-1.056,21.784,28.562,-80.577
40.788,1641.319,-0.944,22.026,28.562,-80.577
40.838,1634.351,-0.832,22.269,28.562,-80.577
40.888,1627.371,-0.719,22.512,28.562,-80.577
40.938,1620.379,-0.605,22.757,28.562,-80.577
40.988,1613.375,-0.49,23.003,28.562,-80.577
41.038,1606.359,-0.374,23.251,28.562,-80.577
41.088,1599.331,-0.257,23.5,28.562,-80.577
41.138,1592.292,-0.14,23.749,28.562,-80.577
41.188,1585.24,-0.022,23.999,28.562,-80.577
41.238,1578.177,0.095,24.248,28.562,-80.577
41.288,1571.102,0.212,24.497,28.562,-80.577
41.338,1564.016,0.33,24.744,28.562,-80.577
41.388,1556.918,0.447,24.993,28.562,-80.577
41.438,1549.809,0.565,25.242,28.562,-80.577
41.488,1542.688,0.684,25.492,28.562,-80.577
41.538,1535.556,0.804,25.745,28.562,-80.577
41.588,1528.412,0.926,26,28.562,-80.577
41.638,1521.257,1.049,26.257,28.562,-80.577
41.688,1514.091,1.172,26.513,28.562,-80.577
41.738,1506.913,1.295,26.769,28.562,-80.577
41.788,1499.725,1.417,27.023,28.562,-80.577
41.838,1492.525,1.539,27.277,28.562,-80.577
41.888,1485.315,1.662,27.531,28.562,-80.577
41.938,1478.093,1.785,27.786,28.562,-80.577
41.988,1470.861,1.909,28.043,28.562,-80.577
42.038,1463.618,2.035,28.302,28.562,-80.577
42.088,1456.363,2.163,28.563,28.562,-80.577
42.138,1449.098,2.291,28.825,28.562,-80.577
42.188,1441.822,2.419,29.088,28.562,-80.577
42.238,1434.536,2.548,29.35,28.562,-80.577
42.288,1427.239,2.676,29.611,28.562,-80.577
42.338,1419.932,2.804,29.872,28.562,-80.577
42.388,1412.614,2.932,30.133,28.562,-80.577
42.438,1405.286,3.061,30.395,28.562,-80.577
42.488,1397.947,3.191,30.657,28.562,-80.577
42.538,1390.598,3.322,30.921,28.562,-80.577
42.588,1383.238,3.453,31.187,28.562,-80.577
42.638,1375.869,3.586,31.453,28.562,-80.577
42.688,1368.489,3.719,31.72,28.562,-80.577
42.738,1361.099,3.852,31.988,28.562,-80.577
42.788,1353.698,3.987,32.256,28.562,-80.577
42.838,1346.288,4.122,32.525,28.562,-80.577
42.888,1338.868,4.257,32.794,28.562,-80.577
42.938,1331.438,4.393,33.063,28.562,-80.577
42.988,1323.998,4.529,33.333,28.562,-80.577
43.038,1316.548,4.665,33.602,28.562,-80.577
43.088,1309.089,4.801,33.871,28.562,-80.577
43.138,1301.62,4.938,34.142,28.562,-80.577
43.188,1294.141,5.076,34.414,28.562,-80.577
43.238,1286.652,5.215,34.688,28.562,-80.577
43.288,1279.154,5.356,34.963,28.562,-80.577
43.338,1271.646,5.497,35.239,28.562,-80.577
43.388,1264.129,5.639,35.514,28.562,-80.577
43.438,1256.602,5.78,35.789,28.562,-80.577
43.488,1249.066,5.921,36.063,28.562,-80.577
43.538,1241.521,6.062,36.339,28.562,-80.577
43.588,1233.967,6.205,36.615,28.562,-80.577
43.638,1226.403,6.348,36.892,28.562,-80.577
43.688,1218.83,6.492,37.171,28.562,-80.577
43.738,1211.248,6.638,37.45,28.562,-80.577
43.788,1203.657,6.784,37.731,28.562,-80.577
43.838,1196.056,6.93,38.012,28.562,-80.577
43.888,1188.447,7.077,38.293,28.562,-80.577
43.938,1180.829,7.224,38.574,28.562,-80.577
43.988,1173.203,7.37,38.853,28.562,-80.577
44.038,1165.567,7.517,39.133,28.562,-80.577
44.088,1157.923,7.664,39.414,28.562,-80.577
44.138,1150.269,7.813,39.697,28.562,-80.577
44.188,1142.607,7.963,39.981,28.562,-80.577
44.238,1134.937,8.114,40.267,28.562,-80.577
44.288,1127.258,8.267,40.554,28.562,-80.577
44.338,1119.57,8.419,40.841,28.562,-80.577
44.388,1111.874,8.571,41.127,28.562,-80.577
44.438,1104.169,8.723,41.412,28.562,-80.577
44.488,1096.457,8.874,41.696,28.562,-80.577
44.538,1088.736,9.025,41.981,28.562,-80.577
44.588,1081.006,9.178,42.267,28.562,-80.577
44.638,1073.268,9.332,42.555,28.562,-80.577
44.688,1065.522,9.488,42.845,28.562,-80.577
44.738,1057.768,9.645,43.137,28.562,-80.577
44.788,1050.006,9.803,43.429,28.562,-80.577
44.838,1042.236,9.96,43.72,28.562,-80.577
44.888,1034.458,10.117,44.011,28.562,-80.577
44.938,1026.672,10.274,44.302,28.562,-80.577
44.988,1018.878,10.432,44.593,28.563,-80.577
45.038,1011.076,10.589,44.884,28.563,-80.577
45.088,1003.266,10.748,45.177,28.563,-80.577
45.138,995.449,10.908,45.47,28.563,-80.577
45.188,987.623,11.067,45.763,28.563,-80.577
45.238,979.791,11.227,46.057,28.563,-80.577
45.288,971.95,11.387,46.35,28.563,-80.577
45.338,964.102,11.548,46.643,28.563,-80.577
45.388,956.247,11.709,46.938,28.563,-80.577
45.438,948.384,11.871,47.234,28.563,-80.577
45.488,940.513,12.034,47.531,28.563,-80.577
45.538,932.635,12.198,47.829,28.563,-80.577
45.588,924.75,12.363,48.129,28.563,-80.577
45.638,916.857,12.528,48.427,28.563,-80.577
45.688,908.957,12.692,48.725,28.563,-80.577
45.738,901.05,12.856,49.022,28.563,-80.577
45.788,893.136,13.02,49.318,28.563,-80.577
45.838,885.215,13.184,49.615,28.563,-80.577
45.888,877.287,13.349,49.914,28.563,-80.577
45.938,869.352,13.516,50.215,28.563,-80.577
45.988,861.409,13.684,50.517,28.563,-80.577
46,859.489,13.725,50.59,28.563,-80.577
46.05,851.643,13.896,50.895,28.563,-80.577
46.1,843.991,14.069,51.202,28.563,-80.577
46.139,838.101,14.205,51.442,28.563,-80.577
46.164,834.522,14.289,51.589,28.563,-80.577
46.182,831.893,14.35,51.696,28.563,-80.577
46.197,829.71,14.4,51.785,28.563,-80.577
46.209,827.88,14.442,51.859,28.563,-80.577
46.22,826.372,14.477,51.92,28.563,-80.577
46.229,825.075,14.506,51.971,28.563,-80.577
46.237,823.945,14.531,52.016,28.563,-80.577
46.244,822.941,14.553,52.055,28.563,-80.577
46.25,822.043,14.573,52.09,28.563,-80.577
46.256,821.223,14.59,52.121,28.563,-80.577
46.262,820.468,14.606,52.149,28.563,-80.577
46.267,819.764,14.621,52.176,28.563,-80.577
46.271,819.11,14.635,52.2,28.563,-80.577
46.276,818.502,14.647,52.222,28.563,-80.577
46.28,817.928,14.658,52.243,28.563,-80.577
46.284,817.387,14.669,52.262,28.563,-80.577
46.287,816.876,14.679,52.28,28.563,-80.577
46.291,816.396,14.688,52.296,28.563,-80.577
46.294,815.937,14.697,52.312,28.563,-80.577
46.297,815.501,14.705,52.327,28.563,-80.577
46.3,815.086,14.712,52.341,28.563,-80.577
46.303,814.692,14.719,52.354,28.563,-80.577
46.306,814.314,14.726,52.366,28.563,-80.577
46.309,813.952,14.732,52.377,28.563,-80.577
46.311,813.605,14.738,52.388,28.563,-80.577
46.314,813.264,14.744,52.399,28.563,-80.577
46.316,812.923,14.749,52.409,28.563,-80.577
46.319,812.583,14.755,52.419,28.563,-80.577
46.321,812.243,14.76,52.429,28.563,-80.577
46.324,811.904,14.765,52.439,28.563,-80.577
46.326,811.565,14.77,52.448,28.563,-80.577
46.329,811.226,14.775,52.458,28.563,-80.577
46.331,810.889,14.78,52.467,28.563,-80.577
46.334,810.551,14.784,52.476,28.563,-80.577
46.336,810.215,14.789,52.484,28.563,-80.577
46.339,809.878,14.793,52.493,28.563,-80.577
46.341,809.543,14.797,52.501,28.563,-80.577
46.344,809.208,14.801,52.508,28.563,-80.577
46.346,808.873,14.804,52.516,28.563,-80.577
46.349,808.539,14.808,52.523,28.563,-80.577
46.351,808.206,14.811,52.53,28.563,-80.577
46.354,807.873,14.814,52.537,28.563,-80.577
46.356,807.541,14.817,52.543,28.563,-80.577
46.359,807.209,14.819,52.549,28.563,-80.577
46.361,806.878,14.822,52.554,28.563,-80.577
46.364,806.548,14.824,52.559,28.563,-80.577
46.366,806.218,14.826,52.564,28.563,-80.577
46.369,805.889,14.827,52.568,28.563,-80.577
46.371,805.561,14.828,52.572,28.563,-80.577
46.374,805.234,14.829,52.576,28.563,-80.577
46.376,804.907,14.83,52.579,28.563,-80.577
46.379,804.581,14.83,52.581,28.563,-80.577
46.381,804.255,14.83,52.583,28.563,-80.577
46.384,803.931,14.83,52.585,28.563,-80.577
46.386,803.607,14.829,52.586,28.563,-80.577
46.389,803.284,14.828,52.586,28.563,-80.577
46.391,802.962,14.827,52.586,28.563,-80.577
46.394,802.64,14.825,52.585,28.563,-80.577
46.396,802.32,14.823,52.584,28.563,-80.577
46.399,802,14.82,52.583,28.563,-80.577
46.401,801.681,14.818,52.58,28.563,-80.577
46.404,801.363,14.814,52.578,28.563,-80.577
46.406,801.046,14.811,52.574,28.563,-80.577
46.409,800.73,14.807,52.57,28.563,-80.577
46.411,800.415,14.802,52.566,28.563,-80.577
46.414,800.101,14.798,52.561,28.563,-80.577
46.416,799.788,14.792,52.555,28.563,-80.577
46.419,799.476,14.787,52.548,28.563,-80.577
46.421,799.165,14.781,52.541,28.563,-80.577
46.424,798.855,14.774,52.534,28.563,-80.577
46.426,798.546,14.767,52.525,28.563,-80.577
46.429,798.239,14.76,52.516,28.563,-80.577
46.431,797.933,14.752,52.506,28.563,-80.577
46.434,797.628,14.744,52.496,28.563,-80.577
46.436,797.324,14.735,52.485,28.563,-80.577
46.439,797.021,14.726,52.473,28.563,-80.577
46.441,796.721,14.716,52.461,28.563,-80.577
46.444,796.421,14.706,52.447,28.563,-80.577
46.446,796.123,14.695,52.433,28.563,-80.577
46.449,795.827,14.684,52.419,28.563,-80.577
46.451,795.532,14.673,52.404,28.563,-80.577
46.454,795.239,14.661,52.388,28.563,-80.577
46.456,794.947,14.648,52.371,28.563,-80.577
46.459,794.658,14.636,52.354,28.563,-80.577
46.461,794.37,14.622,52.336,28.563,-80.577
46.464,794.084,14.609,52.318,28.563,-80.577
46.466,793.8,14.595,52.299,28.563,-80.577
46.469,793.518,14.581,52.279,28.563,-80.577
46.471,793.238,14.566,52.26,28.563,-80.577
46.474,792.96,14.551,52.239,28.563,-80.577
46.476,792.685,14.536,52.219,28.563,-80.577
46.479,792.411,14.521,52.198,28.563,-80.577
46.481,792.139,14.506,52.177,28.563,-80.577
46.484,791.87,14.49,52.156,28.563,-80.577
46.486,791.602,14.475,52.134,28.563,-80.577
46.49,791.246,14.454,52.105,28.563,-80.577
46.493,790.874,14.432,52.075,28.563,-80.577
46.497,790.507,14.41,52.045,28.563,-80.577
46.5,790.143,14.389,52.015,28.563,-80.577
46.504,789.783,14.368,51.986,28.563,-80.577
46.506,789.533,14.353,51.966,28.563,-80.577
46.509,789.284,14.339,51.947,28.563,-80.577
46.511,789.037,14.325,51.928,28.563,-80.577
46.514,788.793,14.312,51.91,28.563,-80.577
46.516,788.549,14.299,51.892,28.563,-80.577
46.519,788.308,14.286,51.875,28.563,-80.577
46.521,788.068,14.274,51.858,28.563,-80.577
46.524,787.83,14.263,51.842,28.563,-80.577
46.526,787.593,14.251,51.827,28.563,-80.577
46.529,787.357,14.241,51.812,28.563,-80.577
46.531,787.123,14.23,51.799,28.563,-80.577
46.534,786.889,14.221,51.786,28.563,-80.577
46.536,786.657,14.211,51.773,28.563,-80.577
46.539,786.426,14.203,51.762,28.563,-80.577
46.541,786.196,14.194,51.751,28.563,-80.577
46.544,785.967,14.186,51.74,28.563,-80.577
46.546,785.739,14.179,51.731,28.563,-80.577
46.549,785.512,14.172,51.722,28.563,-80.577
46.551,785.285,14.166,51.714,28.563,-80.577
46.554,785.06,14.16,51.706,28.563,-80.577
46.556,784.834,14.154,51.699,28.563,-80.577
46.559,784.61,14.149,51.693,28.563,-80.577
46.561,784.386,14.144,51.687,28.563,-80.577
46.564,784.163,14.14,51.682,28.563,-80.577
46.566,783.94,14.136,51.677,28.563,-80.577
46.569,783.718,14.132,51.673,28.563,-80.577
46.571,783.496,14.129,51.669,28.563,-80.577
46.574,783.274,14.126,51.666,28.563,-80.577
46.576,783.053,14.123,51.663,28.563,-80.577
46.579,782.833,14.12,51.661,28.563,-80.577
46.581,782.613,14.118,51.659,28.563,-80.577
46.584,782.393,14.116,51.658,28.563,-80.577
46.586,782.173,14.115,51.657,28.563,-80.577
46.589,781.954,14.114,51.656,28.563,-80.577
46.591,781.736,14.112,51.656,28.563,-80.577
46.594,781.517,14.112,51.656,28.563,-80.577
46.596,781.299,14.111,51.656,28.563,-80.577
46.599,781.081,14.111,51.657,28.563,-80.577
46.601,780.863,14.111,51.658,28.563,-80.577
46.604,780.646,14.111,51.659,28.563,-80.577
46.606,780.429,14.111,51.661,28.563,-80.577
46.609,780.212,14.111,51.663,28.563,-80.577
46.611,779.995,14.112,51.665,28.563,-80.577
46.614,779.779,14.113,51.668,28.563,-80.577
46.616,779.563,14.114,51.67,28.563,-80.577
46.619,779.347,14.115,51.673,28.563,-80.577
46.621,779.131,14.116,51.677,28.563,-80.577
46.624,778.915,14.118,51.68,28.563,-80.577
46.626,778.7,14.12,51.684,28.563,-80.577
46.629,778.485,14.121,51.688,28.563,-80.577
46.631,778.27,14.123,51.692,28.563,-80.577
46.634,778.055,14.125,51.697,28.563,-80.577
46.636,777.84,14.128,51.701,28.563,-80.577
46.639,777.626,14.13,51.706,28.563,-80.577
46.641,777.411,14.133,51.711,28.563,-80.577
46.644,777.197,14.136,51.717,28.563,-80.577
46.646,776.983,14.138,51.722,28.563,-80.577
46.649,776.769,14.142,51.728,28.563,-80.577
46.651,776.556,14.145,51.734,28.563,-80.577
46.654,776.342,14.148,51.74,28.563,-80.577
46.656,776.129,14.151,51.747,28.563,-80.577
46.659,775.915,14.155,51.753,28.563,-80.577
46.661,775.702,14.159,51.76,28.563,-80.577
46.664,775.489,14.163,51.767,28.563,-80.577
46.666,775.276,14.167,51.774,28.563,-80.577
46.669,775.063,14.171,51.782,28.563,-80.577
46.671,774.847,14.175,51.789,28.563,-80.577
46.674,774.621,14.18,51.798,28.563,-80.577
46.677,774.383,14.185,51.807,28.563,-80.577
46.68,774.132,14.19,51.816,28.563,-80.577
46.683,773.865,14.197,51.827,28.563,-80.577
46.686,773.58,14.203,51.839,28.563,-80.577
46.69,773.267,14.211,51.852,28.563,-80.577
46.692,773.055,14.216,51.861,28.563,-80.577
46.695,772.843,14.221,51.87,28.563,-80.577
46.697,772.631,14.225,51.879,28.563,-80.577
46.7,772.419,14.23,51.887,28.563,-80.577
46.702,772.208,14.235,51.896,28.563,-80.577
46.705,771.996,14.239,51.904,28.563,-80.577
46.707,771.785,14.243,51.912,28.563,-80.577
46.71,771.574,14.247,51.92,28.563,-80.577
46.712,771.363,14.251,51.928,28.563,-80.577
46.715,771.152,14.255,51.935,28.563,-80.577
46.717,770.941,14.259,51.942,28.563,-80.577
46.72,770.73,14.263,51.95,28.563,-80.577
46.722,770.52,14.267,51.956,28.563,-80.577
46.725,770.307,14.27,51.963,28.563,-80.577
46.728,770.087,14.274,51.97,28.563,-80.577
46.73,769.861,14.277,51.977,28.563,-80.577
46.733,769.629,14.281,51.984,28.563,-80.577
46.736,769.391,14.284,51.991,28.563,-80.577
46.739,769.147,14.287,51.998,28.563,-80.577
46.742,768.896,14.291,52.005,28.563,-80.577
46.745,768.64,14.294,52.012,28.563,-80.577
46.748,768.378,14.297,52.018,28.563,-80.577
46.751,768.11,14.3,52.025,28.563,-80.577
46.754,767.837,14.303,52.031,28.563,-80.577
46.758,767.559,14.306,52.038,28.563,-80.577
46.761,767.275,14.308,52.044,28.563,-80.577
46.765,766.988,14.311,52.05,28.563,-80.577
46.768,766.697,14.313,52.055,28.563,-80.577
46.772,766.402,14.315,52.061,28.563,-80.577
46.775,766.103,14.317,52.066,28.563,-80.577
46.779,765.801,14.319,52.071,28.563,-80.577
46.783,765.495,14.32,52.075,28.563,-80.577
46.786,765.187,14.321,52.08,28.563,-80.577
46.79,764.876,14.322,52.084,28.563,-80.577
46.794,764.563,14.323,52.087,28.563,-80.577
46.798,764.247,14.324,52.091,28.563,-80.577
46.802,763.927,14.324,52.094,28.563,-80.577
46.806,763.601,14.324,52.096,28.563,-80.577
46.81,763.267,14.324,52.099,28.563,-80.577
46.814,762.923,14.324,52.101,28.563,-80.577
46.818,762.569,14.323,52.102,28.563,-80.577
46.823,762.2,14.322,52.103,28.563,-80.577
46.827,761.815,14.32,52.104,28.563,-80.577
46.832,761.411,14.318,52.104,28.563,-80.577
46.838,760.984,14.316,52.104,28.563,-80.577
46.843,760.532,14.312,52.102,28.563,-80.577
46.849,760.048,14.309,52.1,28.563,-80.577
46.855,759.53,14.304,52.097,28.563,-80.577
46.862,758.975,14.298,52.092,28.563,-80.577
46.866,758.68,14.295,52.09,28.563,-80.577
46.87,758.378,14.292,52.088,28.563,-80.577
46.873,758.068,14.289,52.086,28.563,-80.577
46.877,757.748,14.287,52.085,28.563,-80.577
46.881,757.418,14.285,52.084,28.563,-80.577
46.886,757.079,14.283,52.084,28.563,-80.577
46.89,756.732,14.281,52.084,28.563,-80.577
46.894,756.376,14.28,52.085,28.563,-80.577
46.899,756.012,14.279,52.087,28.563,-80.577
46.903,755.642,14.279,52.089,28.563,-80.577
46.908,755.265,14.279,52.092,28.563,-80.577
46.913,754.883,14.28,52.095,28.563,-80.577
46.918,754.497,14.281,52.1,28.563,-80.577
46.922,754.107,14.282,52.105,28.563,-80.577
46.927,753.715,14.284,52.111,28.563,-80.577
46.932,753.322,14.286,52.116,28.563,-80.577
46.937,752.906,14.288,52.122,28.563,-80.577
46.942,752.525,14.289,52.127,28.563,-80.577
46.948,752.053,14.291,52.134,28.563,-80.577
46.954,751.555,14.293,52.14,28.563,-80.577
46.959,751.139,14.294,52.146,28.563,-80.577
46.964,750.737,14.296,52.152,28.563,-80.577
46.969,750.358,14.298,52.157,28.563,-80.577
46.974,749.968,14.3,52.163,28.563,-80.577
46.979,749.572,14.302,52.169,28.563,-80.577
46.984,749.179,14.304,52.175,28.563,-80.577
46.989,748.794,14.307,52.182,28.563,-80.577
46.993,748.412,14.309,52.188,28.563,-80.577
46.998,748.011,14.311,52.195,28.563,-80.577
47.004,747.588,14.314,52.202,28.563,-80.577
47.009,747.148,14.317,52.209,28.563,-80.577
47.015,746.706,14.319,52.216,28.563,-80.577
47.021,746.208,14.322,52.224,28.563,-80.577
47.028,745.692,14.325,52.233,28.563,-80.577
47.034,745.191,14.328,52.241,28.563,-80.577
47.041,744.666,14.331,52.249,28.563,-80.577
47.047,744.151,14.334,52.257,28.563,-80.577
47.053,743.688,14.337,52.265,28.563,-80.577
47.058,743.303,14.339,52.271,28.563,-80.577
47.063,742.907,14.342,52.278,28.563,-80.577
47.068,742.511,14.345,52.285,28.563,-80.577
47.073,742.102,14.348,52.292,28.563,-80.577
47.078,741.697,14.351,52.299,28.563,-80.577
47.083,741.309,14.354,52.307,28.563,-80.577
47.088,740.92,14.357,52.314,28.563,-80.577
47.093,740.53,14.36,52.322,28.563,-80.577
47.098,740.141,14.364,52.329,28.563,-80.577
47.103,739.752,14.367,52.337,28.563,-80.577
47.108,739.363,14.37,52.345,28.563,-80.577
47.113,738.967,14.374,52.353,28.563,-80.577
47.118,738.565,14.377,52.361,28.563,-80.577
47.123,738.159,14.381,52.369,28.563,-80.577
47.13,737.631,14.386,52.38,28.563,-80.577
47.137,737.097,14.391,52.392,28.563,-80.577
47.143,736.64,14.395,52.401,28.563,-80.577
47.148,736.248,14.399,52.41,28.563,-80.577
47.153,735.856,14.403,52.418,28.563,-80.577
47.159,735.385,14.407,52.429,28.563,-80.577
47.165,734.944,14.412,52.439,28.563,-80.577
47.17,734.506,14.416,52.448,28.563,-80.577
47.176,734.071,14.421,52.458,28.563,-80.577
47.181,733.636,14.425,52.468,28.563,-80.577
47.187,733.201,14.43,52.478,28.563,-80.577
47.193,732.765,14.435,52.488,28.563,-80.577
47.198,732.328,14.439,52.498,28.563,-80.577
47.204,731.891,14.444,52.508,28.563,-80.577
47.21,731.422,14.449,52.52,28.563,-80.577
47.217,730.89,14.456,52.533,28.563,-80.577
47.223,730.439,14.461,52.544,28.563,-80.577
47.229,729.996,14.467,52.556,28.563,-80.577
47.234,729.554,14.472,52.567,28.563,-80.577
47.24,729.111,14.478,52.579,28.563,-80.577
47.246,728.664,14.483,52.591,28.563,-80.577
47.252,728.205,14.49,52.603,28.563,-80.577
47.257,727.809,14.495,52.613,28.563,-80.577
47.262,727.407,14.5,52.624,28.563,-80.577
47.269,726.913,14.506,52.637,28.563,-80.577
47.276,726.375,14.513,52.651,28.563,-80.577
47.283,725.835,14.52,52.665,28.563,-80.577
47.289,725.342,14.527,52.678,28.563,-80.577
47.295,724.898,14.532,52.69,28.563,-80.577
47.301,724.422,14.538,52.702,28.563,-80.577
47.308,723.938,14.544,52.715,28.563,-80.577
47.314,723.471,14.55,52.727,28.563,-80.577
47.32,723.015,14.556,52.739,28.563,-80.577
47.326,722.568,14.562,52.751,28.563,-80.577
47.332,722.126,14.568,52.763,28.563,-80.577
47.337,721.689,14.574,52.774,28.563,-80.577
47.343,721.253,14.58,52.786,28.563,-80.577
47.349,720.821,14.586,52.798,28.563,-80.577
47.355,720.388,14.592,52.81,28.563,-80.577
47.362,719.844,14.599,52.825,28.563,-80.577
47.368,719.348,14.606,52.839,28.563,-80.577
47.375,718.87,14.613,52.852,28.563,-80.577
47.381,718.387,14.619,52.866,28.563,-80.577
47.388,717.884,14.626,52.88,28.563,-80.577
47.395,717.328,14.634,52.895,28.563,-80.577
47.402,716.812,14.641,52.91,28.563,-80.577
47.408,716.391,14.647,52.922,28.563,-80.577
47.413,715.962,14.654,52.934,28.563,-80.577
47.42,715.474,14.661,52.948,28.563,-80.577
47.427,714.926,14.67,52.965,28.563,-80.577
47.434,714.39,14.678,52.981,28.563,-80.577
47.442,713.825,14.687,52.998,28.563,-80.577
47.448,713.393,14.694,53.012,28.563,-80.577
47.453,712.986,14.701,53.025,28.563,-80.577
47.459,712.577,14.708,53.038,28.563,-80.577
47.464,712.164,14.715,53.051,28.563,-80.577
47.47,711.75,14.722,53.065,28.563,-80.577
47.475,711.332,14.729,53.078,28.563,-80.577
47.481,710.914,14.736,53.092,28.563,-80.577
47.487,710.494,14.744,53.105,28.563,-80.577
47.492,710.075,14.751,53.119,28.563,-80.577
47.498,709.654,14.759,53.133,28.563,-80.577
47.504,709.233,14.766,53.147,28.563,-80.577
47.51,708.792,14.774,53.161,28.563,-80.577
47.516,708.346,14.781,53.176,28.563,-80.577
47.522,707.87,14.789,53.191,28.563,-80.577
47.528,707.427,14.797,53.205,28.563,-80.577
47.534,707.009,14.804,53.218,28.563,-80.577
47.54,706.59,14.81,53.231,28.563,-80.577
47.545,706.173,14.817,53.244,28.563,-80.577
47.551,705.757,14.824,53.257,28.563,-80.577
47.557,705.316,14.831,53.271,28.563,-80.577
47.563,704.893,14.839,53.285,28.563,-80.577
47.569,704.437,14.847,53.3,28.563,-80.577
47.577,703.868,14.857,53.319,28.563,-80.577
47.583,703.393,14.866,53.336,28.563,-80.577
47.59,702.882,14.876,53.354,28.563,-80.577
47.597,702.338,14.887,53.373,28.563,-80.577
47.604,701.871,14.896,53.39,28.563,-80.577
47.61,701.453,14.904,53.405,28.563,-80.577
47.617,700.882,14.915,53.425,28.563,-80.577
47.625,700.333,14.925,53.444,28.563,-80.577
47.631,699.905,14.933,53.459,28.563,-80.577
47.637,699.475,14.941,53.474,28.563,-80.577
47.643,699.036,14.949,53.489,28.563,-80.577
47.65,698.529,14.958,53.505,28.563,-80.577
47.656,698.05,14.966,53.521,28.563,-80.577
47.662,697.615,14.974,53.536,28.563,-80.577
47.668,697.18,14.982,53.551,28.563,-80.577
47.674,696.743,14.991,53.567,28.563,-80.577
47.68,696.305,14.999,53.583,28.563,-80.577
47.686,695.866,15.008,53.599,28.563,-80.577
47.692,695.432,15.017,53.615,28.563,-80.577
47.698,694.995,15.026,53.631,28.563,-80.577
47.705,694.547,15.035,53.647,28.563,-80.577
47.711,694.1,15.044,53.664,28.563,-80.577
47.717,693.645,15.053,53.681,28.563,-80.577
47.725,693.066,15.065,53.703,28.563,-80.577
47.731,692.641,15.074,53.719,28.563,-80.577
47.737,692.213,15.083,53.735,28.563,-80.577
47.743,691.784,15.091,53.751,28.563,-80.577
47.749,691.354,15.1,53.767,28.563,-80.577
47.755,690.924,15.109,53.784,28.563,-80.577
47.761,690.497,15.118,53.8,28.563,-80.577
47.767,690.052,15.128,53.817,28.563,-80.577
47.773,689.607,15.137,53.834,28.563,-80.577
47.779,689.162,15.147,53.852,28.563,-80.577
47.786,688.718,15.157,53.87,28.563,-80.577
47.792,688.265,15.167,53.888,28.563,-80.577
47.798,687.816,15.178,53.906,28.563,-80.577
47.805,687.366,15.188,53.925,28.563,-80.577
47.811,686.928,15.198,53.943,28.563,-80.577
47.817,686.482,15.208,53.961,28.563,-80.577
47.823,686.034,15.218,53.979,28.563,-80.577
47.83,685.583,15.229,53.998,28.563,-80.577
47.836,685.132,15.239,54.016,28.563,-80.577
47.842,684.678,15.25,54.035,28.563,-80.577
47.849,684.225,15.26,54.054,28.563,-80.577
47.855,683.771,15.271,54.073,28.563,-80.577
47.861,683.318,15.281,54.092,28.563,-80.577
47.868,682.85,15.292,54.111,28.563,-80.577
47.874,682.418,15.302,54.129,28.563,-80.577
47.88,681.984,15.312,54.147,28.563,-80.577
47.886,681.544,15.323,54.165,28.563,-80.577
47.893,681.099,15.333,54.184,28.563,-80.577
47.899,680.648,15.344,54.203,28.563,-80.577
47.906,680.192,15.354,54.222,28.563,-80.577
47.912,679.743,15.365,54.241,28.563,-80.577
47.918,679.3,15.376,54.259,28.563,-80.577
47.924,678.859,15.386,54.278,28.563,-80.577
47.931,678.421,15.397,54.297,28.563,-80.577
47.937,677.983,15.407,54.315,28.563,-80.577
47.943,677.546,15.418,54.334,28.563,-80.577
47.949,677.11,15.429,54.353,28.563,-80.577
47.956,676.675,15.439,54.372,28.563,-80.577
47.962,676.241,15.45,54.391,28.563,-80.577
47.968,675.807,15.461,54.41,28.563,-80.577
47.974,675.372,15.472,54.429,28.563,-80.577
47.98,674.935,15.483,54.448,28.563,-80.577
47.987,674.499,15.494,54.467,28.563,-80.577
47.993,674.062,15.505,54.487,28.563,-80.577
47.999,673.624,15.516,54.506,28.563,-80.577
48.005,673.186,15.527,54.526,28.563,-80.577
48.012,672.747,15.538,54.546,28.563,-80.577
48.018,672.309,15.549,54.566,28.563,-80.577
48.024,671.872,15.561,54.586,28.563,-80.577
48.031,671.434,15.572,54.606,28.563,-80.577
48.037,670.995,15.584,54.626,28.563,-80.577
48.043,670.553,15.595,54.646,28.563,-80.577
48.05,670.109,15.607,54.667,28.563,-80.577
48.056,669.658,15.619,54.688,28.563,-80.577
48.063,669.158,15.633,54.712,28.563,-80.577
48.071,668.631,15.647,54.736,28.563,-80.577
48.079,668.089,15.662,54.762,28.563,-80.577
48.087,667.539,15.677,54.788,28.563,-80.577
48.095,666.984,15.692,54.815,28.563,-80.577
48.103,666.425,15.708,54.842,28.563,-80.577
48.111,665.839,15.724,54.87,28.563,-80.577
48.119,665.297,15.739,54.896,28.563,-80.577
48.126,664.791,15.753,54.92,28.563,-80.577
48.133,664.312,15.766,54.943,28.563,-80.577
48.14,663.85,15.779,54.966,28.563,-80.577
48.147,663.397,15.792,54.988,28.563,-80.577
48.153,662.948,15.804,55.01,28.563,-80.577
48.16,662.502,15.817,55.031,28.563,-80.577
48.167,662.004,15.831,55.056,28.563,-80.577
48.174,661.497,15.846,55.081,28.563,-80.577
48.182,660.965,15.862,55.107,28.563,-80.577
48.189,660.499,15.875,55.13,28.563,-80.577
48.196,660.036,15.889,55.153,28.563,-80.577
48.202,659.568,15.902,55.177,28.563,-80.577
48.209,659.111,15.916,55.2,28.563,-80.577
48.216,658.619,15.93,55.225,28.563,-80.577
48.224,658.117,15.945,55.25,28.563,-80.577
48.231,657.612,15.96,55.275,28.563,-80.577
48.238,657.108,15.975,55.301,28.563,-80.577
48.246,656.602,15.99,55.327,28.563,-80.577
48.253,656.096,16.005,55.352,28.563,-80.577
48.261,655.597,16.02,55.378,28.563,-80.577
48.268,655.099,16.035,55.403,28.563,-80.577
48.275,654.597,16.05,55.429,28.563,-80.577
48.283,654.076,16.065,55.456,28.563,-80.577
48.291,653.528,16.082,55.484,28.563,-80.577
48.299,652.972,16.098,55.513,28.563,-80.577
48.307,652.411,16.115,55.541,28.563,-80.577
48.317,651.796,16.134,55.574,28.563,-80.577
48.326,651.171,16.153,55.607,28.563,-80.577
48.333,650.716,16.168,55.632,28.563,-80.577
48.339,650.265,16.182,55.656,28.563,-80.577
48.346,649.81,16.197,55.682,28.563,-80.577
48.353,649.349,16.212,55.707,28.563,-80.577
48.362,648.73,16.232,55.741,28.563,-80.577
48.369,648.249,16.247,55.767,28.563,-80.577
48.378,647.676,16.265,55.798,28.563,-80.577
48.386,647.112,16.283,55.828,28.563,-80.577
48.395,646.519,16.301,55.86,28.563,-80.577
48.403,646.001,16.317,55.887,28.563,-80.577
48.409,645.546,16.331,55.911,28.563,-80.577
48.417,645.013,16.348,55.939,28.563,-80.577
48.427,644.387,16.368,55.973,28.563,-80.577
48.435,643.808,16.386,56.005,28.563,-80.577
48.442,643.348,16.401,56.031,28.563,-80.577
48.449,642.888,16.417,56.057,28.563,-80.577
48.456,642.429,16.432,56.083,28.563,-80.577
48.463,641.97,16.447,56.109,28.563,-80.577
48.47,641.51,16.463,56.135,28.563,-80.577
48.476,641.05,16.478,56.161,28.563,-80.577
48.483,640.589,16.494,56.188,28.563,-80.577
48.49,640.128,16.51,56.215,28.563,-80.577
48.497,639.664,16.526,56.241,28.563,-80.577
48.504,639.201,16.542,56.268,28.563,-80.577
48.511,638.729,16.558,56.296,28.563,-80.577
48.518,638.257,16.574,56.323,28.563,-80.577
48.526,637.784,16.59,56.351,28.563,-80.577
48.533,637.31,16.607,56.378,28.563,-80.577
48.54,636.832,16.623,56.406,28.563,-80.577
48.547,636.352,16.64,56.434,28.563,-80.577
48.554,635.869,16.657,56.463,28.563,-80.577
48.564,635.244,16.678,56.499,28.563,-80.577
48.572,634.678,16.698,56.532,28.563,-80.577
48.581,634.101,16.718,56.566,28.563,-80.577
48.591,633.454,16.74,56.603,28.563,-80.577
48.6,632.871,16.759,56.637,28.563,-80.577
48.607,632.395,16.776,56.665,28.563,-80.577
48.616,631.795,16.797,56.7,28.563,-80.577
48.625,631.207,16.818,56.735,28.563,-80.577
48.632,630.735,16.835,56.764,28.563,-80.577
48.639,630.272,16.851,56.792,28.563,-80.577
48.646,629.804,16.869,56.821,28.563,-80.577
48.654,629.329,16.886,56.851,28.563,-80.577
48.663,628.717,16.909,56.888,28.563,-80.577
48.673,628.075,16.932,56.927,28.563,-80.577
48.683,627.422,16.956,56.967,28.563,-80.577
48.692,626.811,16.978,57.004,28.563,-80.577
48.7,626.269,16.997,57.037,28.563,-80.577
48.707,625.792,17.014,57.066,28.563,-80.577
48.716,625.21,17.035,57.101,28.563,-80.577
48.725,624.665,17.055,57.135,28.563,-80.577
48.732,624.169,17.074,57.165,28.563,-80.577
48.739,623.702,17.091,57.194,28.563,-80.577
48.747,623.218,17.109,57.224,28.563,-80.577
48.756,622.656,17.13,57.259,28.563,-80.577
48.763,622.178,17.148,57.289,28.563,-80.577
48.77,621.7,17.166,57.319,28.563,-80.577
48.778,621.221,17.184,57.348,28.563,-80.577
48.787,620.587,17.207,57.388,28.563,-80.577
48.797,619.934,17.231,57.428,28.563,-80.577
48.807,619.281,17.255,57.468,28.563,-80.577
48.817,618.672,17.277,57.506,28.563,-80.577
48.827,618.033,17.301,57.545,28.563,-80.577
48.835,617.498,17.32,57.578,28.563,-80.577
48.843,616.974,17.339,57.61,28.563,-80.577
48.851,616.448,17.358,57.642,28.563,-80.577
48.86,615.901,17.378,57.675,28.563,-80.577
48.868,615.375,17.397,57.708,28.563,-80.577
48.876,614.853,17.416,57.74,28.563,-80.577
48.884,614.325,17.436,57.773,28.563,-80.577
48.892,613.783,17.456,57.806,28.563,-80.577
48.901,613.215,17.477,57.842,28.563,-80.577
48.911,612.607,17.5,57.88,28.563,-80.577
48.918,612.132,17.518,57.91,28.563,-80.577
48.926,611.653,17.537,57.94,28.563,-80.577
48.933,611.174,17.555,57.971,28.563,-80.577
48.94,610.694,17.573,58.002,28.563,-80.577
48.948,610.215,17.592,58.032,28.563,-80.577
48.955,609.738,17.61,58.063,28.563,-80.577
48.963,609.263,17.628,58.093,28.563,-80.577
48.97,608.786,17.647,58.124,28.563,-80.577
48.978,608.31,17.665,58.155,28.563,-80.577
48.985,607.831,17.684,58.186,28.563,-80.577
48.993,607.354,17.702,58.217,28.563,-80.577
49,606.878,17.721,58.247,28.563,-80.577
49.008,606.395,17.739,58.278,28.563,-80.577
49.015,605.909,17.758,58.31,28.563,-80.577
49.023,605.423,17.777,58.342,28.563,-80.577
49.03,604.944,17.796,58.373,28.563,-80.577
49.038,604.442,17.816,58.407,28.563,-80.577
49.046,603.946,17.836,58.44,28.563,-80.577
49.054,603.45,17.856,58.473,28.563,-80.577
49.062,602.952,17.877,58.507,28.563,-80.577
49.069,602.454,17.897,58.54,28.563,-80.577
49.077,601.957,17.917,58.574,28.563,-80.577
49.085,601.452,17.938,58.609,28.563,-80.577
49.093,600.952,17.959,58.643,28.563,-80.577
49.101,600.452,17.98,58.678,28.563,-80.577
49.109,599.951,18.001,58.713,28.563,-80.577
49.117,599.456,18.022,58.747,28.563,-80.577
49.124,598.965,18.042,58.782,28.563,-80.577
49.132,598.476,18.063,58.816,28.563,-80.577
49.14,597.989,18.083,58.85,28.563,-80.577
49.147,597.503,18.104,58.884,28.563,-80.577
49.155,597.017,18.125,58.918,28.563,-80.577
49.163,596.518,18.145,58.953,28.563,-80.577
49.171,596.018,18.166,58.987,28.563,-80.577
49.179,595.508,18.187,59.022,28.563,-80.577
49.187,594.991,18.208,59.058,28.563,-80.577
49.195,594.506,18.228,59.09,28.563,-80.577
49.203,593.99,18.249,59.125,28.563,-80.577
49.211,593.505,18.269,59.158,28.563,-80.577
49.219,592.961,18.291,59.195,28.563,-80.577
49.229,592.37,18.316,59.236,28.563,-80.577
49.238,591.763,18.341,59.277,28.563,-80.577
49.248,591.159,18.366,59.319,28.563,-80.577
49.257,590.574,18.39,59.36,28.563,-80.577
49.265,590.084,18.411,59.394,28.563,-80.577
49.274,589.53,18.434,59.433,28.563,-80.577
49.282,589.027,18.456,59.469,28.563,-80.577
49.29,588.532,18.477,59.504,28.563,-80.577
49.298,588.036,18.498,59.539,28.563,-80.577
49.306,587.541,18.52,59.574,28.563,-80.577
49.314,587.045,18.541,59.61,28.563,-80.577
49.322,586.548,18.563,59.645,28.563,-80.577
49.329,586.052,18.584,59.681,28.563,-80.577
49.337,585.555,18.606,59.716,28.563,-80.577
49.345,585.058,18.628,59.752,28.563,-80.577
49.353,584.555,18.65,59.788,28.563,-80.577
49.363,583.955,18.676,59.832,28.563,-80.577
49.372,583.377,18.701,59.874,28.563,-80.577
49.381,582.818,18.726,59.915,28.563,-80.577
49.39,582.272,18.75,59.955,28.563,-80.577
49.399,581.741,18.774,59.994,28.563,-80.577
49.407,581.22,18.797,60.032,28.563,-80.577
49.415,580.692,18.82,60.07,28.563,-80.577
49.424,580.16,18.842,60.108,28.563,-80.577
49.432,579.635,18.865,60.144,28.563,-80.577
49.444,578.948,18.894,60.192,28.563,-80.577
49.453,578.361,18.918,60.233,28.563,-80.577
49.461,577.864,18.939,60.268,28.563,-80.577
49.469,577.345,18.962,60.305,28.563,-80.577
49.478,576.809,18.985,60.344,28.563,-80.577
49.487,576.239,19.011,60.386,28.563,-80.577
49.498,575.588,19.04,60.435,28.563,-80.577
49.509,574.917,19.071,60.486,28.563,-80.577
49.519,574.261,19.101,60.536,28.563,-80.577
49.529,573.654,19.129,60.582,28.563,-80.577
49.54,572.993,19.16,60.633,28.563,-80.577
49.551,572.323,19.191,60.684,28.563,-80.577
49.562,571.645,19.223,60.736,28.563,-80.577
49.572,570.975,19.254,60.788,28.563,-80.577
49.583,570.306,19.286,60.84,28.563,-80.577
49.594,569.631,19.318,60.892,28.563,-80.577
49.605,568.943,19.351,60.946,28.563,-80.577
49.614,568.448,19.374,60.984,28.563,-80.577
49.623,567.875,19.4,61.028,28.563,-80.577
49.634,567.199,19.431,61.079,28.563,-80.577
49.643,566.654,19.455,61.12,28.563,-80.577
49.652,566.11,19.48,61.161,28.563,-80.577
49.663,565.418,19.511,61.212,28.563,-80.577
49.674,564.753,19.541,61.262,28.563,-80.577
49.685,564.056,19.573,61.314,28.563,-80.577
49.694,563.51,19.598,61.355,28.563,-80.577
49.703,562.954,19.623,61.398,28.563,-80.577
49.712,562.431,19.647,61.437,28.563,-80.577
49.72,561.908,19.672,61.477,28.563,-80.577
49.729,561.386,19.696,61.517,28.563,-80.577
49.738,560.856,19.721,61.558,28.563,-80.577
49.749,560.181,19.752,61.61,28.563,-80.577
49.76,559.489,19.785,61.664,28.563,-80.577
49.768,558.97,19.809,61.705,28.563,-80.577
49.777,558.454,19.834,61.746,28.563,-80.577
49.785,557.938,19.859,61.786,28.563,-80.577
49.794,557.424,19.883,61.827,28.563,-80.577
49.802,556.907,19.908,61.868,28.563,-80.577
49.811,556.391,19.933,61.908,28.563,-80.577
49.82,555.841,19.96,61.952,28.563,-80.577
49.829,555.287,19.987,61.997,28.563,-80.577
49.838,554.716,20.015,62.043,28.563,-80.577
49.849,554.092,20.045,62.093,28.563,-80.577
49.86,553.416,20.079,62.148,28.563,-80.577
49.87,552.835,20.107,62.195,28.563,-80.577
49.88,552.224,20.137,62.245,28.563,-80.577
49.889,551.658,20.164,62.29,28.563,-80.577
49.898,551.108,20.191,62.335,28.563,-80.577
49.907,550.58,20.217,62.377,28.563,-80.577
49.915,550.059,20.243,62.42,28.563,-80.577
49.925,549.482,20.272,62.468,28.563,-80.577
49.936,548.831,20.305,62.523,28.563,-80.577
49.947,548.163,20.339,62.58,28.563,-80.577
49.956,547.594,20.369,62.628,28.563,-80.577
49.965,547.07,20.395,62.673,28.563,-80.577
49.974,546.55,20.421,62.715,28.563,-80.577
49.982,546.025,20.447,62.757,28.563,-80.577
49.991,545.52,20.471,62.798,28.563,-80.577
50,544.982,20.497,62.84,28.563,-80.577
50.01,544.354,20.526,62.889,28.563,-80.577
50.019,543.788,20.553,62.934,28.563,-80.577
50.028,543.254,20.58,62.978,28.563,-80.577
50.037,542.723,20.607,63.023,28.563,-80.577
50.047,542.13,20.638,63.074,28.563,-80.577
50.057,541.543,20.668,63.124,28.563,-80.577
50.065,541.03,20.695,63.168,28.563,-80.577
50.074,540.516,20.722,63.212,28.563,-80.577
50.085,539.859,20.756,63.268,28.563,-80.577
50.094,539.305,20.784,63.315,28.563,-80.577
50.103,538.755,20.813,63.362,28.563,-80.577
50.113,538.189,20.842,63.41,28.563,-80.577
50.122,537.664,20.868,63.454,28.563,-80.577
50.131,537.085,20.898,63.503,28.563,-80.577
50.142,536.416,20.932,63.559,28.563,-80.577
50.154,535.754,20.966,63.614,28.563,-80.577
50.163,535.186,20.995,63.662,28.563,-80.577
50.173,534.567,21.026,63.714,28.563,-80.577
50.183,533.971,21.055,63.764,28.563,-80.577
50.192,533.454,21.081,63.807,28.563,-80.577
50.201,532.941,21.107,63.849,28.563,-80.577
50.21,532.41,21.134,63.893,28.563,-80.577
50.218,531.899,21.16,63.936,28.563,-80.577
50.227,531.376,21.187,63.98,28.563,-80.577
50.236,530.843,21.214,64.025,28.563,-80.577
50.245,530.312,21.241,64.07,28.563,-80.577
50.254,529.791,21.268,64.115,28.563,-80.577
50.263,529.208,21.298,64.165,28.563,-80.577
50.272,528.693,21.325,64.208,28.563,-80.577
50.282,528.095,21.355,64.258,28.563,-80.577
50.294,527.422,21.389,64.313,28.563,-80.577
50.305,526.753,21.422,64.368,28.563,-80.577
50.314,526.201,21.449,64.414,28.563,-80.577
50.324,525.642,21.477,64.46,28.563,-80.577
50.333,525.071,21.505,64.507,28.563,-80.577
50.343,524.485,21.534,64.555,28.563,-80.577
50.353,523.883,21.564,64.605,28.563,-80.577
50.363,523.284,21.595,64.655,28.563,-80.577
50.374,522.684,21.625,64.705,28.563,-80.577
50.384,522.083,21.656,64.755,28.563,-80.577
50.394,521.456,21.688,64.807,28.563,-80.577
50.406,520.749,21.724,64.867,28.563,-80.577
50.416,520.197,21.752,64.913,28.563,-80.577
50.425,519.648,21.78,64.959,28.563,-80.577
50.434,519.094,21.808,65.006,28.563,-80.577
50.445,518.448,21.841,65.059,28.563,-80.577
50.457,517.749,21.876,65.118,28.563,-80.577
50.467,517.165,21.906,65.167,28.563,-80.577
50.478,516.503,21.941,65.224,28.563,-80.577
50.489,515.891,21.973,65.277,28.563,-80.577
50.498,515.374,22.001,65.322,28.563,-80.577
50.507,514.825,22.03,65.371,28.563,-80.577
50.517,514.237,22.061,65.423,28.563,-80.577
50.527,513.661,22.092,65.474,28.563,-80.577
50.536,513.128,22.121,65.522,28.563,-80.577
50.546,512.555,22.152,65.574,28.563,-80.577
50.556,511.973,22.184,65.626,28.563,-80.577
50.567,511.272,22.222,65.689,28.563,-80.577
50.579,510.588,22.259,65.75,28.563,-80.577
50.591,509.92,22.295,65.809,28.563,-80.577
50.601,509.293,22.328,65.865,28.563,-80.577
50.611,508.744,22.358,65.913,28.563,-80.577
50.62,508.211,22.387,65.961,28.563,-80.577
50.63,507.584,22.421,66.017,28.563,-80.577
50.641,506.951,22.456,66.074,28.563,-80.577
50.651,506.39,22.486,66.125,28.563,-80.577
50.662,505.745,22.522,66.184,28.563,-80.577
50.673,505.084,22.559,66.244,28.563,-80.577
50.685,504.417,22.595,66.305,28.563,-80.577
50.697,503.718,22.633,66.368,28.563,-80.577
50.707,503.114,22.666,66.422,28.563,-80.577
50.716,502.585,22.694,66.469,28.563,-80.577
50.726,502.014,22.725,66.52,28.563,-80.577
50.738,501.298,22.764,66.583,28.563,-80.577
50.749,500.673,22.797,66.638,28.563,-80.577
50.759,500.066,22.83,66.691,28.563,-80.577
50.768,499.545,22.858,66.738,28.563,-80.577
50.781,498.829,22.897,66.802,28.563,-80.577
50.792,498.144,22.934,66.864,28.563,-80.577
50.805,497.423,22.973,66.929,28.563,-80.577
50.814,496.865,23.004,66.979,28.563,-80.577
50.825,496.28,23.036,67.032,28.563,-80.577
50.834,495.749,23.065,67.079,28.563,-80.577
50.843,495.216,23.093,67.127,28.563,-80.577
50.852,494.686,23.122,67.174,28.563,-80.577
50.863,494.068,23.156,67.229,28.563,-80.577
50.873,493.462,23.189,67.284,28.563,-80.577
50.884,492.834,23.223,67.341,28.563,-80.577
50.895,492.177,23.26,67.4,28.563,-80.577
50.905,491.622,23.291,67.451,28.563,-80.577
50.914,491.089,23.321,67.5,28.563,-80.577
50.924,490.549,23.351,67.55,28.563,-80.577
50.933,490.003,23.381,67.601,28.563,-80.577
50.942,489.455,23.412,67.652,28.563,-80.577
50.952,488.905,23.443,67.703,28.563,-80.577
50.962,488.323,23.475,67.756,28.563,-80.577
50.974,487.621,23.514,67.821,28.563,-80.577
50.987,486.89,23.554,67.887,28.563,-80.577
50.998,486.268,23.588,67.943,28.563,-80.577
51.01,485.579,23.625,68.005,28.563,-80.577
51.019,485.04,23.655,68.054,28.563,-80.577
51.028,484.5,23.684,68.103,28.563,-80.577
51.038,483.96,23.714,68.152,28.563,-80.577
51.047,483.433,23.743,68.2,28.563,-80.577
51.057,482.869,23.774,68.252,28.563,-80.577
51.067,482.261,23.808,68.308,28.563,-80.577
51.076,481.731,23.837,68.357,28.563,-80.577
51.086,481.198,23.867,68.406,28.563,-80.577
51.095,480.663,23.897,68.456,28.563,-80.577
51.104,480.126,23.927,68.506,28.563,-80.577
51.114,479.588,23.958,68.556,28.563,-80.577
51.123,479.057,23.987,68.606,28.563,-80.577
51.133,478.512,24.018,68.657,28.563,-80.577
51.142,477.946,24.051,68.711,28.563,-80.577
51.155,477.248,24.091,68.776,28.563,-80.577
51.166,476.571,24.129,68.84,28.563,-80.577
51.177,475.967,24.163,68.897,28.563,-80.577
51.187,475.36,24.198,68.954,28.563,-80.577
51.199,474.696,24.236,69.016,28.563,-80.577
51.209,474.127,24.268,69.07,28.563,-80.577
51.221,473.465,24.305,69.132,28.563,-80.577
51.232,472.835,24.342,69.192,28.563,-80.577
51.244,472.099,24.384,69.262,28.563,-80.577
51.255,471.481,24.42,69.321,28.563,-80.577
51.266,470.893,24.454,69.378,28.563,-80.577
51.275,470.356,24.485,69.429,28.563,-80.577
51.284,469.818,24.516,69.48,28.563,-80.577
51.295,469.233,24.549,69.535,28.563,-80.577
51.305,468.66,24.581,69.589,28.563,-80.577
51.314,468.112,24.613,69.64,28.563,-80.577
51.325,467.482,24.649,69.7,28.563,-80.577
51.337,466.834,24.686,69.762,28.563,-80.577
51.348,466.199,24.723,69.824,28.563,-80.577
51.36,465.478,24.765,69.893,28.563,-80.577
51.373,464.774,24.806,69.961,28.563,-80.577
51.383,464.211,24.838,70.015,28.563,-80.577
51.392,463.678,24.869,70.066,28.563,-80.577
51.402,463.107,24.902,70.121,28.563,-80.577
51.412,462.572,24.933,70.172,28.563,-80.577
51.421,462.036,24.964,70.224,28.563,-80.577
51.43,461.5,24.995,70.276,28.563,-80.577
51.44,460.962,25.027,70.328,28.563,-80.577
51.449,460.424,25.058,70.381,28.563,-80.577
51.459,459.89,25.09,70.434,28.563,-80.577
51.468,459.354,25.122,70.487,28.563,-80.577
51.478,458.82,25.154,70.54,28.563,-80.577
51.489,458.187,25.192,70.603,28.563,-80.577
51.499,457.603,25.227,70.662,28.563,-80.577
51.509,457.024,25.262,70.72,28.563,-80.577
51.519,456.48,25.294,70.774,28.563,-80.577
51.532,455.756,25.337,70.845,28.563,-80.577
51.544,455.052,25.379,70.914,28.563,-80.577
51.554,454.474,25.413,70.97,28.563,-80.577
51.564,453.924,25.445,71.023,28.563,-80.577
51.574,453.377,25.476,71.077,28.563,-80.577
51.584,452.765,25.513,71.137,28.563,-80.577
51.595,452.157,25.548,71.197,28.563,-80.577
51.605,451.582,25.582,71.254,28.563,-80.577
51.615,451.049,25.614,71.307,28.563,-80.577
51.627,450.349,25.656,71.377,28.563,-80.577
51.637,449.765,25.692,71.436,28.563,-80.577
51.647,449.23,25.724,71.489,28.563,-80.577
51.657,448.636,25.761,71.549,28.563,-80.577
51.668,448.059,25.795,71.607,28.563,-80.577
51.68,447.343,25.838,71.678,28.563,-80.577
51.691,446.716,25.875,71.74,28.563,-80.577
51.702,446.112,25.911,71.799,28.563,-80.577
51.713,445.491,25.947,71.86,28.563,-80.577
51.723,444.955,25.979,71.912,28.563,-80.577
51.732,444.418,26.01,71.964,28.563,-80.577
51.742,443.882,26.041,72.016,28.563,-80.577
51.751,443.346,26.073,72.068,28.563,-80.577
51.761,442.806,26.104,72.121,28.563,-80.577
51.77,442.267,26.136,72.172,28.563,-80.577
51.78,441.722,26.167,72.225,28.563,-80.577
51.79,441.177,26.198,72.277,28.563,-80.577
51.799,440.638,26.229,72.328,28.563,-80.577
51.809,440.101,26.26,72.379,28.563,-80.577
51.819,439.524,26.293,72.435,28.563,-80.577
51.831,438.873,26.331,72.498,28.563,-80.577
51.842,438.262,26.367,72.557,28.563,-80.577
51.854,437.584,26.407,72.624,28.563,-80.577
51.866,436.882,26.448,72.693,28.563,-80.577
51.876,436.32,26.482,72.749,28.563,-80.577
51.887,435.735,26.517,72.808,28.563,-80.577
51.898,435.105,26.555,72.871,28.563,-80.577
51.91,434.414,26.596,72.941,28.563,-80.577
51.922,433.75,26.637,73.008,28.563,-80.577
51.934,433.072,26.678,73.077,28.563,-80.577
51.947,432.336,26.723,73.152,28.563,-80.577
51.958,431.717,26.762,73.215,28.563,-80.577
51.968,431.162,26.795,73.272,28.563,-80.577
51.978,430.623,26.828,73.327,28.563,-80.577
51.987,430.085,26.861,73.382,28.563,-80.577
51.997,429.547,26.893,73.436,28.563,-80.577
52.007,429.005,26.926,73.491,28.563,-80.577
52.016,428.466,26.959,73.546,28.563,-80.577
52.026,427.926,26.991,73.6,28.563,-80.577
52.036,427.385,27.024,73.655,28.563,-80.577
52.045,426.844,27.057,73.71,28.563,-80.577
52.055,426.305,27.09,73.765,28.563,-80.577
52.065,425.761,27.123,73.82,28.563,-80.577
52.075,425.188,27.157,73.878,28.563,-80.577
52.086,424.547,27.196,73.942,28.563,-80.577
52.098,423.911,27.234,74.006,28.563,-80.577
52.111,423.149,27.28,74.082,28.563,-80.577
52.125,422.399,27.325,74.158,28.563,-80.577
52.135,421.86,27.358,74.213,28.563,-80.577
52.144,421.32,27.391,74.268,28.563,-80.577
52.154,420.775,27.424,74.324,28.563,-80.577
52.166,420.118,27.464,74.391,28.563,-80.577
52.177,419.503,27.502,74.455,28.563,-80.577
52.188,418.882,27.54,74.518,28.563,-80.577
52.2,418.233,27.579,74.585,28.563,-80.577
52.212,417.534,27.622,74.657,28.563,-80.577
52.222,416.978,27.656,74.714,28.563,-80.577
52.235,416.291,27.699,74.786,28.563,-80.577
52.247,415.614,27.741,74.857,28.563,-80.577
52.257,415.053,27.777,74.917,28.563,-80.577
52.27,414.324,27.823,74.994,28.563,-80.577
52.281,413.733,27.86,75.055,28.563,-80.577
52.293,413.064,27.901,75.125,28.563,-80.577
52.302,412.521,27.935,75.181,28.563,-80.577
52.315,411.838,27.977,75.251,28.563,-80.577
52.327,411.167,28.018,75.319,28.563,-80.577
52.337,410.592,28.053,75.378,28.563,-80.577
52.349,409.952,28.091,75.443,28.563,-80.577
52.359,409.349,28.128,75.503,28.563,-80.577
52.369,408.808,28.16,75.559,28.563,-80.577
52.38,408.184,28.199,75.623,28.563,-80.577
52.393,407.474,28.243,75.697,28.563,-80.577
52.405,406.821,28.283,75.766,28.563,-80.577
52.418,406.11,28.328,75.84,28.563,-80.577
52.428,405.524,28.364,75.9,28.563,-80.577
52.44,404.876,28.403,75.967,28.563,-80.577
52.452,404.243,28.441,76.032,28.563,-80.577
52.462,403.675,28.476,76.089,28.563,-80.577
52.472,403.11,28.51,76.147,28.563,-80.577
52.482,402.566,28.544,76.203,28.563,-80.577
52.492,402.004,28.579,76.261,28.563,-80.577
52.503,401.415,28.615,76.322,28.563,-80.577
52.513,400.845,28.65,76.381,28.563,-80.577
52.523,400.3,28.684,76.438,28.563,-80.577
52.533,399.73,28.719,76.496,28.563,-80.577
52.546,399.04,28.761,76.567,28.563,-80.577
52.558,398.372,28.802,76.636,28.563,-80.577
52.568,397.807,28.837,76.694,28.563,-80.577
52.579,397.212,28.873,76.755,28.563,-80.577
52.589,396.662,28.906,76.811,28.563,-80.577
52.599,396.111,28.939,76.867,28.563,-80.577
52.609,395.559,28.973,76.923,28.563,-80.577
52.619,395.006,29.006,76.979,28.563,-80.577
52.629,394.435,29.041,77.038,28.563,-80.577
52.64,393.836,29.079,77.101,28.563,-80.577
52.652,393.192,29.119,77.169,28.563,-80.577
52.663,392.58,29.157,77.233,28.563,-80.577
52.674,391.962,29.196,77.299,28.563,-80.577
52.685,391.339,29.235,77.365,28.563,-80.577
52.697,390.708,29.274,77.431,28.563,-80.577
52.708,390.073,29.314,77.498,28.563,-80.577
52.72,389.416,29.355,77.568,28.563,-80.577
52.73,388.867,29.39,77.625,28.563,-80.577
52.74,388.319,29.424,77.682,28.563,-80.577
52.75,387.758,29.458,77.741,28.563,-80.577
52.76,387.2,29.492,77.798,28.563,-80.577
52.771,386.634,29.527,77.856,28.563,-80.577
52.783,385.964,29.567,77.923,28.563,-80.577
52.797,385.201,29.612,77.998,28.563,-80.577
52.807,384.633,29.645,78.054,28.563,-80.577
52.817,384.093,29.677,78.108,28.563,-80.577
52.827,383.545,29.71,78.164,28.563,-80.577
52.839,382.902,29.75,78.23,28.563,-80.577
52.851,382.237,29.791,78.3,28.563,-80.577
52.862,381.637,29.828,78.363,28.563,-80.577
52.872,381.088,29.863,78.422,28.563,-80.577
52.882,380.536,29.897,78.481,28.563,-80.577
52.892,379.984,29.932,78.54,28.563,-80.577
52.902,379.433,29.967,78.599,28.563,-80.577
52.912,378.885,30.002,78.658,28.563,-80.577
52.922,378.337,30.037,78.717,28.563,-80.577
52.932,377.789,30.072,78.776,28.563,-80.577
52.942,377.24,30.107,78.835,28.563,-80.577
52.952,376.692,30.142,78.895,28.563,-80.577
52.962,376.142,30.176,78.954,28.563,-80.577
52.972,375.573,30.213,79.015,28.563,-80.577
52.983,375.002,30.249,79.076,28.563,-80.577
52.993,374.439,30.285,79.136,28.563,-80.577
53.003,373.886,30.32,79.195,28.563,-80.577
53.014,373.303,30.357,79.258,28.563,-80.577
53.025,372.66,30.398,79.327,28.563,-80.577
53.038,371.99,30.441,79.399,28.563,-80.577
53.05,371.316,30.484,79.472,28.563,-80.577
53.062,370.645,30.527,79.544,28.563,-80.577
53.073,370.037,30.565,79.609,28.563,-80.577
53.084,369.469,30.601,79.67,28.563,-80.577
53.094,368.909,30.636,79.729,28.563,-80.577
53.104,368.332,30.673,79.791,28.563,-80.577
53.115,367.77,30.708,79.85,28.563,-80.577
53.125,367.205,30.744,79.911,28.563,-80.577
53.135,366.631,30.78,79.973,28.563,-80.577
53.146,366.064,30.816,80.034,28.563,-80.577
53.156,365.51,30.851,80.094,28.563,-80.577
53.167,364.912,30.889,80.159,28.563,-80.577
53.181,364.159,30.937,80.239,28.563,-80.577
53.193,363.505,30.978,80.309,28.563,-80.577
53.207,362.75,31.025,80.389,28.563,-80.577
53.217,362.163,31.061,80.451,28.563,-80.577
53.231,361.434,31.107,80.528,28.563,-80.577
53.244,360.68,31.155,80.608,28.563,-80.577
53.256,360.056,31.194,80.675,28.563,-80.577
53.267,359.478,31.231,80.736,28.563,-80.577
53.277,358.914,31.266,80.796,28.563,-80.577
53.287,358.345,31.301,80.857,28.563,-80.577
53.298,357.736,31.339,80.921,28.563,-80.577
53.309,357.185,31.374,80.979,28.563,-80.577
53.319,356.617,31.409,81.04,28.563,-80.577
53.33,356.026,31.446,81.103,28.563,-80.577
53.341,355.442,31.483,81.166,28.563,-80.577
53.351,354.882,31.519,81.226,28.563,-80.577
53.361,354.331,31.554,81.286,28.563,-80.577
53.371,353.781,31.589,81.346,28.563,-80.577
53.381,353.229,31.624,81.405,28.563,-80.577
53.391,352.674,31.659,81.466,28.563,-80.577
53.402,352.113,31.695,81.526,28.563,-80.577
53.412,351.543,31.731,81.588,28.563,-80.577
53.422,350.986,31.766,81.648,28.563,-80.577
53.433,350.432,31.802,81.708,28.563,-80.577
53.443,349.881,31.837,81.768,28.563,-80.577
53.453,349.329,31.872,81.828,28.563,-80.577
53.463,348.771,31.908,81.888,28.563,-80.577
53.476,348.068,31.954,81.965,28.563,-80.577
53.488,347.444,31.994,82.034,28.563,-80.577
53.499,346.82,32.034,82.103,28.563,-80.577
53.512,346.137,32.079,82.179,28.563,-80.577
53.524,345.481,32.121,82.251,28.563,-80.577
53.536,344.841,32.163,82.322,28.563,-80.577
53.547,344.201,32.204,82.393,28.563,-80.577
53.559,343.563,32.246,82.463,28.563,-80.577
53.569,342.996,32.282,82.525,28.563,-80.577
53.58,342.428,32.318,82.585,28.563,-80.577
53.593,341.733,32.361,82.659,28.563,-80.577
53.604,341.131,32.398,82.722,28.563,-80.577
53.618,340.35,32.446,82.803,28.563,-80.577
53.632,339.579,32.493,82.884,28.563,-80.577
53.646,338.834,32.539,82.961,28.563,-80.577
53.66,338.107,32.584,83.038,28.563,-80.577
53.671,337.481,32.623,83.104,28.563,-80.577
53.684,336.779,32.666,83.178,28.563,-80.577
53.696,336.116,32.708,83.249,28.563,-80.577
53.707,335.561,32.743,83.309,28.563,-80.577
53.718,334.97,32.78,83.373,28.563,-80.577
53.728,334.387,32.817,83.436,28.563,-80.577
53.741,333.715,32.86,83.509,28.563,-80.577
53.754,332.991,32.907,83.588,28.563,-80.577
53.764,332.435,32.942,83.649,28.563,-80.577
53.775,331.88,32.977,83.709,28.563,-80.577
53.785,331.317,33.013,83.769,28.563,-80.577
53.797,330.66,33.054,83.838,28.563,-80.577
53.808,330.056,33.091,83.902,28.563,-80.577
53.82,329.416,33.13,83.969,28.563,-80.577
53.831,328.852,33.164,84.027,28.563,-80.577
53.841,328.289,33.198,84.084,28.563,-80.577
53.854,327.575,33.241,84.156,28.563,-80.577
53.865,327,33.275,84.214,28.563,-80.577
53.875,326.454,33.308,84.271,28.563,-80.577
53.885,325.892,33.343,84.33,28.563,-80.577
53.896,325.32,33.378,84.39,28.563,-80.577
53.907,324.698,33.418,84.457,28.563,-80.577
53.92,324,33.462,84.533,28.563,-80.577
53.931,323.401,33.501,84.599,28.563,-80.577
53.943,322.755,33.543,84.671,28.563,-80.577
53.954,322.176,33.58,84.736,28.563,-80.577
53.965,321.592,33.618,84.801,28.563,-80.577
53.976,321.024,33.656,84.865,28.563,-80.577
53.986,320.454,33.693,84.929,28.563,-80.577
53.997,319.869,33.732,84.995,28.563,-80.577
54.01,319.146,33.779,85.077,28.563,-80.577
54.021,318.545,33.819,85.145,28.563,-80.577
54.034,317.86,33.864,85.221,28.563,-80.577
54.045,317.29,33.9,85.285,28.563,-80.577
54.057,316.642,33.942,85.356,28.563,-80.577
54.069,315.991,33.984,85.428,28.563,-80.577
54.081,315.36,34.025,85.499,28.563,-80.577
54.092,314.729,34.067,85.569,28.563,-80.577
54.106,313.993,34.115,85.652,28.563,-80.577
54.116,313.436,34.152,85.714,28.563,-80.577
54.128,312.794,34.193,85.786,28.563,-80.577
54.141,312.108,34.237,85.861,28.563,-80.577
54.151,311.546,34.273,85.922,28.563,-80.577
54.162,310.986,34.308,85.983,28.563,-80.577
54.172,310.431,34.344,86.044,28.563,-80.577
54.183,309.868,34.38,86.106,28.563,-80.577
54.193,309.301,34.416,86.168,28.563,-80.577
54.204,308.735,34.452,86.23,28.563,-80.577
54.214,308.166,34.489,86.293,28.563,-80.577
54.225,307.601,34.525,86.354,28.563,-80.577
54.235,307.036,34.56,86.416,28.563,-80.577
54.246,306.468,34.596,86.477,28.563,-80.577
54.256,305.913,34.631,86.538,28.563,-80.577
54.267,305.351,34.667,86.598,28.563,-80.577
54.277,304.788,34.702,86.659,28.563,-80.577
54.288,304.224,34.738,86.721,28.563,-80.577
54.298,303.646,34.775,86.784,28.563,-80.577
54.309,303.068,34.811,86.847,28.563,-80.577
54.32,302.501,34.847,86.909,28.563,-80.577
54.33,301.941,34.883,86.97,28.563,-80.577
54.34,301.385,34.918,87.031,28.563,-80.577
54.351,300.826,34.954,87.091,28.563,-80.577
54.361,300.265,34.99,87.152,28.563,-80.577
54.373,299.608,35.032,87.224,28.563,-80.577
54.387,298.86,35.079,87.306,28.563,-80.577
54.402,298.088,35.129,87.391,28.563,-80.577
54.414,297.406,35.172,87.466,28.563,-80.577
54.425,296.842,35.208,87.527,28.563,-80.577
54.436,296.239,35.245,87.591,28.563,-80.577
54.447,295.654,35.281,87.654,28.563,-80.577
54.461,294.903,35.327,87.733,28.563,-80.577
54.472,294.338,35.363,87.794,28.563,-80.577
54.483,293.755,35.399,87.856,28.563,-80.577
54.494,293.129,35.438,87.924,28.563,-80.577
54.506,292.505,35.477,87.991,28.563,-80.577
54.518,291.857,35.519,88.062,28.563,-80.577
54.529,291.251,35.557,88.129,28.563,-80.577
54.541,290.642,35.597,88.196,28.563,-80.577
54.552,290.011,35.637,88.267,28.563,-80.577
54.563,289.448,35.673,88.33,28.563,-80.577
54.573,288.882,35.71,88.393,28.563,-80.577
54.584,288.326,35.746,88.454,28.563,-80.577
54.594,287.757,35.783,88.517,28.563,-80.577
54.607,287.11,35.824,88.589,28.563,-80.577
54.617,286.551,35.86,88.65,28.563,-80.577
54.627,285.993,35.895,88.71,28.563,-80.577
54.638,285.429,35.93,88.771,28.563,-80.577
54.648,284.87,35.965,88.831,28.563,-80.577
54.662,284.145,36.01,88.908,28.563,-80.577
54.673,283.545,36.047,88.973,28.563,-80.577
54.687,282.793,36.095,89.056,28.563,-80.577
54.701,282.054,36.142,89.138,28.563,-80.577
54.711,281.49,36.179,89.201,28.563,-80.577
54.722,280.929,36.214,89.263,28.563,-80.577
54.732,280.372,36.25,89.326,28.563,-80.577
54.743,279.807,36.287,89.389,28.563,-80.577
54.754,279.239,36.324,89.452,28.563,-80.577
54.768,278.495,36.372,89.535,28.563,-80.577
54.778,277.911,36.409,89.599,28.563,-80.577
54.79,277.268,36.45,89.67,28.563,-80.577
54.801,276.678,36.487,89.734,28.563,-80.577
54.812,276.121,36.523,89.795,28.563,-80.577
54.823,275.536,36.56,89.86,28.563,-80.577
54.834,274.918,36.601,89.93,28.563,-80.577
54.846,274.291,36.642,90.001,28.563,-80.577
54.859,273.592,36.688,90.081,28.563,-80.577
54.871,272.987,36.727,90.15,28.563,-80.577
54.881,272.43,36.763,90.212,28.563,-80.577
54.892,271.855,36.8,90.276,28.563,-80.577
54.903,271.232,36.84,90.345,28.563,-80.577
54.917,270.507,36.886,90.424,28.563,-80.577
54.931,269.753,36.933,90.507,28.563,-80.577
54.946,268.985,36.982,90.591,28.563,-80.577
54.96,268.215,37.031,90.675,28.563,-80.577
54.974,267.446,37.079,90.759,28.563,-80.577
54.985,266.876,37.115,90.821,28.563,-80.577
54.996,266.313,37.15,90.881,28.563,-80.577
55.006,265.75,37.185,90.942,28.563,-80.577
55.019,265.09,37.226,91.013,28.563,-80.577
55.029,264.533,37.261,91.074,28.563,-80.577
55.04,263.945,37.298,91.138,28.563,-80.577
55.051,263.373,37.334,91.201,28.563,-80.577
55.063,262.736,37.375,91.272,28.563,-80.577
55.075,262.055,37.418,91.348,28.563,-80.577
55.088,261.402,37.46,91.421,28.563,-80.577
55.098,260.829,37.497,91.485,28.563,-80.577
55.109,260.266,37.533,91.549,28.563,-80.577
55.121,259.646,37.573,91.618,28.563,-80.577
55.132,259.031,37.613,91.687,28.563,-80.577
55.144,258.408,37.653,91.756,28.563,-80.577
55.157,257.736,37.696,91.83,28.563,-80.577
55.171,256.98,37.744,91.914,28.563,-80.577
55.184,256.294,37.787,91.99,28.563,-80.577
55.196,255.628,37.829,92.063,28.563,-80.577
55.209,254.963,37.872,92.137,28.563,-80.577
55.222,254.258,37.916,92.214,28.563,-80.577
55.236,253.507,37.964,92.297,28.563,-80.577
55.25,252.777,38.011,92.378,28.563,-80.577
55.262,252.142,38.051,92.449,28.563,-80.577
55.273,251.55,38.089,92.514,28.563,-80.577
55.284,250.963,38.126,92.579,28.563,-80.577
55.296,250.336,38.165,92.648,28.563,-80.577
55.306,249.778,38.2,92.708,28.563,-80.577
55.317,249.214,38.235,92.77,28.563,-80.577
55.327,248.65,38.271,92.832,28.563,-80.577
55.338,248.087,38.306,92.894,28.563,-80.577
55.348,247.527,38.341,92.955,28.563,-80.577
55.359,246.969,38.376,93.017,28.563,-80.577
55.369,246.411,38.411,93.078,28.563,-80.577
55.38,245.853,38.446,93.139,28.563,-80.577
55.39,245.294,38.481,93.201,28.563,-80.577
55.401,244.736,38.516,93.262,28.563,-80.577
55.411,244.178,38.551,93.324,28.563,-80.577
55.422,243.599,38.588,93.387,28.563,-80.577
55.433,243.028,38.624,93.45,28.563,-80.577
55.444,242.463,38.659,93.512,28.563,-80.577
55.454,241.902,38.695,93.574,28.563,-80.577
55.465,241.331,38.731,93.637,28.563,-80.577
55.476,240.749,38.768,93.701,28.563,-80.577
55.489,240.045,38.812,93.778,28.563,-80.577
55.503,239.295,38.858,93.859,28.563,-80.577
55.514,238.729,38.894,93.921,28.563,-80.577
55.525,238.151,38.931,93.985,28.563,-80.577
55.536,237.545,38.97,94.054,28.563,-80.577
55.549,236.89,39.013,94.128,28.563,-80.577
55.562,236.171,39.06,94.211,28.563,-80.577
55.575,235.48,39.105,94.29,28.563,-80.577
55.587,234.83,39.148,94.364,28.563,-80.577
55.6,234.185,39.19,94.438,28.563,-80.577
55.612,233.539,39.232,94.511,28.563,-80.577
55.623,232.939,39.27,94.579,28.563,-80.577
55.635,232.319,39.31,94.648,28.563,-80.577
55.645,231.76,39.345,94.71,28.563,-80.577
55.656,231.185,39.381,94.773,28.563,-80.577
55.667,230.585,39.419,94.84,28.563,-80.577
55.678,230.001,39.456,94.904,28.563,-80.577
55.689,229.418,39.493,94.969,28.563,-80.577
55.7,228.834,39.53,95.034,28.563,-80.577
55.712,228.236,39.568,95.101,28.563,-80.577
55.722,227.672,39.604,95.164,28.563,-80.577
55.733,227.104,39.641,95.228,28.563,-80.577
55.744,226.533,39.677,95.293,28.563,-80.577
55.755,225.959,39.714,95.357,28.563,-80.577
55.765,225.4,39.75,95.42,28.563,-80.577
55.776,224.838,39.786,95.483,28.563,-80.577
55.787,224.274,39.822,95.547,28.563,-80.577
55.797,223.708,39.858,95.61,28.563,-80.577
55.808,223.142,39.894,95.673,28.563,-80.577
55.818,222.58,39.93,95.736,28.563,-80.577
55.829,222.016,39.966,95.799,28.563,-80.577
55.84,221.452,40.002,95.863,28.563,-80.577
55.85,220.887,40.039,95.926,28.563,-80.577
55.861,220.32,40.075,95.989,28.563,-80.577
55.872,219.759,40.11,96.052,28.563,-80.577
55.882,219.191,40.146,96.115,28.563,-80.577
55.893,218.613,40.183,96.18,28.563,-80.577
55.904,218.029,40.22,96.245,28.563,-80.577
55.917,217.383,40.261,96.317,28.563,-80.577
55.928,216.774,40.3,96.385,28.563,-80.577
55.939,216.178,40.338,96.452,28.563,-80.577
55.95,215.591,40.375,96.518,28.563,-80.577
55.961,215.011,40.413,96.584,28.563,-80.577
55.972,214.427,40.45,96.649,28.563,-80.577
55.983,213.848,40.487,96.715,28.563,-80.577
55.994,213.271,40.524,96.78,28.563,-80.577
56.005,212.697,40.56,96.844,28.563,-80.577
56.016,212.134,40.596,96.907,28.563,-80.577
56.026,211.573,40.632,96.97,28.563,-80.577
56.037,211.013,40.667,97.033,28.563,-80.577
56.048,210.451,40.703,97.096,28.563,-80.577
56.058,209.888,40.739,97.159,28.563,-80.577
56.07,209.296,40.776,97.225,28.563,-80.577
56.081,208.693,40.814,97.292,28.563,-80.577
56.092,208.093,40.852,97.359,28.563,-80.577
56.103,207.506,40.889,97.424,28.563,-80.577
56.114,206.944,40.925,97.486,28.563,-80.577
56.125,206.345,40.963,97.553,28.563,-80.577
56.136,205.765,40.999,97.618,28.563,-80.577
56.147,205.203,41.035,97.681,28.563,-80.577
56.158,204.623,41.071,97.746,28.563,-80.577
56.169,204.057,41.107,97.81,28.563,-80.577
56.179,203.493,41.144,97.873,28.563,-80.577
56.191,202.892,41.182,97.942,28.563,-80.577
56.201,202.324,41.219,98.006,28.563,-80.577
56.212,201.763,41.255,98.071,28.563,-80.577
56.223,201.201,41.291,98.134,28.563,-80.577
56.233,200.638,41.327,98.198,28.563,-80.577
56.244,200.079,41.363,98.261,28.563,-80.577
56.255,199.498,41.4,98.326,28.563,-80.577
56.266,198.93,41.436,98.39,28.563,-80.577
56.277,198.352,41.473,98.455,28.563,-80.577
56.29,197.653,41.517,98.534,28.563,-80.577
56.305,196.881,41.566,98.62,28.563,-80.577
56.319,196.13,41.614,98.705,28.563,-80.577
56.332,195.414,41.659,98.785,28.563,-80.577
56.345,194.734,41.702,98.861,28.563,-80.577
56.358,194.052,41.745,98.938,28.563,-80.577
56.37,193.438,41.784,99.007,28.563,-80.577
56.381,192.848,41.822,99.073,28.563,-80.577
56.392,192.269,41.858,99.138,28.563,-80.577
56.403,191.692,41.895,99.202,28.563,-80.577
56.414,191.107,41.932,99.268,28.563,-80.577
56.428,190.352,41.98,99.352,28.563,-80.577
56.443,189.588,42.028,99.438,28.563,-80.577
56.457,188.813,42.078,99.525,28.563,-80.577
56.468,188.252,42.113,99.589,28.563,-80.577
56.479,187.691,42.149,99.652,28.563,-80.577
56.492,186.985,42.195,99.733,28.563,-80.577
56.506,186.278,42.24,99.814,28.563,-80.577
56.518,185.601,42.284,99.891,28.563,-80.577
56.531,184.951,42.327,99.966,28.563,-80.577
56.543,184.326,42.367,100.037,28.563,-80.577
56.554,183.738,42.405,100.105,28.563,-80.577
56.569,182.947,42.456,100.196,28.563,-80.577
56.58,182.379,42.492,100.261,28.563,-80.577
56.59,181.813,42.529,100.326,28.563,-80.577
56.601,181.244,42.565,100.391,28.563,-80.577
56.616,180.452,42.615,100.481,28.563,-80.577
56.628,179.813,42.656,100.553,28.563,-80.577
56.64,179.19,42.695,100.623,28.563,-80.577
56.653,178.521,42.738,100.698,28.563,-80.577
56.665,177.851,42.78,100.773,28.563,-80.577
56.678,177.202,42.821,100.846,28.563,-80.577
56.689,176.635,42.856,100.91,28.563,-80.577
56.702,175.907,42.903,100.991,28.563,-80.577
56.715,175.268,42.943,101.063,28.563,-80.577
56.728,174.563,42.988,101.143,28.563,-80.577
56.739,173.987,43.024,101.208,28.563,-80.577
56.75,173.405,43.061,101.274,28.563,-80.577
56.761,172.823,43.098,101.339,28.563,-80.577
56.772,172.259,43.134,101.403,28.563,-80.577
56.782,171.695,43.17,101.467,28.563,-80.577
56.793,171.131,43.206,101.53,28.563,-80.577
56.804,170.553,43.243,101.596,28.563,-80.577
56.816,169.913,43.284,101.669,28.563,-80.577
56.831,169.161,43.331,101.754,28.563,-80.577
56.845,168.38,43.381,101.842,28.563,-80.577
56.86,167.602,43.43,101.93,28.563,-80.577
56.874,166.887,43.475,102.011,28.563,-80.577
56.889,166.108,43.524,102.099,28.563,-80.577
56.903,165.333,43.573,102.186,28.563,-80.577
56.917,164.595,43.62,102.27,28.563,-80.577
56.931,163.872,43.665,102.351,28.563,-80.577
56.943,163.251,43.704,102.421,28.563,-80.577
56.957,162.534,43.75,102.501,28.563,-80.577
56.967,161.972,43.785,102.564,28.563,-80.577
56.979,161.363,43.824,102.633,28.563,-80.577
56.992,160.667,43.868,102.712,28.563,-80.577
57.007,159.906,43.916,102.798,28.563,-80.577
57.019,159.27,43.957,102.87,28.563,-80.577
57.034,158.48,44.008,102.96,28.563,-80.577
57.045,157.865,44.048,103.031,28.563,-80.577
57.059,157.127,44.095,103.116,28.563,-80.577
57.072,156.469,44.137,103.192,28.563,-80.577
57.086,155.742,44.184,103.275,28.563,-80.577
57.097,155.18,44.22,103.339,28.563,-80.577
57.107,154.618,44.255,103.402,28.563,-80.577
57.118,154.048,44.292,103.467,28.563,-80.577
57.129,153.472,44.328,103.532,28.563,-80.577
57.14,152.897,44.364,103.596,28.563,-80.577
57.151,152.327,44.4,103.66,28.563,-80.577
57.162,151.766,44.435,103.723,28.563,-80.577
57.174,151.096,44.478,103.8,28.563,-80.577
57.186,150.467,44.518,103.872,28.563,-80.577
57.201,149.72,44.566,103.958,28.563,-80.577
57.213,149.077,44.608,104.032,28.563,-80.577
57.226,148.385,44.652,104.112,28.563,-80.577
57.237,147.81,44.689,104.178,28.563,-80.577
57.248,147.231,44.725,104.244,28.563,-80.577
57.261,146.568,44.767,104.32,28.563,-80.577
57.275,145.822,44.815,104.404,28.563,-80.577
57.289,145.087,44.862,104.488,28.563,-80.577
57.304,144.309,44.911,104.576,28.563,-80.577
57.315,143.723,44.948,104.642,28.563,-80.577
57.328,143.038,44.991,104.72,28.563,-80.577
57.342,142.293,45.039,104.805,28.563,-80.577
57.356,141.565,45.084,104.888,28.563,-80.577
57.37,140.828,45.131,104.972,28.563,-80.577
57.384,140.07,45.179,105.058,28.563,-80.577
57.397,139.396,45.222,105.136,28.563,-80.577
57.41,138.713,45.266,105.214,28.563,-80.577
57.423,138.025,45.31,105.294,28.563,-80.577
57.437,137.336,45.354,105.373,28.563,-80.577
57.45,136.646,45.399,105.452,28.563,-80.577
57.463,135.957,45.443,105.532,28.563,-80.577
57.474,135.378,45.48,105.598,28.563,-80.577
57.487,134.679,45.524,105.678,28.563,-80.577
57.501,133.945,45.57,105.762,28.563,-80.577
57.515,133.236,45.616,105.843,28.563,-80.577
57.529,132.506,45.662,105.927,28.563,-80.577
57.544,131.758,45.71,106.014,28.563,-80.577
57.558,130.993,45.76,106.102,28.563,-80.577
57.572,130.303,45.804,106.183,28.563,-80.577
57.585,129.643,45.847,106.261,28.563,-80.577
57.599,128.929,45.894,106.345,28.563,-80.577
57.611,128.318,45.934,106.418,28.563,-80.577
57.626,127.549,45.985,106.509,28.563,-80.577
57.64,126.837,46.031,106.593,28.563,-80.577
57.654,126.13,46.078,106.677,28.563,-80.577
57.669,125.412,46.126,106.763,28.563,-80.577
57.683,124.694,46.174,106.849,28.563,-80.577
57.698,123.972,46.222,106.936,28.563,-80.577
57.713,123.245,46.271,107.024,28.563,-80.577
57.728,122.494,46.321,107.115,28.563,-80.577
57.744,121.708,46.374,107.211,28.563,-80.577
57.757,121.073,46.417,107.288,28.563,-80.577
57.771,120.415,46.461,107.369,28.563,-80.577
57.785,119.724,46.507,107.454,28.563,-80.577
57.8,118.98,46.558,107.546,28.563,-80.577
57.818,118.152,46.614,107.649,28.563,-80.577
57.833,117.419,46.665,107.741,28.563,-80.577
57.848,116.722,46.713,107.828,28.563,-80.577
57.862,116.036,46.76,107.915,28.563,-80.577
57.877,115.361,46.808,108.001,28.563,-80.577
57.893,114.622,46.86,108.096,28.563,-80.577
57.91,113.797,46.919,108.204,28.563,-80.577
57.925,113.119,46.968,108.292,28.563,-80.577
57.939,112.457,47.015,108.379,28.563,-80.577
57.954,111.8,47.062,108.465,28.563,-80.577
57.969,111.115,47.111,108.554,28.563,-80.577
57.985,110.383,47.164,108.65,28.563,-80.577
58.001,109.66,47.216,108.744,28.563,-80.577
58.016,108.977,47.265,108.834,28.563,-80.577
58.032,108.257,47.317,108.929,28.563,-80.577
58.048,107.54,47.369,109.024,28.563,-80.577
58.065,106.782,47.426,109.125,28.563,-80.577
58.086,105.862,47.497,109.25,28.563,-80.577
58.103,105.121,47.557,109.351,28.563,-80.577
58.123,104.241,47.629,109.473,28.563,-80.577
58.143,103.378,47.702,109.594,28.563,-80.577
58.161,102.603,47.768,109.704,28.563,-80.577
58.178,101.876,47.832,109.808,28.563,-80.577
58.197,101.077,47.902,109.923,28.563,-80.577
58.214,100.336,47.965,110.03,28.563,-80.577
58.234,99.485,48.036,110.152,28.563,-80.577
58.255,98.609,48.106,110.276,28.563,-80.577
58.273,97.867,48.165,110.382,28.563,-80.577
58.294,97.027,48.233,110.503,28.563,-80.577
58.314,96.198,48.302,110.626,28.563,-80.577
58.334,95.393,48.368,110.744,28.563,-80.577
58.353,94.589,48.435,110.863,28.563,-80.577
58.373,93.814,48.499,110.977,28.563,-80.577
58.392,93.032,48.564,111.094,28.563,-80.577
58.419,91.974,48.652,111.252,28.563,-80.577
58.443,91.013,48.733,111.394,28.563,-80.577
58.466,90.122,48.806,111.525,28.563,-80.577
58.487,89.301,48.875,111.648,28.563,-80.577
58.509,88.454,48.95,111.779,28.563,-80.577
58.532,87.596,49.028,111.916,28.563,-80.577
58.555,86.71,49.11,112.059,28.563,-80.577
58.579,85.806,49.195,112.207,28.563,-80.577
58.603,84.926,49.278,112.35,28.563,-80.577
58.627,84.037,49.363,112.497,28.563,-80.577
58.651,83.136,49.45,112.647,28.563,-80.577
58.676,82.226,49.537,112.798,28.563,-80.577
58.71,81.008,49.655,113,28.563,-80.577
58.74,79.927,49.759,113.179,28.563,-80.577
58.769,78.935,49.853,113.339,28.563,-80.577
58.798,77.913,49.947,113.504,28.563,-80.577
58.831,76.754,50.057,113.69,28.563,-80.577
58.857,75.862,50.144,113.838,28.563,-80.577
58.886,74.91,50.24,114.002,28.563,-80.577
58.914,73.955,50.339,114.169,28.563,-80.577
58.943,72.986,50.44,114.339,28.563,-80.577
58.974,71.989,50.546,114.516,28.563,-80.577
59.016,70.61,50.692,114.761,28.563,-80.577
59.052,69.453,50.817,114.969,28.563,-80.577
59.092,68.195,50.954,115.198,28.563,-80.577
59.127,67.114,51.075,115.397,28.563,-80.577
59.164,65.99,51.199,115.604,28.563,-80.577
59.202,64.827,51.329,115.817,28.563,-80.577
59.24,63.703,51.458,116.029,28.563,-80.577
59.279,62.536,51.598,116.255,28.563,-80.577
59.329,61.086,51.773,116.54,28.563,-80.577
59.379,59.662,51.945,116.819,28.563,-80.577
59.423,58.424,52.099,117.069,28.563,-80.577
59.468,57.206,52.254,117.32,28.563,-80.577
59.514,55.959,52.417,117.581,28.563,-80.577
59.564,54.627,52.59,117.861,28.563,-80.577
59.613,53.331,52.759,118.131,28.563,-80.577
59.663,52.047,52.929,118.401,28.563,-80.577
59.713,50.786,53.099,118.67,28.563,-80.577
59.763,49.549,53.268,118.937,28.563,-80.577
59.813,48.334,53.44,119.207,28.563,-80.577
59.863,47.143,53.612,119.479,28.563,-80.577
59.913,45.973,53.787,119.753,28.563,-80.577
59.963,44.826,53.965,120.03,28.563,-80.577
60.013,43.7,54.142,120.305,28.563,-80.577
60.063,42.595,54.318,120.577,28.563,-80.577
60.113,41.511,54.496,120.852,28.563,-80.577
60.163,40.448,54.673,121.125,28.563,-80.577
60.213,39.405,54.847,121.392,28.563,-80.577
60.263,38.382,55.017,121.654,28.563,-80.577
60.313,37.379,55.185,121.911,28.563,-80.577
60.363,36.396,55.349,122.162,28.563,-80.577
60.413,35.431,55.511,122.409,28.563,-80.577
60.463,34.486,55.669,122.651,28.563,-80.577
60.513,33.559,55.824,122.888,28.563,-80.577
60.563,32.65,55.98,123.124,28.563,-80.577
60.613,31.76,56.138,123.363,28.563,-80.577
60.663,30.888,56.297,123.603,28.563,-80.577
60.713,30.033,56.458,123.845,28.563,-80.577
60.763,29.195,56.619,124.088,28.563,-80.577
60.813,28.375,56.782,124.332,28.563,-80.577
60.863,27.571,56.946,124.577,28.563,-80.577
60.913,26.784,57.109,124.82,28.563,-80.577
60.963,26.012,57.27,125.061,28.563,-80.577
61.013,25.256,57.432,125.303,28.563,-80.577
61.063,24.516,57.593,125.542,28.563,-80.577
61.113,23.791,57.753,125.778,28.563,-80.577
61.163,23.08,57.91,126.012,28.563,-80.577
61.213,22.385,58.064,126.241,28.563,-80.577
61.263,21.703,58.217,126.466,28.563,-80.577
61.313,21.036,58.367,126.688,28.563,-80.577
61.363,20.382,58.514,126.905,28.563,-80.577
61.413,19.742,58.66,127.12,28.563,-80.577
61.463,19.115,58.806,127.334,28.563,-80.577
61.513,18.502,58.951,127.547,28.563,-80.577
61.563,17.901,59.097,127.761,28.563,-80.577
61.613,17.314,59.242,127.973,28.563,-80.577
61.663,16.739,59.388,128.186,28.563,-80.577
61.713,16.177,59.533,128.397,28.563,-80.577
61.763,15.626,59.678,128.608,28.563,-80.577
61.813,15.088,59.822,128.819,28.563,-80.577
61.863,14.562,59.967,129.029,28.563,-80.577
61.913,14.046,60.111,129.238,28.563,-80.577
61.963,13.542,60.254,129.447,28.563,-80.577
62.013,13.05,60.398,129.655,28.563,-80.577
62.063,12.568,60.54,129.862,28.563,-80.577
62.113,12.097,60.681,130.066,28.563,-80.577
62.163,11.636,60.82,130.267,28.563,-80.577
62.213,11.185,60.958,130.467,28.563,-80.577
62.263,10.745,61.095,130.664,28.563,-80.577
62.313,10.315,61.231,130.862,28.563,-80.577
62.363,9.894,61.367,131.057,28.563,-80.577
62.413,9.483,61.501,131.251,28.563,-80.577
62.463,9.082,61.634,131.443,28.563,-80.577
62.513,8.689,61.766,131.634,28.563,-80.577
62.563,8.306,61.898,131.822,28.563,-80.577
62.613,7.933,62.028,132.01,28.563,-80.577
62.663,7.567,62.157,132.195,28.563,-80.577
62.713,7.211,62.285,132.379,28.563,-80.577
62.763,6.864,62.412,132.562,28.563,-80.577
62.813,6.525,62.538,132.744,28.563,-80.577
62.863,6.194,62.664,132.924,28.563,-80.577
62.913,5.872,62.788,133.102,28.563,-80.577
62.963,5.558,62.912,133.28,28.563,-80.577
63.013,5.251,63.035,133.456,28.563,-80.577
63.063,4.953,63.157,133.63,28.563,-80.577
63.113,4.663,63.278,133.804,28.563,-80.577
63.163,4.38,63.398,133.976,28.563,-80.577
63.213,4.105,63.517,134.146,28.563,-80.577
63.263,3.838,63.636,134.316,28.563,-80.577
63.313,3.578,63.753,134.484,28.563,-80.577
63.363,3.325,63.869,134.65,28.563,-80.577
63.413,3.079,63.985,134.815,28.563,-80.577
63.463,2.84,64.099,134.979,28.563,-80.577
63.513,2.608,64.213,135.141,28.563,-80.577
63.563,2.383,64.325,135.302,28.563,-80.577
63.613,2.164,64.436,135.462,28.563,-80.577
63.663,1.952,64.547,135.619,28.563,-80.577
63.713,1.746,64.656,135.775,28.563,-80.577
63.763,1.547,64.764,135.93,28.563,-80.577
63.813,1.353,64.871,136.083,28.563,-80.577
63.863,1.166,64.977,136.235,28.563,-80.577
63.913,0.984,65.082,136.385,28.563,-80.577
63.963,0.808,65.185,136.533,28.563,-80.577
64.013,0.638,65.288,136.68,28.563,-80.577
64.063,0.474,65.389,136.824,28.563,-80.577
64.113,0.315,65.488,136.967,28.563,-80.577
64.163,0.162,65.587,137.108,28.563,-80.577
64.213,0.015,65.684,137.247,28.563,-80.577
64.263,-0.127,65.78,137.384,28.563,-80.577
64.264,0,65.78,137.384,28.563,-80.577
65.404,0,65.78,137.384,28.563,-80.577
