<?xml version="1.0" encoding="UTF-8"?>
<kml xmlns="http://www.opengis.net/kml/2.2" xmlns:gx="http://www.google.com/kml/ext/2.2">
  <Document>
    <name>Trajetória do Foguete – 19/07/2026, 22:26:51</name>
    <description>Gerado pelo OpenEarth — OSIFOG</description>
    <Style id="s1">
      <LineStyle>
        <color>ff0000ff</color>
        <width>3</width>
      </LineStyle>
      <PolyStyle>
        <color>4d0000ff</color>
      </PolyStyle>
    </Style>
    <Style id="s2">
      <LineStyle>
        <color>ff00ff00</color>
        <width>3</width>
      </LineStyle>
      <PolyStyle>
        <color>4d00ff00</color>
      </PolyStyle>
    </Style>
    <Folder>
      <name>Ponto de Lançamento</name>
      <Placemark>
        <name>Launch Site</name>
        <Point>
          <altitudeMode>absolute</altitudeMode>
          <coordinates>-80.5772000,28.5621000,3.000</coordinates>
        </Point>
      </Placemark>
    </Folder>
    <Folder>
      <name>Estágio 1 – osifog_850k_stage_1</name>
      <Placemark>
        <name>Trajetória – Estágio 1</name>
        <styleUrl>#s1</styleUrl>
        <LineString>
          <extrude>0</extrude>
          <tessellate>1</tessellate>
          <altitudeMode>absolute</altitudeMode>
          <coordinates>
          -80.5772000,28.5621000,3.000
          -80.5772000,28.5621000,3.001
          -80.5772000,28.5621000,3.006
          -80.5772000,28.5621000,3.028
          -80.5772000,28.5621000,3.064
          -80.5771999,28.5621001,3.118
          -80.5771999,28.5621001,3.190
          -80.5771999,28.5621002,3.278
          -80.5771998,28.5621002,3.382
          -80.5771998,28.5621003,3.502
          -80.5771997,28.5621003,3.638
          -80.5771997,28.5621004,3.757
          -80.5771996,28.5621005,3.919
          -80.5771996,28.5621006,4.096
          -80.5771995,28.5621007,4.287
          -80.5771994,28.5621008,4.492
          -80.5771993,28.5621009,4.734
          -80.5771992,28.5621010,4.969
          -80.5771991,28.5621011,5.218
          -80.5771990,28.5621013,5.480
          -80.5771989,28.5621014,5.757
          -80.5771988,28.5621016,6.047
          -80.5771987,28.5621017,6.351
          -80.5771986,28.5621019,6.668
          -80.5771984,28.5621020,6.999
          -80.5771983,28.5621022,7.343
          -80.5771982,28.5621024,7.701
          -80.5771981,28.5621025,7.922
          -80.5771979,28.5621027,8.263
          -80.5771978,28.5621029,8.654
          -80.5771976,28.5621031,9.058
          -80.5771974,28.5621034,9.689
          -80.5771970,28.5621039,10.691
          -80.5771966,28.5621044,11.516
          -80.5771962,28.5621049,12.559
          -80.5771957,28.5621056,13.679
          -80.5771952,28.5621062,14.926
          -80.5771946,28.5621071,16.427
          -80.5771936,28.5621083,18.700
          -80.5771928,28.5621094,20.919
          -80.5771915,28.5621110,24.471
          -80.5771911,28.5621116,25.880
          -80.5771907,28.5621121,27.070
          -80.5771904,28.5621125,28.175
          -80.5771902,28.5621128,29.255
          -80.5771899,28.5621132,30.366
          -80.5771896,28.5621135,31.557
          -80.5771894,28.5621139,32.845
          -80.5771891,28.5621142,34.136
          -80.5771889,28.5621146,35.756
          -80.5771885,28.5621151,37.887
          -80.5771881,28.5621157,41.194
          -80.5771874,28.5621166,46.087
          -80.5771872,28.5621170,48.314
          -80.5771869,28.5621174,50.668
          -80.5771866,28.5621178,52.933
          -80.5771864,28.5621181,54.556
          -80.5771862,28.5621183,56.029
          -80.5771860,28.5621186,57.648
          -80.5771857,28.5621190,59.615
          -80.5771853,28.5621195,62.453
          -80.5771848,28.5621203,66.826
          -80.5771845,28.5621207,69.423
          -80.5771844,28.5621209,71.288
          -80.5771842,28.5621212,72.972
          -80.5771841,28.5621214,74.615
          -80.5771839,28.5621215,76.297
          -80.5771838,28.5621217,78.066
          -80.5771837,28.5621219,80.087
          -80.5771836,28.5621222,82.788
          -80.5771834,28.5621225,86.917
          -80.5771832,28.5621227,90.018
          -80.5771831,28.5621228,91.671
          -80.5771831,28.5621230,93.134
          -80.5771830,28.5621231,94.549
          -80.5771829,28.5621232,95.984
          -80.5771828,28.5621233,97.601
          -80.5771827,28.5621235,99.652
          -80.5771826,28.5621238,102.765
          -80.5771823,28.5621241,107.517
          -80.5771822,28.5621243,110.390
          -80.5771822,28.5621245,112.250
          -80.5771821,28.5621246,114.060
          -80.5771821,28.5621247,116.050
          -80.5771821,28.5621247,118.222
          -80.5771820,28.5621248,120.664
          -80.5771820,28.5621249,123.982
          -80.5771820,28.5621250,129.024
          -80.5771820,28.5621251,131.397
          -80.5771819,28.5621251,132.973
          -80.5771819,28.5621252,135.189
          -80.5771819,28.5621252,137.621
          -80.5771818,28.5621253,140.147
          -80.5771818,28.5621254,143.254
          -80.5771817,28.5621255,147.953
          -80.5771817,28.5621256,151.322
          -80.5771817,28.5621256,154.007
          -80.5771817,28.5621256,156.778
          -80.5771817,28.5621257,159.752
          -80.5771817,28.5621257,160.249
          -80.5771817,28.5621257,160.996
          -80.5771817,28.5621257,162.117
          -80.5771817,28.5621257,163.802
          -80.5771817,28.5621257,166.337
          -80.5771817,28.5621257,170.155
          -80.5771818,28.5621256,173.777
          -80.5771818,28.5621256,177.213
          -80.5771818,28.5621256,181.058
          -80.5771818,28.5621256,186.046
          -80.5771818,28.5621256,193.567
          -80.5771818,28.5621256,198.009
          -80.5771819,28.5621255,202.752
          -80.5771820,28.5621254,209.227
          -80.5771821,28.5621253,215.474
          -80.5771821,28.5621253,220.424
          -80.5771822,28.5621252,225.412
          -80.5771822,28.5621251,232.900
          -80.5771823,28.5621251,234.482
          -80.5771823,28.5621251,236.856
          -80.5771823,28.5621250,240.416
          -80.5771824,28.5621249,245.699
          -80.5771826,28.5621247,253.616
          -80.5771827,28.5621246,259.464
          -80.5771828,28.5621245,268.041
          -80.5771829,28.5621244,277.018
          -80.5771830,28.5621242,284.603
          -80.5771831,28.5621241,293.502
          -80.5771832,28.5621240,302.357
          -80.5771833,28.5621238,311.166
          -80.5771834,28.5621238,316.955
          -80.5771836,28.5621236,325.722
          -80.5771838,28.5621233,334.948
          -80.5771841,28.5621229,344.537
          -80.5771845,28.5621223,354.461
          -80.5771849,28.5621216,364.711
          -80.5771855,28.5621208,375.279
          -80.5771860,28.5621200,385.567
          -80.5771867,28.5621189,396.741
          -80.5771871,28.5621184,402.592
          -80.5771877,28.5621175,411.513
          -80.5771882,28.5621167,419.330
          -80.5771888,28.5621159,426.642
          -80.5771896,28.5621146,437.799
          -80.5771903,28.5621135,446.350
          -80.5771913,28.5621120,458.950
          -80.5771924,28.5621103,471.798
          -80.5771936,28.5621085,484.888
          -80.5771948,28.5621067,498.217
          -80.5771961,28.5621047,511.781
          -80.5771975,28.5621027,525.577
          -80.5771989,28.5621006,539.603
          -80.5772004,28.5620983,553.853
          -80.5772020,28.5620960,568.324
          -80.5772033,28.5620939,580.646
          -80.5772050,28.5620914,595.511
          -80.5772061,28.5620898,604.669
          -80.5772076,28.5620875,617.221
          -80.5772085,28.5620863,624.345
          -80.5772098,28.5620843,635.110
          -80.5772110,28.5620825,645.051
          -80.5772129,28.5620797,660.103
          -80.5772139,28.5620782,668.323
          -80.5772155,28.5620758,680.727
          -80.5772173,28.5620732,694.418
          -80.5772185,28.5620714,703.333
          -80.5772202,28.5620688,716.754
          -80.5772224,28.5620656,732.963
          -80.5772236,28.5620639,741.498
          -80.5772253,28.5620614,754.317
          -80.5772275,28.5620581,770.596
          -80.5772281,28.5620573,774.626
          -80.5772289,28.5620561,780.671
          -80.5772294,28.5620554,784.490
          -80.5772300,28.5620545,788.858
          -80.5772309,28.5620532,795.408
          -80.5772315,28.5620522,800.066
          -80.5772323,28.5620511,805.757
          -80.5772335,28.5620494,814.284
          -80.5772346,28.5620477,822.784
          -80.5772364,28.5620451,835.506
          -80.5772386,28.5620419,851.609
          -80.5772399,28.5620400,861.183
          -80.5772418,28.5620372,875.482
          -80.5772436,28.5620345,888.972
          -80.5772457,28.5620314,904.755
          -80.5772478,28.5620283,920.415
          -80.5772499,28.5620253,935.939
          -80.5772519,28.5620223,951.320
          -80.5772538,28.5620194,966.557
          -80.5772550,28.5620178,975.342
          -80.5772566,28.5620153,988.429
          -80.5772585,28.5620125,1003.315
          -80.5772603,28.5620098,1018.064
          -80.5772607,28.5620092,1021.250
          -80.5772613,28.5620084,1026.016
          -80.5772622,28.5620071,1033.140
          -80.5772635,28.5620051,1043.767
          -80.5772652,28.5620026,1058.154
          -80.5772669,28.5620000,1072.417
          -80.5772686,28.5619976,1086.558
          -80.5772697,28.5619958,1096.811
          -80.5772712,28.5619937,1109.127
          -80.5772727,28.5619913,1122.964
          -80.5772743,28.5619890,1136.689
          -80.5772758,28.5619867,1150.304
          -80.5772772,28.5619845,1163.812
          -80.5772787,28.5619823,1177.215
          -80.5772801,28.5619801,1190.515
          -80.5772815,28.5619780,1203.713
          -80.5772828,28.5619760,1216.812
          -80.5772841,28.5619739,1229.813
          -80.5772854,28.5619720,1242.718
          -80.5772867,28.5619700,1255.529
          -80.5772879,28.5619681,1268.246
          -80.5772891,28.5619662,1280.872
          -80.5772903,28.5619644,1293.408
          -80.5772915,28.5619625,1305.855
          -80.5772926,28.5619608,1318.215
          -80.5772937,28.5619590,1330.488
          -80.5772948,28.5619573,1342.677
          -80.5772958,28.5619557,1354.782
          -80.5772969,28.5619540,1366.805
          -80.5772979,28.5619524,1378.746
          -80.5772989,28.5619508,1390.607
          -80.5772998,28.5619493,1402.389
          -80.5773008,28.5619478,1414.092
          -80.5773017,28.5619463,1425.719
          -80.5773026,28.5619448,1437.269
          -80.5773035,28.5619434,1448.743
          -80.5773043,28.5619420,1460.144
          -80.5773052,28.5619407,1471.471
          -80.5773060,28.5619393,1482.725
          -80.5773068,28.5619380,1493.907
          -80.5773075,28.5619368,1505.019
          -80.5773083,28.5619355,1516.060
          -80.5773090,28.5619343,1527.032
          -80.5773098,28.5619331,1537.935
          -80.5773105,28.5619319,1548.770
          -80.5773111,28.5619308,1559.538
          -80.5773118,28.5619296,1570.239
          -80.5773125,28.5619285,1580.875
          -80.5773131,28.5619275,1591.445
          -80.5773137,28.5619264,1601.951
          -80.5773143,28.5619254,1612.393
          -80.5773149,28.5619244,1622.771
          -80.5773155,28.5619234,1633.087
          -80.5773160,28.5619225,1643.341
          -80.5773166,28.5619216,1653.534
          -80.5773171,28.5619207,1663.665
          -80.5773176,28.5619198,1673.737
          -80.5773181,28.5619189,1683.748
          -80.5773186,28.5619181,1693.700
          -80.5773190,28.5619173,1703.594
          -80.5773195,28.5619165,1713.429
          -80.5773199,28.5619157,1723.207
          -80.5773203,28.5619150,1732.927
          -80.5773207,28.5619142,1742.591
          -80.5773211,28.5619136,1752.198
          -80.5773214,28.5619130,1759.905
          -80.5773218,28.5619123,1769.412
          -80.5773221,28.5619117,1777.562
          -80.5773225,28.5619111,1786.966
          -80.5773228,28.5619105,1796.317
          -80.5773231,28.5619099,1805.614
          -80.5773235,28.5619093,1814.857
          -80.5773238,28.5619088,1824.048
          -80.5773240,28.5619083,1833.186
          -80.5773243,28.5619077,1842.272
          -80.5773246,28.5619072,1851.306
          -80.5773249,28.5619067,1860.289
          -80.5773251,28.5619063,1869.221
          -80.5773253,28.5619058,1878.102
          -80.5773256,28.5619054,1886.933
          -80.5773258,28.5619050,1895.714
          -80.5773260,28.5619046,1904.446
          -80.5773262,28.5619042,1913.128
          -80.5773264,28.5619039,1921.762
          -80.5773266,28.5619035,1930.347
          -80.5773268,28.5619032,1938.884
          -80.5773269,28.5619029,1947.373
          -80.5773271,28.5619025,1955.814
          -80.5773272,28.5619023,1963.971
          -80.5773273,28.5619021,1970.756
          -80.5773274,28.5619019,1979.067
          -80.5773275,28.5619017,1983.707
          -80.5773276,28.5619016,1988.535
          -80.5773277,28.5619013,1995.746
          -80.5773278,28.5619012,2002.520
          -80.5773279,28.5619011,2007.512
          -80.5773280,28.5619009,2014.969
          -80.5773280,28.5619008,2022.020
          -80.5773281,28.5619006,2028.289
          -80.5773282,28.5619004,2036.279
          -80.5773283,28.5619003,2044.224
          -80.5773283,28.5619002,2052.126
          -80.5773284,28.5619001,2059.984
          -80.5773285,28.5619000,2067.798
          -80.5773285,28.5618999,2075.568
          -80.5773285,28.5618998,2083.296
          -80.5773286,28.5618997,2090.980
          -80.5773286,28.5618997,2098.622
          -80.5773286,28.5618997,2106.222
          -80.5773286,28.5618996,2113.779
          -80.5773286,28.5618996,2121.294
          -80.5773286,28.5618996,2128.768
          -80.5773286,28.5618997,2136.200
          -80.5773286,28.5618997,2143.590
          -80.5773286,28.5618997,2150.940
          -80.5773286,28.5618998,2158.249
          -80.5773286,28.5618998,2165.516
          -80.5773285,28.5618999,2172.744
          -80.5773285,28.5619000,2179.931
          -80.5773285,28.5619001,2187.079
          -80.5773284,28.5619002,2194.186
          -80.5773284,28.5619003,2201.254
          -80.5773283,28.5619004,2208.282
          -80.5773282,28.5619005,2215.271
          -80.5773282,28.5619007,2222.222
          -80.5773281,28.5619009,2229.133
          -80.5773280,28.5619010,2236.005
          -80.5773279,28.5619012,2242.839
          -80.5773278,28.5619014,2249.635
          -80.5773278,28.5619016,2256.392
          -80.5773277,28.5619018,2263.112
          -80.5773276,28.5619020,2269.794
          -80.5773274,28.5619023,2276.438
          -80.5773273,28.5619025,2283.045
          -80.5773272,28.5619028,2289.614
          -80.5773271,28.5619030,2296.146
          -80.5773270,28.5619033,2302.642
          -80.5773268,28.5619036,2309.100
          -80.5773267,28.5619039,2315.521
          -80.5773266,28.5619042,2321.907
          -80.5773264,28.5619045,2328.255
          -80.5773263,28.5619048,2334.568
          -80.5773262,28.5619051,2340.844
          -80.5773260,28.5619054,2347.085
          -80.5773259,28.5619058,2353.289
          -80.5773257,28.5619061,2359.459
          -80.5773255,28.5619065,2365.592
          -80.5773254,28.5619068,2371.691
          -80.5773252,28.5619072,2377.754
          -80.5773250,28.5619076,2383.782
          -80.5773248,28.5619080,2389.776
          -80.5773247,28.5619084,2395.734
          -80.5773245,28.5619088,2401.658
          -80.5773243,28.5619092,2407.547
          -80.5773241,28.5619096,2413.402
          -80.5773240,28.5619098,2415.423
          -80.5773239,28.5619100,2418.448
          -80.5773238,28.5619103,2422.967
          -80.5773236,28.5619108,2428.731
          -80.5773234,28.5619113,2434.462
          -80.5773232,28.5619117,2440.159
          -80.5773229,28.5619122,2445.822
          -80.5773227,28.5619127,2451.452
          -80.5773225,28.5619132,2457.048
          -80.5773223,28.5619137,2462.610
          -80.5773221,28.5619141,2468.140
          -80.5773219,28.5619146,2473.636
          -80.5773216,28.5619152,2479.100
          -80.5773214,28.5619157,2484.530
          -80.5773212,28.5619162,2489.928
          -80.5773210,28.5619167,2495.293
          -80.5773207,28.5619172,2500.625
          -80.5773205,28.5619178,2505.926
          -80.5773202,28.5619184,2511.194
          -80.5773200,28.5619189,2516.430
          -80.5773197,28.5619195,2521.633
          -80.5773195,28.5619201,2526.805
          -80.5773192,28.5619206,2531.944
          -80.5773190,28.5619212,2537.051
          -80.5773187,28.5619217,2542.127
          -80.5773185,28.5619223,2547.172
          -80.5773182,28.5619230,2552.185
          -80.5773179,28.5619236,2557.166
          -80.5773176,28.5619242,2562.117
          -80.5773174,28.5619248,2567.036
          -80.5773171,28.5619255,2571.923
          -80.5773168,28.5619261,2576.780
          -80.5773165,28.5619267,2581.605
          -80.5773163,28.5619273,2586.400
          -80.5773160,28.5619280,2591.164
          -80.5773157,28.5619287,2595.898
          -80.5773154,28.5619293,2600.601
          -80.5773151,28.5619300,2605.273
          -80.5773148,28.5619307,2609.915
          -80.5773145,28.5619314,2614.526
          -80.5773142,28.5619320,2619.107
          -80.5773139,28.5619327,2623.658
          -80.5773136,28.5619334,2628.178
          -80.5773133,28.5619341,2632.669
          -80.5773130,28.5619348,2637.130
          -80.5773126,28.5619355,2641.561
          -80.5773123,28.5619362,2645.962
          -80.5773120,28.5619369,2650.333
          -80.5773117,28.5619376,2654.674
          -80.5773114,28.5619383,2658.986
          -80.5773111,28.5619390,2663.268
          -80.5773109,28.5619396,2666.250
          -80.5773105,28.5619403,2670.482
          -80.5773102,28.5619411,2674.686
          -80.5773099,28.5619418,2678.860
          -80.5773095,28.5619426,2683.005
          -80.5773092,28.5619434,2687.121
          -80.5773089,28.5619441,2691.207
          -80.5773085,28.5619449,2695.265
          -80.5773082,28.5619456,2699.293
          -80.5773079,28.5619464,2703.293
          -80.5773075,28.5619471,2707.264
          -80.5773072,28.5619479,2711.206
          -80.5773068,28.5619487,2715.120
          -80.5773065,28.5619495,2719.006
          -80.5773061,28.5619503,2722.863
          -80.5773057,28.5619512,2726.691
          -80.5773054,28.5619520,2730.491
          -80.5773050,28.5619528,2734.263
          -80.5773047,28.5619536,2738.006
          -80.5773043,28.5619544,2741.721
          -80.5773040,28.5619552,2745.407
          -80.5773036,28.5619560,2749.066
          -80.5773033,28.5619568,2752.696
          -80.5773029,28.5619576,2756.299
          -80.5773025,28.5619584,2759.874
          -80.5773021,28.5619593,2763.421
          -80.5773018,28.5619602,2766.941
          -80.5773014,28.5619610,2770.433
          -80.5773010,28.5619619,2773.897
          -80.5773006,28.5619628,2777.333
          -80.5773003,28.5619636,2780.741
          -80.5772999,28.5619644,2784.122
          -80.5772995,28.5619653,2787.475
          -80.5772991,28.5619661,2790.800
          -80.5772988,28.5619670,2794.099
          -80.5772984,28.5619678,2797.370
          -80.5772980,28.5619687,2800.613
          -80.5772976,28.5619696,2803.830
          -80.5772972,28.5619705,2807.020
          -80.5772968,28.5619714,2810.183
          -80.5772964,28.5619723,2813.318
          -80.5772960,28.5619732,2816.427
          -80.5772956,28.5619741,2819.509
          -80.5772952,28.5619751,2822.563
          -80.5772948,28.5619760,2825.590
          -80.5772944,28.5619769,2828.591
          -80.5772940,28.5619778,2831.564
          -80.5772936,28.5619787,2834.511
          -80.5772932,28.5619796,2837.431
          -80.5772928,28.5619805,2840.324
          -80.5772923,28.5619814,2843.191
          -80.5772919,28.5619824,2846.031
          -80.5772915,28.5619833,2848.845
          -80.5772911,28.5619842,2851.631
          -80.5772907,28.5619851,2854.392
          -80.5772903,28.5619861,2857.126
          -80.5772899,28.5619870,2859.833
          -80.5772895,28.5619879,2862.514
          -80.5772891,28.5619889,2865.169
          -80.5772887,28.5619898,2867.797
          -80.5772882,28.5619907,2870.399
          -80.5772878,28.5619917,2872.975
          -80.5772874,28.5619926,2875.525
          -80.5772870,28.5619936,2878.049
          -80.5772865,28.5619946,2880.546
          -80.5772861,28.5619955,2883.018
          -80.5772857,28.5619965,2885.464
          -80.5772852,28.5619975,2887.883
          -80.5772848,28.5619985,2890.277
          -80.5772844,28.5619994,2892.645
          -80.5772839,28.5620004,2894.987
          -80.5772835,28.5620014,2897.303
          -80.5772830,28.5620024,2899.593
          -80.5772826,28.5620034,2901.857
          -80.5772822,28.5620044,2904.095
          -80.5772817,28.5620054,2906.308
          -80.5772813,28.5620064,2908.495
          -80.5772808,28.5620074,2910.655
          -80.5772804,28.5620084,2912.791
          -80.5772800,28.5620093,2914.900
          -80.5772795,28.5620103,2916.984
          -80.5772791,28.5620113,2919.042
          -80.5772786,28.5620123,2921.075
          -80.5772782,28.5620133,2923.082
          -80.5772778,28.5620143,2925.064
          -80.5772773,28.5620153,2927.021
          -80.5772768,28.5620163,2928.952
          -80.5772764,28.5620174,2930.858
          -80.5772759,28.5620184,2932.739
          -80.5772755,28.5620194,2934.594
          -80.5772750,28.5620205,2936.424
          -80.5772745,28.5620215,2938.228
          -80.5772741,28.5620226,2940.008
          -80.5772736,28.5620236,2941.762
          -80.5772731,28.5620246,2943.491
          -80.5772727,28.5620257,2945.195
          -80.5772722,28.5620268,2946.874
          -80.5772717,28.5620278,2948.527
          -80.5772712,28.5620289,2950.155
          -80.5772708,28.5620299,2951.758
          -80.5772703,28.5620310,2953.335
          -80.5772698,28.5620320,2954.888
          -80.5772694,28.5620331,2956.414
          -80.5772689,28.5620341,2957.916
          -80.5772685,28.5620351,2959.393
          -80.5772680,28.5620362,2960.844
          -80.5772675,28.5620372,2962.270
          -80.5772671,28.5620382,2963.671
          -80.5772666,28.5620393,2965.047
          -80.5772662,28.5620403,2966.398
          -80.5772657,28.5620413,2967.725
          -80.5772652,28.5620424,2969.027
          -80.5772648,28.5620435,2970.304
          -80.5772643,28.5620445,2971.557
          -80.5772638,28.5620456,2972.785
          -80.5772633,28.5620467,2973.988
          -80.5772628,28.5620478,2975.167
          -80.5772623,28.5620489,2976.322
          -80.5772618,28.5620500,2977.451
          -80.5772613,28.5620511,2978.557
          -80.5772608,28.5620522,2979.637
          -80.5772603,28.5620534,2980.693
          -80.5772598,28.5620545,2981.725
          -80.5772593,28.5620556,2982.731
          -80.5772588,28.5620568,2983.713
          -80.5772583,28.5620579,2984.671
          -80.5772577,28.5620591,2985.604
          -80.5772572,28.5620602,2986.512
          -80.5772567,28.5620613,2987.396
          -80.5772562,28.5620625,2988.255
          -80.5772557,28.5620636,2989.089
          -80.5772552,28.5620648,2989.899
          -80.5772546,28.5620659,2990.683
          -80.5772541,28.5620671,2991.444
          -80.5772536,28.5620682,2992.180
          -80.5772531,28.5620694,2992.891
          -80.5772526,28.5620705,2993.577
          -80.5772520,28.5620717,2994.240
          -80.5772515,28.5620729,2994.878
          -80.5772510,28.5620740,2995.491
          -80.5772505,28.5620752,2996.080
          -80.5772499,28.5620764,2996.645
          -80.5772494,28.5620775,2997.185
          -80.5772489,28.5620787,2997.701
          -80.5772484,28.5620799,2998.193
          -80.5772478,28.5620811,2998.661
          -80.5772473,28.5620823,2999.104
          -80.5772467,28.5620835,2999.524
          -80.5772462,28.5620847,2999.919
          -80.5772456,28.5620859,3000.290
          -80.5772451,28.5620871,3000.638
          -80.5772445,28.5620883,3000.961
          -80.5772440,28.5620895,3001.260
          -80.5772434,28.5620907,3001.535
          -80.5772429,28.5620920,3001.787
          -80.5772423,28.5620932,3002.015
          -80.5772417,28.5620945,3002.220
          -80.5772412,28.5620957,3002.401
          -80.5772406,28.5620970,3002.559
          -80.5772400,28.5620983,3002.693
          -80.5772394,28.5620995,3002.804
          -80.5772388,28.5621008,3002.892
          -80.5772382,28.5621021,3002.956
          -80.5772376,28.5621034,3002.998
          -80.5772370,28.5621047,3003.016
          -80.5772364,28.5621061,3003.011
          -80.5772358,28.5621074,3002.983
          -80.5772352,28.5621087,3002.932
          -80.5772346,28.5621100,3002.857
          -80.5772340,28.5621114,3002.761
          -80.5772333,28.5621127,3002.641
          -80.5772327,28.5621141,3002.499
          -80.5772321,28.5621155,3002.335
          -80.5772314,28.5621168,3002.148
          -80.5772308,28.5621182,3001.939
          -80.5772302,28.5621196,3001.708
          -80.5772295,28.5621210,3001.456
          -80.5772289,28.5621224,3001.181
          -80.5772282,28.5621238,3000.884
          -80.5772276,28.5621252,3000.565
          -80.5772269,28.5621266,3000.223
          -80.5772263,28.5621280,2999.860
          -80.5772256,28.5621294,2999.476
          -80.5772250,28.5621308,2999.070
          -80.5772243,28.5621322,2998.642
          -80.5772237,28.5621336,2998.194
          -80.5772230,28.5621350,2997.725
          -80.5772224,28.5621364,2997.235
          -80.5772217,28.5621378,2996.726
          -80.5772211,28.5621392,2996.198
          -80.5772204,28.5621406,2995.650
          -80.5772198,28.5621419,2995.083
          -80.5772192,28.5621433,2994.498
          -80.5772186,28.5621447,2993.894
          -80.5772179,28.5621460,2993.270
          -80.5772173,28.5621473,2992.629
          -80.5772167,28.5621486,2991.968
          -80.5772161,28.5621499,2991.290
          -80.5772156,28.5621512,2990.592
          -80.5772150,28.5621524,2989.876
          -80.5772144,28.5621536,2989.141
          -80.5772139,28.5621548,2988.388
          -80.5772134,28.5621560,2987.616
          -80.5772129,28.5621571,2986.824
          -80.5772124,28.5621582,2986.013
          -80.5772119,28.5621592,2985.193
          -80.5772115,28.5621602,2984.394
          -80.5772111,28.5621611,2983.605
          -80.5772107,28.5621620,2982.816
          -80.5772104,28.5621629,2982.019
          -80.5772100,28.5621637,2981.204
          -80.5772096,28.5621646,2980.360
          -80.5772092,28.5621654,2979.485
          -80.5772088,28.5621663,2978.552
          -80.5772084,28.5621673,2977.541
          -80.5772080,28.5621682,2976.619
          -80.5772076,28.5621691,2975.785
          -80.5772073,28.5621698,2975.016
          -80.5772070,28.5621705,2974.312
          -80.5772067,28.5621712,2973.645
          -80.5772063,28.5621719,2972.984
          -80.5772060,28.5621726,2972.330
          -80.5772057,28.5621733,2971.684
          -80.5772054,28.5621740,2971.038
          -80.5772050,28.5621748,2970.389
          -80.5772047,28.5621755,2969.726
          -80.5772043,28.5621763,2969.048
          -80.5772040,28.5621771,2968.359
          -80.5772036,28.5621780,2967.655
          -80.5772032,28.5621788,2966.933
          -80.5772027,28.5621798,2966.172
          -80.5772022,28.5621808,2965.354
          -80.5772017,28.5621819,2964.461
          -80.5772011,28.5621832,2963.453
          -80.5772004,28.5621847,2962.246
          -80.5771995,28.5621864,2960.883
          -80.5771987,28.5621882,2959.495
          -80.5771979,28.5621899,2958.083
          -80.5771970,28.5621917,2956.647
          -80.5771962,28.5621934,2955.188
          -80.5771954,28.5621951,2953.706
          -80.5771947,28.5621965,2952.460
          -80.5771942,28.5621977,2951.390
          -80.5771937,28.5621987,2950.431
          -80.5771933,28.5621996,2949.538
          -80.5771928,28.5622005,2948.683
          -80.5771925,28.5622013,2947.852
          -80.5771921,28.5622021,2947.036
          -80.5771917,28.5622028,2946.213
          -80.5771914,28.5622036,2945.363
          -80.5771910,28.5622044,2944.482
          -80.5771907,28.5622052,2943.557
          -80.5771903,28.5622060,2942.561
          -80.5771899,28.5622069,2941.450
          -80.5771894,28.5622079,2940.129
          -80.5771888,28.5622091,2938.442
          -80.5771883,28.5622104,2936.732
          -80.5771877,28.5622116,2934.999
          -80.5771871,28.5622129,2933.241
          -80.5771865,28.5622142,2931.459
          -80.5771860,28.5622152,2930.093
          -80.5771856,28.5622161,2928.906
          -80.5771853,28.5622169,2927.813
          -80.5771849,28.5622177,2926.789
          -80.5771845,28.5622185,2925.793
          -80.5771841,28.5622193,2924.781
          -80.5771838,28.5622201,2923.755
          -80.5771834,28.5622209,2922.731
          -80.5771829,28.5622218,2921.660
          -80.5771825,28.5622228,2920.481
          -80.5771819,28.5622240,2919.146
          -80.5771813,28.5622254,2917.510
          -80.5771804,28.5622271,2915.526
          -80.5771796,28.5622288,2913.518
          -80.5771788,28.5622305,2911.486
          -80.5771780,28.5622322,2909.432
          -80.5771772,28.5622339,2907.355
          -80.5771766,28.5622351,2905.776
          -80.5771761,28.5622362,2904.407
          -80.5771757,28.5622371,2903.156
          -80.5771753,28.5622380,2901.972
          -80.5771749,28.5622388,2900.782
          -80.5771745,28.5622396,2899.550
          -80.5771740,28.5622405,2898.234
          -80.5771736,28.5622415,2896.710
          -80.5771729,28.5622429,2894.611
          -80.5771723,28.5622443,2892.383
          -80.5771716,28.5622457,2890.131
          -80.5771710,28.5622471,2887.856
          -80.5771703,28.5622485,2885.557
          -80.5771698,28.5622496,2883.820
          -80.5771692,28.5622508,2882.069
          -80.5771687,28.5622520,2880.275
          -80.5771681,28.5622532,2878.428
          -80.5771674,28.5622545,2876.431
          -80.5771667,28.5622562,2874.018
          -80.5771659,28.5622578,2871.581
          -80.5771651,28.5622595,2869.122
          -80.5771643,28.5622611,2866.639
          -80.5771635,28.5622628,2864.134
          -80.5771627,28.5622644,2861.607
          -80.5771620,28.5622660,2859.164
          -80.5771613,28.5622674,2856.835
          -80.5771607,28.5622687,2854.727
          -80.5771600,28.5622701,2852.322
          -80.5771593,28.5622716,2849.694
          -80.5771586,28.5622731,2847.043
          -80.5771579,28.5622746,2844.369
          -80.5771572,28.5622761,2841.673
          -80.5771565,28.5622776,2838.954
          -80.5771558,28.5622790,2836.499
          -80.5771552,28.5622803,2834.152
          -80.5771545,28.5622817,2831.738
          -80.5771538,28.5622832,2829.301
          -80.5771530,28.5622849,2826.479
          -80.5771522,28.5622866,2823.636
          -80.5771514,28.5622883,2820.769
          -80.5771505,28.5622899,2817.881
          -80.5771498,28.5622915,2815.146
          -80.5771492,28.5622928,2812.838
          -80.5771485,28.5622942,2810.286
          -80.5771478,28.5622958,2807.320
          -80.5771470,28.5622973,2804.333
          -80.5771463,28.5622989,2801.323
          -80.5771455,28.5623004,2798.292
          -80.5771448,28.5623020,2795.238
          -80.5771440,28.5623036,2792.163
          -80.5771433,28.5623050,2789.420
          -80.5771427,28.5623063,2786.950
          -80.5771420,28.5623079,2784.009
          -80.5771411,28.5623096,2780.853
          -80.5771403,28.5623113,2777.675
          -80.5771395,28.5623130,2774.475
          -80.5771387,28.5623147,2771.254
          -80.5771379,28.5623164,2768.012
          -80.5771371,28.5623180,2764.748
          -80.5771363,28.5623196,2761.464
          -80.5771355,28.5623212,2758.158
          -80.5771347,28.5623229,2754.830
          -80.5771340,28.5623245,2751.481
          -80.5771332,28.5623261,2748.110
          -80.5771324,28.5623278,2744.718
          -80.5771316,28.5623294,2741.402
          -80.5771308,28.5623311,2737.967
          -80.5771299,28.5623328,2734.510
          -80.5771291,28.5623346,2731.032
          -80.5771282,28.5623363,2727.533
          -80.5771274,28.5623381,2724.014
          -80.5771266,28.5623397,2720.580
          -80.5771258,28.5623414,2717.019
          -80.5771250,28.5623430,2713.438
          -80.5771242,28.5623447,2709.836
          -80.5771234,28.5623463,2706.213
          -80.5771226,28.5623480,2702.569
          -80.5771217,28.5623497,2698.904
          -80.5771209,28.5623515,2695.218
          -80.5771200,28.5623532,2691.510
          -80.5771192,28.5623549,2687.782
          -80.5771183,28.5623567,2684.034
          -80.5771175,28.5623584,2680.265
          -80.5771167,28.5623602,2676.475
          -80.5771158,28.5623619,2672.666
          -80.5771150,28.5623635,2668.836
          -80.5771142,28.5623652,2664.985
          -80.5771134,28.5623669,2661.114
          -80.5771125,28.5623687,2657.223
          -80.5771117,28.5623704,2653.346
          -80.5771108,28.5623722,2649.414
          -80.5771099,28.5623740,2645.461
          -80.5771090,28.5623758,2641.488
          -80.5771082,28.5623776,2637.495
          -80.5771073,28.5623793,2633.657
          -80.5771066,28.5623808,2630.220
          -80.5771058,28.5623825,2626.172
          -80.5771049,28.5623842,2622.104
          -80.5771041,28.5623860,2618.016
          -80.5771032,28.5623877,2613.907
          -80.5771024,28.5623895,2609.868
          -80.5771015,28.5623913,2605.720
          -80.5771006,28.5623932,2601.552
          -80.5770997,28.5623950,2597.364
          -80.5770988,28.5623968,2593.157
          -80.5770979,28.5623986,2588.931
          -80.5770970,28.5624004,2584.685
          -80.5770961,28.5624022,2580.420
          -80.5770953,28.5624040,2576.136
          -80.5770944,28.5624058,2571.832
          -80.5770935,28.5624076,2567.509
          -80.5770926,28.5624094,2563.167
          -80.5770917,28.5624112,2558.805
          -80.5770908,28.5624131,2554.423
          -80.5770899,28.5624149,2550.023
          -80.5770890,28.5624168,2545.603
          -80.5770881,28.5624186,2541.165
          -80.5770872,28.5624204,2536.708
          -80.5770863,28.5624223,2532.232
          -80.5770854,28.5624241,2527.737
          -80.5770845,28.5624260,2523.223
          -80.5770836,28.5624278,2518.690
          -80.5770826,28.5624297,2514.138
          -80.5770817,28.5624316,2509.568
          -80.5770808,28.5624334,2504.979
          -80.5770799,28.5624353,2500.371
          -80.5770789,28.5624372,2495.745
          -80.5770780,28.5624391,2491.101
          -80.5770771,28.5624410,2486.438
          -80.5770762,28.5624429,2481.756
          -80.5770752,28.5624448,2477.057
          -80.5770743,28.5624467,2472.339
          -80.5770733,28.5624486,2467.603
          -80.5770724,28.5624505,2462.848
          -80.5770715,28.5624524,2458.076
          -80.5770705,28.5624543,2453.286
          -80.5770696,28.5624562,2448.477
          -80.5770687,28.5624581,2443.651
          -80.5770677,28.5624600,2438.806
          -80.5770667,28.5624620,2433.944
          -80.5770658,28.5624640,2429.063
          -80.5770648,28.5624659,2424.165
          -80.5770638,28.5624678,2419.250
          -80.5770629,28.5624698,2414.317
          -80.5770619,28.5624717,2409.367
          -80.5770610,28.5624736,2404.399
          -80.5770600,28.5624756,2399.413
          -80.5770590,28.5624776,2394.410
          -80.5770581,28.5624796,2389.389
          -80.5770571,28.5624816,2384.351
          -80.5770561,28.5624836,2379.296
          -80.5770551,28.5624855,2374.224
          -80.5770541,28.5624875,2369.134
          -80.5770531,28.5624895,2364.028
          -80.5770522,28.5624915,2358.905
          -80.5770512,28.5624935,2353.764
          -80.5770502,28.5624955,2348.607
          -80.5770492,28.5624975,2343.433
          -80.5770482,28.5624996,2338.241
          -80.5770472,28.5625016,2333.034
          -80.5770462,28.5625036,2327.809
          -80.5770452,28.5625056,2322.568
          -80.5770442,28.5625076,2317.311
          -80.5770432,28.5625096,2312.036
          -80.5770422,28.5625117,2306.746
          -80.5770411,28.5625137,2301.438
          -80.5770401,28.5625158,2296.115
          -80.5770391,28.5625179,2290.775
          -80.5770381,28.5625199,2285.419
          -80.5770370,28.5625220,2280.046
          -80.5770360,28.5625241,2274.658
          -80.5770350,28.5625261,2269.253
          -80.5770339,28.5625282,2263.833
          -80.5770329,28.5625303,2258.396
          -80.5770319,28.5625324,2252.944
          -80.5770308,28.5625345,2247.475
          -80.5770298,28.5625366,2241.991
          -80.5770287,28.5625387,2236.491
          -80.5770277,28.5625408,2230.976
          -80.5770266,28.5625429,2225.445
          -80.5770256,28.5625450,2219.898
          -80.5770245,28.5625472,2214.336
          -80.5770234,28.5625493,2208.758
          -80.5770224,28.5625514,2203.165
          -80.5770213,28.5625536,2197.557
          -80.5770202,28.5625557,2191.933
          -80.5770192,28.5625579,2186.294
          -80.5770181,28.5625600,2180.640
          -80.5770170,28.5625622,2174.970
          -80.5770159,28.5625643,2169.286
          -80.5770148,28.5625665,2163.587
          -80.5770137,28.5625687,2157.873
          -80.5770126,28.5625708,2152.144
          -80.5770115,28.5625730,2146.399
          -80.5770104,28.5625752,2140.641
          -80.5770093,28.5625774,2134.867
          -80.5770082,28.5625796,2129.079
          -80.5770071,28.5625818,2123.277
          -80.5770060,28.5625840,2117.459
          -80.5770049,28.5625863,2111.627
          -80.5770038,28.5625885,2105.781
          -80.5770026,28.5625908,2099.921
          -80.5770015,28.5625930,2094.046
          -80.5770004,28.5625952,2088.157
          -80.5769993,28.5625974,2082.254
          -80.5769981,28.5625997,2076.337
          -80.5769970,28.5626020,2070.405
          -80.5769958,28.5626042,2064.460
          -80.5769947,28.5626065,2058.500
          -80.5769935,28.5626087,2052.527
          -80.5769924,28.5626110,2046.540
          -80.5769912,28.5626133,2040.539
          -80.5769901,28.5626156,2034.524
          -80.5769889,28.5626179,2028.496
          -80.5769877,28.5626202,2022.454
          -80.5769865,28.5626225,2016.399
          -80.5769854,28.5626248,2010.330
          -80.5769842,28.5626271,2004.248
          -80.5769830,28.5626294,1998.152
          -80.5769818,28.5626318,1992.043
          -80.5769806,28.5626341,1985.920
          -80.5769794,28.5626365,1979.785
          -80.5769782,28.5626388,1973.636
          -80.5769770,28.5626411,1967.474
          -80.5769758,28.5626435,1961.300
          -80.5769746,28.5626458,1955.112
          -80.5769734,28.5626482,1948.911
          -80.5769722,28.5626506,1942.697
          -80.5769709,28.5626530,1936.471
          -80.5769697,28.5626554,1930.232
          -80.5769685,28.5626577,1923.980
          -80.5769672,28.5626601,1917.716
          -80.5769660,28.5626625,1911.439
          -80.5769648,28.5626649,1905.150
          -80.5769635,28.5626673,1898.848
          -80.5769622,28.5626698,1892.533
          -80.5769610,28.5626722,1886.207
          -80.5769597,28.5626746,1879.868
          -80.5769585,28.5626771,1873.516
          -80.5769572,28.5626795,1867.153
          -80.5769559,28.5626820,1860.778
          -80.5769546,28.5626844,1854.390
          -80.5769533,28.5626869,1847.991
          -80.5769521,28.5626893,1841.580
          -80.5769508,28.5626918,1835.156
          -80.5769495,28.5626943,1828.721
          -80.5769481,28.5626968,1822.274
          -80.5769468,28.5626993,1815.815
          -80.5769466,28.5626998,1814.556
          -80.5769462,28.5627005,1812.667
          -80.5769456,28.5627016,1809.832
          -80.5769447,28.5627032,1805.577
          -80.5769435,28.5627056,1799.378
          -80.5769428,28.5627069,1796.068
          -80.5769423,28.5627078,1793.717
          -80.5769420,28.5627085,1791.920
          -80.5769417,28.5627091,1790.470
          -80.5769414,28.5627095,1789.246
          -80.5769412,28.5627099,1788.179
          -80.5769410,28.5627103,1787.230
          -80.5769408,28.5627106,1786.376
          -80.5769407,28.5627109,1785.597
          -80.5769405,28.5627112,1784.880
          -80.5769404,28.5627114,1784.215
          -80.5769403,28.5627117,1783.595
          -80.5769402,28.5627119,1783.015
          -80.5769401,28.5627121,1782.468
          -80.5769400,28.5627123,1781.951
          -80.5769399,28.5627125,1781.461
          -80.5769398,28.5627126,1780.994
          -80.5769397,28.5627128,1780.548
          -80.5769396,28.5627129,1780.121
          -80.5769395,28.5627131,1779.712
          -80.5769395,28.5627132,1779.319
          -80.5769394,28.5627134,1778.940
          -80.5769393,28.5627135,1778.575
          -80.5769393,28.5627136,1778.223
          -80.5769392,28.5627138,1777.882
          -80.5769391,28.5627139,1777.552
          -80.5769391,28.5627140,1777.227
          -80.5769390,28.5627141,1776.902
          -80.5769390,28.5627142,1776.577
          -80.5769389,28.5627143,1776.252
          -80.5769389,28.5627144,1775.927
          -80.5769388,28.5627145,1775.602
          -80.5769387,28.5627146,1775.278
          -80.5769387,28.5627148,1774.953
          -80.5769386,28.5627149,1774.628
          -80.5769386,28.5627150,1774.303
          -80.5769385,28.5627151,1773.979
          -80.5769385,28.5627152,1773.654
          -80.5769384,28.5627153,1773.329
          -80.5769384,28.5627154,1773.005
          -80.5769383,28.5627155,1772.680
          -80.5769383,28.5627156,1772.356
          -80.5769382,28.5627157,1772.031
          -80.5769382,28.5627158,1771.707
          -80.5769381,28.5627159,1771.382
          -80.5769381,28.5627160,1771.058
          -80.5769380,28.5627161,1770.734
          -80.5769380,28.5627162,1770.410
          -80.5769379,28.5627162,1770.086
          -80.5769379,28.5627163,1769.762
          -80.5769379,28.5627164,1769.438
          -80.5769378,28.5627165,1769.115
          -80.5769378,28.5627166,1768.791
          -80.5769378,28.5627167,1768.468
          -80.5769377,28.5627167,1768.145
          -80.5769377,28.5627168,1767.822
          -80.5769377,28.5627169,1767.499
          -80.5769376,28.5627169,1767.177
          -80.5769376,28.5627170,1766.854
          -80.5769376,28.5627171,1766.532
          -80.5769376,28.5627171,1766.210
          -80.5769375,28.5627172,1765.888
          -80.5769375,28.5627172,1765.567
          -80.5769375,28.5627173,1765.246
          -80.5769375,28.5627173,1764.925
          -80.5769375,28.5627174,1764.605
          -80.5769375,28.5627174,1764.285
          -80.5769375,28.5627174,1763.966
          -80.5769375,28.5627175,1763.646
          -80.5769375,28.5627175,1763.328
          -80.5769375,28.5627175,1763.010
          -80.5769375,28.5627175,1762.692
          -80.5769375,28.5627175,1762.375
          -80.5769375,28.5627175,1762.059
          -80.5769375,28.5627175,1761.743
          -80.5769375,28.5627175,1761.428
          -80.5769375,28.5627175,1761.114
          -80.5769376,28.5627175,1760.800
          -80.5769376,28.5627175,1760.488
          -80.5769376,28.5627175,1760.176
          -80.5769377,28.5627175,1759.865
          -80.5769377,28.5627174,1759.555
          -80.5769377,28.5627174,1759.246
          -80.5769378,28.5627173,1758.938
          -80.5769378,28.5627173,1758.631
          -80.5769379,28.5627172,1758.325
          -80.5769379,28.5627172,1758.021
          -80.5769380,28.5627171,1757.718
          -80.5769380,28.5627171,1757.416
          -80.5769381,28.5627170,1757.115
          -80.5769382,28.5627169,1756.816
          -80.5769382,28.5627168,1756.518
          -80.5769383,28.5627168,1756.221
          -80.5769384,28.5627167,1755.926
          -80.5769384,28.5627166,1755.633
          -80.5769385,28.5627165,1755.341
          -80.5769386,28.5627164,1755.050
          -80.5769387,28.5627163,1754.761
          -80.5769387,28.5627163,1754.474
          -80.5769388,28.5627162,1754.188
          -80.5769389,28.5627161,1753.873
          -80.5769390,28.5627159,1753.499
          -80.5769391,28.5627158,1753.058
          -80.5769392,28.5627157,1752.622
          -80.5769393,28.5627155,1752.190
          -80.5769394,28.5627154,1751.763
          -80.5769395,28.5627153,1751.337
          -80.5769396,28.5627152,1750.914
          -80.5769397,28.5627151,1750.534
          -80.5769397,28.5627151,1750.231
          -80.5769398,28.5627150,1749.967
          -80.5769398,28.5627150,1749.703
          -80.5769399,28.5627149,1749.441
          -80.5769399,28.5627149,1749.179
          -80.5769399,28.5627148,1748.919
          -80.5769400,28.5627148,1748.659
          -80.5769400,28.5627148,1748.400
          -80.5769400,28.5627148,1748.141
          -80.5769400,28.5627148,1747.884
          -80.5769400,28.5627148,1747.627
          -80.5769401,28.5627148,1747.370
          -80.5769401,28.5627148,1747.114
          -80.5769401,28.5627148,1746.859
          -80.5769401,28.5627148,1746.603
          -80.5769401,28.5627148,1746.349
          -80.5769401,28.5627148,1746.094
          -80.5769401,28.5627149,1745.840
          -80.5769401,28.5627149,1745.586
          -80.5769401,28.5627149,1745.333
          -80.5769401,28.5627149,1745.079
          -80.5769400,28.5627150,1744.826
          -80.5769400,28.5627150,1744.573
          -80.5769400,28.5627151,1744.320
          -80.5769400,28.5627151,1744.068
          -80.5769400,28.5627152,1743.815
          -80.5769399,28.5627152,1743.563
          -80.5769399,28.5627153,1743.310
          -80.5769399,28.5627153,1743.058
          -80.5769399,28.5627154,1742.805
          -80.5769398,28.5627154,1742.553
          -80.5769398,28.5627155,1742.301
          -80.5769398,28.5627156,1742.049
          -80.5769398,28.5627156,1741.796
          -80.5769397,28.5627157,1741.544
          -80.5769397,28.5627158,1741.292
          -80.5769397,28.5627158,1741.039
          -80.5769396,28.5627159,1740.787
          -80.5769396,28.5627160,1740.535
          -80.5769396,28.5627160,1740.283
          -80.5769395,28.5627161,1739.986
          -80.5769395,28.5627162,1739.586
          -80.5769394,28.5627164,1738.985
          -80.5769393,28.5627166,1738.263
          -80.5769392,28.5627168,1737.539
          -80.5769391,28.5627170,1736.815
          -80.5769391,28.5627171,1736.483
          -80.5769390,28.5627171,1736.231
          -80.5769390,28.5627172,1735.978
          -80.5769390,28.5627173,1735.725
          -80.5769389,28.5627173,1735.472
          -80.5769389,28.5627174,1735.219
          -80.5769389,28.5627175,1734.966
          -80.5769388,28.5627176,1734.713
          -80.5769388,28.5627176,1734.460
          -80.5769388,28.5627177,1734.207
          -80.5769387,28.5627178,1733.954
          -80.5769387,28.5627178,1733.701
          -80.5769387,28.5627179,1733.448
          -80.5769386,28.5627179,1733.196
          -80.5769386,28.5627180,1732.943
          -80.5769386,28.5627181,1732.690
          -80.5769385,28.5627181,1732.437
          -80.5769385,28.5627182,1732.184
          -80.5769385,28.5627182,1731.932
          -80.5769385,28.5627183,1731.679
          -80.5769384,28.5627184,1731.426
          -80.5769384,28.5627184,1731.174
          -80.5769384,28.5627185,1730.921
          -80.5769384,28.5627185,1730.669
          -80.5769384,28.5627186,1730.416
          -80.5769383,28.5627186,1730.164
          -80.5769383,28.5627187,1729.912
          -80.5769383,28.5627187,1729.660
          -80.5769383,28.5627188,1729.408
          -80.5769383,28.5627188,1729.156
          -80.5769382,28.5627188,1728.904
          -80.5769382,28.5627189,1728.652
          -80.5769382,28.5627189,1728.400
          -80.5769382,28.5627190,1728.148
          -80.5769382,28.5627190,1727.897
          -80.5769382,28.5627190,1727.645
          -80.5769382,28.5627191,1727.394
          -80.5769382,28.5627191,1727.143
          -80.5769381,28.5627191,1726.891
          -80.5769381,28.5627192,1726.640
          -80.5769381,28.5627192,1726.389
          -80.5769381,28.5627192,1726.138
          -80.5769381,28.5627192,1725.887
          -80.5769381,28.5627193,1725.637
          -80.5769381,28.5627193,1725.386
          -80.5769381,28.5627193,1725.135
          -80.5769381,28.5627193,1724.885
          -80.5769381,28.5627193,1724.634
          -80.5769381,28.5627193,1724.384
          -80.5769381,28.5627194,1724.134
          -80.5769381,28.5627194,1723.883
          -80.5769381,28.5627194,1723.633
          -80.5769381,28.5627194,1723.383
          -80.5769381,28.5627194,1723.133
          -80.5769381,28.5627194,1722.883
          -80.5769382,28.5627194,1722.633
          -80.5769382,28.5627194,1722.383
          -80.5769382,28.5627194,1722.133
          -80.5769382,28.5627194,1721.883
          -80.5769382,28.5627194,1721.634
          -80.5769382,28.5627194,1721.384
          -80.5769382,28.5627194,1721.134
          -80.5769382,28.5627194,1720.869
          -80.5769382,28.5627194,1720.576
          -80.5769383,28.5627194,1720.249
          -80.5769383,28.5627194,1719.870
          -80.5769383,28.5627194,1719.411
          -80.5769383,28.5627194,1718.804
          -80.5769384,28.5627194,1717.894
          -80.5769385,28.5627193,1716.528
          -80.5769386,28.5627193,1715.469
          -80.5769387,28.5627192,1714.011
          -80.5769388,28.5627192,1712.551
          -80.5769388,28.5627192,1711.776
          -80.5769389,28.5627192,1711.382
          -80.5769389,28.5627191,1711.073
          -80.5769389,28.5627191,1710.811
          -80.5769389,28.5627191,1710.561
          -80.5769389,28.5627191,1710.310
          -80.5769389,28.5627191,1710.060
          -80.5769390,28.5627191,1709.809
          -80.5769390,28.5627191,1709.558
          -80.5769390,28.5627191,1709.307
          -80.5769390,28.5627191,1709.057
          -80.5769390,28.5627191,1708.806
          -80.5769390,28.5627191,1708.555
          -80.5769391,28.5627191,1708.304
          -80.5769391,28.5627191,1708.053
          -80.5769391,28.5627191,1707.802
          -80.5769391,28.5627191,1707.551
          -80.5769391,28.5627190,1707.300
          -80.5769391,28.5627190,1707.049
          -80.5769391,28.5627190,1706.798
          -80.5769392,28.5627190,1706.547
          -80.5769392,28.5627190,1706.296
          -80.5769392,28.5627190,1706.045
          -80.5769392,28.5627190,1705.794
          -80.5769392,28.5627190,1705.543
          -80.5769392,28.5627190,1705.291
          -80.5769392,28.5627190,1705.040
          -80.5769392,28.5627190,1704.789
          -80.5769392,28.5627191,1704.538
          -80.5769392,28.5627191,1704.286
          -80.5769393,28.5627191,1704.035
          -80.5769393,28.5627191,1703.784
          -80.5769393,28.5627191,1703.532
          -80.5769393,28.5627191,1703.281
          -80.5769393,28.5627191,1703.030
          -80.5769393,28.5627191,1702.778
          -80.5769393,28.5627191,1702.527
          -80.5769393,28.5627191,1702.275
          -80.5769393,28.5627191,1702.024
          -80.5769393,28.5627191,1701.773
          -80.5769393,28.5627192,1701.521
          -80.5769393,28.5627192,1701.270
          -80.5769393,28.5627192,1701.018
          -80.5769393,28.5627192,1700.766
          -80.5769393,28.5627192,1700.515
          -80.5769393,28.5627192,1700.263
          -80.5769393,28.5627193,1700.012
          -80.5769393,28.5627193,1699.760
          -80.5769393,28.5627193,1699.509
          -80.5769393,28.5627193,1699.257
          -80.5769393,28.5627193,1699.005
          -80.5769393,28.5627194,1698.753
          -80.5769393,28.5627194,1698.502
          -80.5769393,28.5627194,1698.250
          -80.5769393,28.5627194,1697.998
          -80.5769393,28.5627194,1697.741
          -80.5769393,28.5627195,1697.475
          -80.5769393,28.5627195,1697.198
          -80.5769393,28.5627195,1696.909
          -80.5769393,28.5627196,1696.605
          -80.5769393,28.5627196,1696.284
          -80.5769393,28.5627196,1695.942
          -80.5769392,28.5627197,1695.574
          -80.5769392,28.5627197,1695.173
          -80.5769392,28.5627198,1694.728
          -80.5769392,28.5627198,1694.221
          -80.5769392,28.5627199,1693.622
          -80.5769392,28.5627200,1692.862
          -80.5769391,28.5627201,1691.735
          -80.5769390,28.5627204,1690.044
          -80.5769389,28.5627207,1687.729
          -80.5769388,28.5627210,1685.661
          -80.5769388,28.5627210,1685.200
          -80.5769388,28.5627211,1684.762
          -80.5769388,28.5627211,1684.346
          -80.5769388,28.5627212,1683.947
          -80.5769388,28.5627212,1683.563
          -80.5769387,28.5627213,1683.191
          -80.5769387,28.5627213,1682.831
          -80.5769387,28.5627214,1682.480
          -80.5769387,28.5627214,1682.138
          -80.5769387,28.5627214,1681.802
          -80.5769387,28.5627215,1681.473
          -80.5769387,28.5627215,1681.150
          -80.5769386,28.5627216,1680.833
          -80.5769386,28.5627216,1680.520
          -80.5769386,28.5627216,1680.211
          -80.5769386,28.5627217,1679.905
          -80.5769386,28.5627217,1679.603
          -80.5769386,28.5627217,1679.302
          -80.5769386,28.5627218,1679.004
          -80.5769386,28.5627218,1678.708
          -80.5769386,28.5627218,1678.413
          -80.5769386,28.5627219,1678.120
          -80.5769385,28.5627219,1677.828
          -80.5769385,28.5627219,1677.536
          -80.5769385,28.5627220,1677.245
          -80.5769385,28.5627220,1676.955
          -80.5769385,28.5627220,1676.665
          -80.5769385,28.5627220,1676.375
          -80.5769385,28.5627221,1676.084
          -80.5769385,28.5627221,1675.793
          -80.5769385,28.5627221,1675.501
          -80.5769385,28.5627222,1675.207
          -80.5769385,28.5627222,1674.910
          -80.5769385,28.5627222,1674.609
          -80.5769385,28.5627222,1674.304
          -80.5769385,28.5627222,1673.993
          -80.5769385,28.5627223,1673.675
          -80.5769385,28.5627223,1673.349
          -80.5769385,28.5627223,1673.014
          -80.5769385,28.5627223,1672.668
          -80.5769385,28.5627224,1672.308
          -80.5769385,28.5627224,1671.934
          -80.5769385,28.5627224,1671.540
          -80.5769385,28.5627225,1671.124
          -80.5769385,28.5627225,1670.679
          -80.5769385,28.5627225,1670.199
          -80.5769385,28.5627225,1669.670
          -80.5769385,28.5627226,1669.080
          -80.5769385,28.5627226,1668.399
          -80.5769385,28.5627227,1667.573
          -80.5769385,28.5627227,1666.465
          -80.5769385,28.5627228,1664.802
          -80.5769385,28.5627229,1662.304
          -80.5769385,28.5627231,1659.435
          -80.5769385,28.5627231,1658.788
          -80.5769385,28.5627232,1658.190
          -80.5769385,28.5627232,1657.628
          -80.5769385,28.5627232,1657.095
          -80.5769385,28.5627233,1656.584
          -80.5769385,28.5627233,1656.092
          -80.5769385,28.5627233,1655.614
          -80.5769385,28.5627234,1655.149
          -80.5769385,28.5627234,1654.694
          -80.5769385,28.5627234,1654.249
          -80.5769385,28.5627235,1653.811
          -80.5769385,28.5627235,1653.380
          -80.5769385,28.5627235,1652.955
          -80.5769385,28.5627235,1652.534
          -80.5769385,28.5627236,1652.116
          -80.5769385,28.5627236,1651.702
          -80.5769385,28.5627237,1651.289
          -80.5769385,28.5627237,1650.878
          -80.5769385,28.5627237,1650.467
          -80.5769385,28.5627238,1650.056
          -80.5769385,28.5627238,1649.645
          -80.5769385,28.5627238,1649.230
          -80.5769385,28.5627239,1648.812
          -80.5769385,28.5627239,1648.387
          -80.5769385,28.5627240,1647.955
          -80.5769385,28.5627240,1647.513
          -80.5769384,28.5627240,1647.059
          -80.5769384,28.5627241,1646.590
          -80.5769384,28.5627241,1646.101
          -80.5769384,28.5627242,1645.588
          -80.5769384,28.5627243,1645.045
          -80.5769384,28.5627243,1644.463
          -80.5769383,28.5627244,1643.829
          -80.5769383,28.5627245,1643.121
          -80.5769383,28.5627246,1642.301
          -80.5769383,28.5627247,1641.294
          -80.5769382,28.5627249,1639.897
          -80.5769381,28.5627251,1637.800
          -80.5769380,28.5627255,1634.651
          -80.5769379,28.5627257,1633.536
          -80.5769379,28.5627258,1632.632
          -80.5769379,28.5627259,1631.839
          -80.5769378,28.5627260,1631.118
          -80.5769378,28.5627260,1630.447
          -80.5769378,28.5627261,1629.812
          -80.5769378,28.5627262,1629.207
          -80.5769377,28.5627263,1628.624
          -80.5769377,28.5627263,1628.057
          -80.5769377,28.5627264,1627.503
          -80.5769377,28.5627264,1626.957
          -80.5769376,28.5627265,1626.419
          -80.5769376,28.5627266,1625.886
          -80.5769376,28.5627266,1625.357
          -80.5769376,28.5627267,1624.829
          -80.5769376,28.5627267,1624.301
          -80.5769376,28.5627268,1623.771
          -80.5769375,28.5627269,1623.238
          -80.5769375,28.5627269,1622.697
          -80.5769375,28.5627270,1622.147
          -80.5769375,28.5627270,1621.583
          -80.5769375,28.5627271,1621.001
          -80.5769375,28.5627271,1620.395
          -80.5769375,28.5627272,1619.757
          -80.5769374,28.5627273,1619.077
          -80.5769374,28.5627273,1618.339
          -80.5769374,28.5627274,1617.522
          -80.5769374,28.5627275,1616.581
          -80.5769374,28.5627276,1615.429
          -80.5769373,28.5627277,1613.836
          -80.5769373,28.5627279,1611.444
          -80.5769372,28.5627283,1607.851
          -80.5769372,28.5627284,1606.622
          -80.5769372,28.5627285,1605.605
          -80.5769371,28.5627286,1604.700
          -80.5769371,28.5627286,1603.868
          -80.5769371,28.5627287,1603.086
          -80.5769371,28.5627288,1602.339
          -80.5769371,28.5627289,1601.621
          -80.5769370,28.5627289,1600.925
          -80.5769370,28.5627290,1600.245
          -80.5769370,28.5627291,1599.576
          -80.5769370,28.5627292,1598.914
          -80.5769370,28.5627292,1598.255
          -80.5769369,28.5627293,1597.596
          -80.5769369,28.5627294,1596.934
          -80.5769369,28.5627295,1596.264
          -80.5769369,28.5627295,1595.579
          -80.5769368,28.5627296,1594.873
          -80.5769368,28.5627297,1594.137
          -80.5769368,28.5627298,1593.361
          -80.5769367,28.5627299,1592.525
          -80.5769367,28.5627300,1591.607
          -80.5769366,28.5627302,1590.557
          -80.5769366,28.5627303,1589.284
          -80.5769365,28.5627306,1587.539
          -80.5769364,28.5627309,1584.920
          -80.5769362,28.5627314,1580.985
          -80.5769361,28.5627316,1579.633
          -80.5769360,28.5627317,1578.531
          -80.5769360,28.5627319,1577.560
          -80.5769359,28.5627320,1576.669
          -80.5769359,28.5627321,1575.831
          -80.5769359,28.5627322,1575.029
          -80.5769358,28.5627323,1574.254
          -80.5769358,28.5627324,1573.498
          -80.5769358,28.5627325,1572.753
          -80.5769357,28.5627326,1572.014
          -80.5769357,28.5627327,1571.276
          -80.5769357,28.5627327,1570.534
          -80.5769356,28.5627328,1569.775
          -80.5769356,28.5627329,1568.990
          -80.5769355,28.5627330,1568.167
          -80.5769355,28.5627331,1567.288
          -80.5769355,28.5627332,1566.330
          -80.5769354,28.5627334,1565.252
          -80.5769354,28.5627335,1563.982
          -80.5769353,28.5627337,1562.352
          -80.5769352,28.5627340,1559.904
          -80.5769351,28.5627344,1556.228
          -80.5769350,28.5627346,1554.233
          -80.5769349,28.5627348,1552.873
          -80.5769349,28.5627349,1551.708
          -80.5769348,28.5627350,1550.650
          -80.5769348,28.5627352,1549.661
          -80.5769347,28.5627353,1548.716
          -80.5769347,28.5627354,1547.801
          -80.5769347,28.5627355,1546.901
          -80.5769346,28.5627356,1546.009
          -80.5769346,28.5627357,1545.114
          -80.5769345,28.5627359,1544.208
          -80.5769345,28.5627360,1543.275
          -80.5769344,28.5627361,1542.298
          -80.5769344,28.5627363,1541.252
          -80.5769343,28.5627364,1540.103
          -80.5769342,28.5627366,1538.784
          -80.5769341,28.5627368,1537.163
          -80.5769340,28.5627372,1534.882
          -80.5769338,28.5627376,1531.458
          -80.5769335,28.5627383,1526.707
          -80.5769334,28.5627385,1525.313
          -80.5769333,28.5627387,1524.081
          -80.5769332,28.5627389,1522.942
          -80.5769332,28.5627390,1521.856
          -80.5769331,28.5627392,1520.793
          -80.5769330,28.5627393,1519.735
          -80.5769330,28.5627395,1518.668
          -80.5769329,28.5627396,1517.573
          -80.5769328,28.5627398,1516.422
          -80.5769328,28.5627399,1515.201
          -80.5769327,28.5627401,1513.869
          -80.5769326,28.5627403,1512.347
          -80.5769325,28.5627406,1510.464
          -80.5769323,28.5627409,1507.637
          -80.5769321,28.5627415,1503.390
          -80.5769319,28.5627419,1500.652
          -80.5769318,28.5627421,1498.915
          -80.5769317,28.5627423,1497.446
          -80.5769316,28.5627425,1496.103
          -80.5769316,28.5627427,1494.830
          -80.5769315,28.5627429,1493.595
          -80.5769314,28.5627431,1492.370
          -80.5769313,28.5627432,1491.137
          -80.5769312,28.5627434,1489.857
          -80.5769312,28.5627437,1488.491
          -80.5769310,28.5627439,1486.936
          -80.5769309,28.5627442,1485.031
          -80.5769307,28.5627446,1482.230
          -80.5769304,28.5627453,1478.024
          -80.5769300,28.5627460,1473.441
          -80.5769299,28.5627463,1471.744
          -80.5769298,28.5627465,1470.227
          -80.5769297,28.5627467,1468.803
          -80.5769296,28.5627469,1467.416
          -80.5769295,28.5627472,1466.029
          -80.5769294,28.5627474,1464.605
          -80.5769293,28.5627476,1463.085
          -80.5769291,28.5627479,1461.395
          -80.5769290,28.5627482,1459.377
          -80.5769288,28.5627486,1456.631
          -80.5769285,28.5627492,1452.508
          -80.5769281,28.5627501,1446.924
          -80.5769279,28.5627504,1444.841
          -80.5769278,28.5627507,1443.039
          -80.5769276,28.5627509,1441.399
          -80.5769275,28.5627512,1439.835
          -80.5769274,28.5627515,1438.280
          -80.5769273,28.5627517,1436.654
          -80.5769271,28.5627520,1434.875
          -80.5769269,28.5627524,1432.788
          -80.5769267,28.5627528,1430.023
          -80.5769263,28.5627535,1425.871
          -80.5769258,28.5627545,1420.233
          -80.5769256,28.5627549,1418.174
          -80.5769255,28.5627552,1416.377
          -80.5769253,28.5627555,1414.688
          -80.5769252,28.5627557,1413.027
          -80.5769250,28.5627560,1411.331
          -80.5769249,28.5627563,1409.532
          -80.5769247,28.5627567,1407.549
          -80.5769245,28.5627571,1405.177
          -80.5769242,28.5627576,1401.710
          -80.5769237,28.5627585,1396.502
          -80.5769234,28.5627591,1392.866
          -80.5769232,28.5627595,1390.666
          -80.5769230,28.5627598,1388.787
          -80.5769229,28.5627601,1387.019
          -80.5769227,28.5627605,1385.232
          -80.5769225,28.5627608,1383.350
          -80.5769223,28.5627612,1381.244
          -80.5769221,28.5627616,1378.737
          -80.5769217,28.5627623,1375.152
          -80.5769212,28.5627633,1369.767
          -80.5769207,28.5627641,1365.419
          -80.5769205,28.5627645,1363.082
          -80.5769203,28.5627649,1361.066
          -80.5769201,28.5627653,1359.149
          -80.5769199,28.5627656,1357.197
          -80.5769196,28.5627660,1355.050
          -80.5769194,28.5627665,1352.454
          -80.5769190,28.5627671,1348.785
          -80.5769184,28.5627682,1343.273
          -80.5769180,28.5627690,1338.632
          -80.5769177,28.5627695,1336.220
          -80.5769175,28.5627699,1334.048
          -80.5769173,28.5627703,1331.889
          -80.5769170,28.5627707,1329.611
          -80.5769167,28.5627712,1327.029
          -80.5769163,28.5627719,1323.656
          -80.5769158,28.5627729,1318.591
          -80.5769151,28.5627740,1312.761
          -80.5769148,28.5627746,1310.117
          -80.5769145,28.5627750,1307.729
          -80.5769143,28.5627755,1305.345
          -80.5769140,28.5627760,1302.740
          -80.5769136,28.5627766,1299.494
          -80.5769130,28.5627775,1294.781
          -80.5769124,28.5627787,1288.912
          -80.5769118,28.5627796,1284.339
          -80.5769115,28.5627802,1281.374
          -80.5769112,28.5627807,1278.729
          -80.5769109,28.5627813,1276.061
          -80.5769105,28.5627819,1273.263
          -80.5769101,28.5627826,1269.929
          -80.5769095,28.5627836,1264.922
          -80.5769087,28.5627848,1259.005
          -80.5769083,28.5627855,1255.938
          -80.5769080,28.5627860,1253.337
          -80.5769077,28.5627865,1250.841
          -80.5769073,28.5627871,1248.222
          -80.5769069,28.5627877,1245.124
          -80.5769064,28.5627887,1240.472
          -80.5769056,28.5627899,1234.518
          -80.5769052,28.5627906,1231.156
          -80.5769048,28.5627912,1228.572
          -80.5769045,28.5627917,1226.171
          -80.5769042,28.5627922,1223.739
          -80.5769038,28.5627928,1220.894
          -80.5769033,28.5627938,1216.676
          -80.5769024,28.5627951,1210.686
          -80.5769019,28.5627959,1206.864
          -80.5769015,28.5627966,1203.977
          -80.5769011,28.5627972,1201.291
          -80.5769008,28.5627978,1198.514
          -80.5769003,28.5627984,1195.381
          -80.5768997,28.5627994,1191.050
          -80.5768989,28.5628007,1185.024
          -80.5768983,28.5628017,1180.431
          -80.5768979,28.5628024,1177.565
          -80.5768975,28.5628029,1174.945
          -80.5768971,28.5628036,1172.091
          -80.5768966,28.5628044,1168.500
          -80.5768958,28.5628056,1163.110
          -80.5768949,28.5628070,1157.043
          -80.5768942,28.5628081,1152.215
          -80.5768936,28.5628090,1148.378
          -80.5768931,28.5628098,1144.767
          -80.5768924,28.5628109,1140.054
          -80.5768915,28.5628123,1133.956
          -80.5768906,28.5628137,1127.851
          -80.5768898,28.5628149,1122.740
          -80.5768891,28.5628160,1118.358
          -80.5768884,28.5628171,1113.447
          -80.5768874,28.5628186,1107.315
          -80.5768864,28.5628201,1101.175
          -80.5768859,28.5628209,1097.651
          -80.5768855,28.5628215,1095.042
          -80.5768850,28.5628222,1092.260
          -80.5768845,28.5628230,1088.826
          -80.5768837,28.5628242,1083.672
          -80.5768827,28.5628257,1077.502
          -80.5768823,28.5628264,1074.816
          -80.5768818,28.5628270,1072.168
          -80.5768814,28.5628277,1069.464
          -80.5768809,28.5628284,1066.526
          -80.5768803,28.5628293,1062.668
          -80.5768793,28.5628308,1056.877
          -80.5768785,28.5628321,1051.651
          -80.5768780,28.5628328,1048.704
          -80.5768775,28.5628335,1045.897
          -80.5768770,28.5628342,1043.015
          -80.5768765,28.5628350,1039.641
          -80.5768756,28.5628363,1034.577
          -80.5768746,28.5628378,1028.348
          -80.5768740,28.5628387,1024.915
          -80.5768736,28.5628394,1022.268
          -80.5768731,28.5628401,1019.558
          -80.5768725,28.5628409,1016.223
          -80.5768717,28.5628422,1011.218
          -80.5768706,28.5628438,1004.962
          -80.5768698,28.5628450,1000.301
          -80.5768692,28.5628458,997.293
          -80.5768687,28.5628465,994.326
          -80.5768681,28.5628474,990.839
          -80.5768673,28.5628486,986.277
          -80.5768662,28.5628502,979.995
          -80.5768651,28.5628518,973.705
          -80.5768645,28.5628527,970.197
          -80.5768639,28.5628535,966.964
          -80.5768633,28.5628544,963.634
          -80.5768627,28.5628553,960.363
          -80.5768620,28.5628563,956.454
          -80.5768609,28.5628579,950.587
          -80.5768598,28.5628595,944.266
          -80.5768593,28.5628603,941.389
          -80.5768587,28.5628611,938.581
          -80.5768582,28.5628619,935.490
          -80.5768575,28.5628629,931.533
          -80.5768564,28.5628645,925.592
          -80.5768552,28.5628662,919.246
          -80.5768546,28.5628671,915.865
          -80.5768540,28.5628679,912.942
          -80.5768534,28.5628687,909.785
          -80.5768527,28.5628699,905.578
          -80.5768515,28.5628716,899.264
          -80.5768502,28.5628733,892.892
          -80.5768495,28.5628743,889.161
          -80.5768489,28.5628753,885.619
          -80.5768481,28.5628763,881.801
          -80.5768470,28.5628779,876.071
          -80.5768458,28.5628796,869.677
          -80.5768450,28.5628808,865.493
          -80.5768445,28.5628816,862.703
          -80.5768439,28.5628824,859.845
          -80.5768433,28.5628833,856.517
          -80.5768423,28.5628847,851.522
          -80.5768410,28.5628865,845.105
          -80.5768404,28.5628873,842.158
          -80.5768399,28.5628880,839.767
          -80.5768395,28.5628887,837.471
          -80.5768390,28.5628894,834.884
          -80.5768383,28.5628903,831.508
          -80.5768373,28.5628917,826.442
          -80.5768360,28.5628935,820.003
          -80.5768354,28.5628945,816.706
          -80.5768347,28.5628954,813.507
          -80.5768341,28.5628963,810.240
          -80.5768334,28.5628972,807.122
          -80.5768327,28.5628982,803.498
          -80.5768316,28.5628998,798.060
          -80.5768303,28.5629017,791.596
          -80.5768298,28.5629024,789.171
          -80.5768293,28.5629030,786.961
          -80.5768289,28.5629036,784.745
          -80.5768284,28.5629043,782.320
          -80.5768278,28.5629052,779.349
          -80.5768269,28.5629064,774.889
          -80.5768256,28.5629083,768.406
          -80.5768249,28.5629093,765.007
          -80.5768244,28.5629100,762.609
          -80.5768239,28.5629106,760.439
          -80.5768235,28.5629112,758.361
          -80.5768231,28.5629118,756.233
          -80.5768226,28.5629125,753.862
          -80.5768220,28.5629133,751.149
          -80.5768212,28.5629144,747.468
          -80.5768200,28.5629160,741.943
          -80.5768195,28.5629168,739.420
          -80.5768191,28.5629173,737.539
          -80.5768188,28.5629178,735.876
          -80.5768184,28.5629183,734.276
          -80.5768181,28.5629188,732.641
          -80.5768177,28.5629193,730.898
          -80.5768173,28.5629198,728.918
          -80.5768168,28.5629206,726.293
          -80.5768160,28.5629217,722.353
          -80.5768147,28.5629235,716.440
          -80.5768142,28.5629242,713.759
          -80.5768138,28.5629248,711.725
          -80.5768134,28.5629254,709.903
          -80.5768130,28.5629259,708.115
          -80.5768126,28.5629265,706.175
          -80.5768121,28.5629272,703.925
          -80.5768114,28.5629281,700.877
          -80.5768105,28.5629294,696.303
          -80.5768091,28.5629314,689.759
          -80.5768084,28.5629323,686.758
          -80.5768079,28.5629330,684.466
          -80.5768075,28.5629336,682.359
          -80.5768070,28.5629342,680.265
          -80.5768066,28.5629349,678.031
          -80.5768060,28.5629356,675.391
          -80.5768052,28.5629368,671.428
          -80.5768039,28.5629386,665.481
          -80.5768033,28.5629394,662.603
          -80.5768028,28.5629401,660.368
          -80.5768024,28.5629407,658.295
          -80.5768019,28.5629413,656.249
          -80.5768015,28.5629420,654.109
          -80.5768009,28.5629427,651.685
          -80.5768002,28.5629437,648.551
          -80.5767992,28.5629451,643.846
          -80.5767978,28.5629471,637.266
          -80.5767972,28.5629480,634.394
          -80.5767967,28.5629486,632.191
          -80.5767962,28.5629492,630.197
          -80.5767958,28.5629499,628.065
          -80.5767952,28.5629506,625.557
          -80.5767945,28.5629517,622.002
          -80.5767933,28.5629533,616.666
          -80.5767922,28.5629548,611.631
          -80.5767916,28.5629556,608.861
          -80.5767911,28.5629564,606.251
          -80.5767905,28.5629572,603.533
          -80.5767898,28.5629581,600.620
          -80.5767891,28.5629592,597.178
          -80.5767879,28.5629608,592.013
          -80.5767866,28.5629625,586.338
          -80.5767861,28.5629634,583.635
          -80.5767855,28.5629641,581.198
          -80.5767850,28.5629648,578.779
          -80.5767844,28.5629656,576.154
          -80.5767837,28.5629666,572.974
          -80.5767827,28.5629680,568.203
          -80.5767812,28.5629701,561.574
          -80.5767806,28.5629708,559.058
          -80.5767802,28.5629715,556.895
          -80.5767797,28.5629722,554.705
          -80.5767792,28.5629729,552.354
          -80.5767785,28.5629738,549.572
          -80.5767777,28.5629749,546.019
          -80.5767765,28.5629765,540.687
          -80.5767752,28.5629784,534.530
          -80.5767746,28.5629791,532.228
          -80.5767742,28.5629798,530.137
          -80.5767737,28.5629805,528.015
          -80.5767732,28.5629812,525.721
          -80.5767726,28.5629820,522.946
          -80.5767717,28.5629832,519.195
          -80.5767705,28.5629849,513.565
          -80.5767696,28.5629862,509.365
          -80.5767690,28.5629869,506.949
          -80.5767686,28.5629876,504.813
          -80.5767681,28.5629882,502.691
          -80.5767676,28.5629890,500.352
          -80.5767669,28.5629899,497.487
          -80.5767659,28.5629912,493.187
          -80.5767645,28.5629932,486.735
          -80.5767636,28.5629945,482.806
          -80.5767629,28.5629954,479.903
          -80.5767623,28.5629962,477.145
          -80.5767617,28.5629971,474.298
          -80.5767609,28.5629981,470.921
          -80.5767598,28.5629997,465.855
          -80.5767583,28.5630018,459.169
          -80.5767574,28.5630030,455.319
          -80.5767568,28.5630039,452.436
          -80.5767562,28.5630047,449.657
          -80.5767554,28.5630058,446.415
          -80.5767543,28.5630073,441.550
          -80.5767528,28.5630094,434.851
          -80.5767513,28.5630115,428.355
          -80.5767506,28.5630125,425.095
          -80.5767499,28.5630134,422.092
          -80.5767491,28.5630145,418.587
          -80.5767479,28.5630161,413.329
          -80.5767464,28.5630183,406.617
          -80.5767453,28.5630198,401.662
          -80.5767443,28.5630212,397.152
          -80.5767429,28.5630231,391.132
          -80.5767414,28.5630253,384.409
          -80.5767399,28.5630274,377.683
          -80.5767383,28.5630295,370.955
          -80.5767368,28.5630316,364.223
          -80.5767353,28.5630338,357.488
          -80.5767337,28.5630359,350.750
          -80.5767322,28.5630380,344.009
          -80.5767306,28.5630402,337.266
          -80.5767291,28.5630424,330.519
          -80.5767276,28.5630445,323.770
          -80.5767265,28.5630460,319.051
          -80.5767256,28.5630472,315.347
          -80.5767246,28.5630487,310.748
          -80.5767230,28.5630508,303.990
          -80.5767215,28.5630530,297.230
          -80.5767204,28.5630545,292.426
          -80.5767193,28.5630561,287.630
          -80.5767177,28.5630582,280.864
          -80.5767162,28.5630604,274.094
          -80.5767146,28.5630626,267.323
          -80.5767130,28.5630648,260.548
          -80.5767115,28.5630670,253.771
          -80.5767099,28.5630691,246.992
          -80.5767087,28.5630709,241.490
          -80.5767077,28.5630722,237.387
          -80.5767067,28.5630737,232.686
          -80.5767051,28.5630759,225.899
          -80.5767035,28.5630781,219.110
          -80.5767026,28.5630794,215.213
          -80.5767017,28.5630806,211.331
          -80.5767005,28.5630824,205.789
          -80.5766989,28.5630846,198.993
          -80.5766975,28.5630866,192.649
          -80.5766964,28.5630881,188.244
          -80.5766953,28.5630897,183.360
          -80.5766937,28.5630919,176.557
          -80.5766922,28.5630941,169.751
          -80.5766911,28.5630957,164.853
          -80.5766900,28.5630972,160.166
          -80.5766885,28.5630993,153.538
          -80.5766869,28.5631015,146.726
          -80.5766853,28.5631037,139.911
          -80.5766841,28.5631055,134.488
          -80.5766825,28.5631077,127.672
          -80.5766809,28.5631099,120.852
          -80.5766794,28.5631121,114.030
          -80.5766779,28.5631141,107.773
          -80.5766768,28.5631157,102.928
          -80.5766753,28.5631179,96.101
          -80.5766743,28.5631193,91.892
          -80.5766734,28.5631204,88.225
          -80.5766723,28.5631220,83.364
          -80.5766710,28.5631239,77.532
          -80.5766694,28.5631261,71.143
          -80.5766681,28.5631279,65.769
          -80.5766675,28.5631288,63.464
          -80.5766668,28.5631298,60.752
          -80.5766657,28.5631313,56.789
          -80.5766646,28.5631328,52.772
          -80.5766637,28.5631342,49.374
          -80.5766626,28.5631357,45.623
          -80.5766617,28.5631370,42.640
          -80.5766603,28.5631388,38.351
          -80.5766587,28.5631410,33.644
          -80.5766573,28.5631428,29.863
          -80.5766561,28.5631445,26.629
          -80.5766544,28.5631466,22.769
          -80.5766528,28.5631488,19.239
          -80.5766512,28.5631509,16.044
          -80.5766496,28.5631529,13.187
          -80.5766481,28.5631549,10.674
          -80.5766467,28.5631568,8.508
          -80.5766455,28.5631586,6.692
          -80.5766444,28.5631602,5.229
          -80.5766435,28.5631617,4.120
          -80.5766428,28.5631630,3.368
          -80.5766423,28.5631640,3.000
          </coordinates>
        </LineString>
      </Placemark>
      <Placemark>
        <name>Apogeu – Estágio 1 (3000.0 m)</name>
        <description>Altitude: 3000.02 m | Tempo: 23.200 s</description>
        <Point>
          <altitudeMode>absolute</altitudeMode>
          <coordinates>-80.5772370,28.5621047,3003.016</coordinates>
        </Point>
      </Placemark>
      <Placemark>
        <name>Aterrissagem – Estágio 1</name>
        <description>Tempo total: 55.138 s | Leste: 54.5 m | Norte: 118.3 m</description>
        <Point>
          <coordinates>-80.5766423,28.5631640,3.000</coordinates>
        </Point>
      </Placemark>
    </Folder>
    <Folder>
      <name>Estágio 2 – osifog_850k_stage_2</name>
      <Placemark>
        <name>Trajetória – Estágio 2</name>
        <styleUrl>#s2</styleUrl>
        <LineString>
          <extrude>0</extrude>
          <tessellate>1</tessellate>
          <altitudeMode>absolute</altitudeMode>
          <coordinates>
          -80.5772000,28.5621000,3.000
          -80.5772000,28.5621000,3.001
          -80.5772000,28.5621000,3.006
          -80.5772000,28.5621000,3.028
          -80.5772000,28.5621000,3.064
          -80.5771999,28.5621001,3.118
          -80.5771999,28.5621001,3.190
          -80.5771999,28.5621002,3.278
          -80.5771998,28.5621002,3.382
          -80.5771998,28.5621003,3.502
          -80.5771997,28.5621003,3.638
          -80.5771997,28.5621004,3.757
          -80.5771996,28.5621005,3.919
          -80.5771996,28.5621006,4.096
          -80.5771995,28.5621007,4.287
          -80.5771994,28.5621008,4.492
          -80.5771993,28.5621009,4.734
          -80.5771992,28.5621010,4.969
          -80.5771991,28.5621011,5.218
          -80.5771990,28.5621013,5.480
          -80.5771989,28.5621014,5.757
          -80.5771988,28.5621016,6.047
          -80.5771987,28.5621017,6.351
          -80.5771986,28.5621019,6.668
          -80.5771984,28.5621020,6.999
          -80.5771983,28.5621022,7.343
          -80.5771982,28.5621024,7.701
          -80.5771981,28.5621025,7.922
          -80.5771979,28.5621027,8.263
          -80.5771978,28.5621029,8.654
          -80.5771976,28.5621031,9.058
          -80.5771974,28.5621034,9.689
          -80.5771970,28.5621039,10.691
          -80.5771966,28.5621044,11.516
          -80.5771962,28.5621049,12.559
          -80.5771957,28.5621056,13.679
          -80.5771952,28.5621062,14.926
          -80.5771946,28.5621071,16.427
          -80.5771936,28.5621083,18.700
          -80.5771928,28.5621094,20.919
          -80.5771915,28.5621110,24.471
          -80.5771911,28.5621116,25.880
          -80.5771907,28.5621121,27.070
          -80.5771904,28.5621125,28.175
          -80.5771902,28.5621128,29.255
          -80.5771899,28.5621132,30.366
          -80.5771896,28.5621135,31.557
          -80.5771894,28.5621139,32.845
          -80.5771891,28.5621142,34.136
          -80.5771889,28.5621146,35.756
          -80.5771885,28.5621151,37.887
          -80.5771881,28.5621157,41.194
          -80.5771874,28.5621166,46.087
          -80.5771872,28.5621170,48.314
          -80.5771869,28.5621174,50.668
          -80.5771866,28.5621178,52.933
          -80.5771864,28.5621181,54.556
          -80.5771862,28.5621183,56.029
          -80.5771860,28.5621186,57.648
          -80.5771857,28.5621190,59.615
          -80.5771853,28.5621195,62.453
          -80.5771848,28.5621203,66.826
          -80.5771845,28.5621207,69.423
          -80.5771844,28.5621209,71.288
          -80.5771842,28.5621212,72.972
          -80.5771841,28.5621214,74.615
          -80.5771839,28.5621215,76.297
          -80.5771838,28.5621217,78.066
          -80.5771837,28.5621219,80.087
          -80.5771836,28.5621222,82.788
          -80.5771834,28.5621225,86.917
          -80.5771832,28.5621227,90.018
          -80.5771831,28.5621228,91.671
          -80.5771831,28.5621230,93.134
          -80.5771830,28.5621231,94.549
          -80.5771829,28.5621232,95.984
          -80.5771828,28.5621233,97.601
          -80.5771827,28.5621235,99.652
          -80.5771826,28.5621238,102.765
          -80.5771823,28.5621241,107.517
          -80.5771822,28.5621243,110.390
          -80.5771822,28.5621245,112.250
          -80.5771821,28.5621246,114.060
          -80.5771821,28.5621247,116.050
          -80.5771821,28.5621247,118.222
          -80.5771820,28.5621248,120.664
          -80.5771820,28.5621249,123.982
          -80.5771820,28.5621250,129.024
          -80.5771820,28.5621251,131.397
          -80.5771819,28.5621251,132.973
          -80.5771819,28.5621252,135.189
          -80.5771819,28.5621252,137.621
          -80.5771818,28.5621253,140.147
          -80.5771818,28.5621254,143.254
          -80.5771817,28.5621255,147.953
          -80.5771817,28.5621256,151.322
          -80.5771817,28.5621256,154.007
          -80.5771817,28.5621256,156.778
          -80.5771817,28.5621257,159.752
          -80.5771817,28.5621257,160.249
          -80.5771817,28.5621257,160.996
          -80.5771817,28.5621257,162.117
          -80.5771817,28.5621257,163.802
          -80.5771817,28.5621257,166.337
          -80.5771817,28.5621257,170.155
          -80.5771818,28.5621256,173.777
          -80.5771818,28.5621256,177.213
          -80.5771818,28.5621256,181.058
          -80.5771818,28.5621256,186.046
          -80.5771818,28.5621256,193.567
          -80.5771818,28.5621256,198.009
          -80.5771819,28.5621255,202.752
          -80.5771820,28.5621254,209.227
          -80.5771821,28.5621253,215.474
          -80.5771821,28.5621253,220.424
          -80.5771822,28.5621252,225.412
          -80.5771822,28.5621251,232.900
          -80.5771823,28.5621251,234.482
          -80.5771823,28.5621251,236.856
          -80.5771823,28.5621250,240.416
          -80.5771824,28.5621249,245.699
          -80.5771826,28.5621247,253.616
          -80.5771827,28.5621246,259.464
          -80.5771828,28.5621245,268.041
          -80.5771829,28.5621244,277.018
          -80.5771830,28.5621242,284.603
          -80.5771831,28.5621241,293.502
          -80.5771832,28.5621240,302.357
          -80.5771833,28.5621238,311.166
          -80.5771834,28.5621238,316.955
          -80.5771836,28.5621236,325.722
          -80.5771838,28.5621233,334.948
          -80.5771841,28.5621229,344.537
          -80.5771845,28.5621223,354.461
          -80.5771849,28.5621216,364.711
          -80.5771855,28.5621208,375.279
          -80.5771860,28.5621200,385.567
          -80.5771867,28.5621189,396.741
          -80.5771871,28.5621184,402.592
          -80.5771877,28.5621175,411.513
          -80.5771882,28.5621167,419.330
          -80.5771888,28.5621159,426.642
          -80.5771896,28.5621146,437.799
          -80.5771903,28.5621135,446.350
          -80.5771913,28.5621120,458.950
          -80.5771924,28.5621103,471.798
          -80.5771936,28.5621085,484.888
          -80.5771948,28.5621067,498.217
          -80.5771961,28.5621047,511.781
          -80.5771975,28.5621027,525.577
          -80.5771989,28.5621006,539.603
          -80.5772004,28.5620983,553.853
          -80.5772020,28.5620960,568.324
          -80.5772033,28.5620939,580.646
          -80.5772050,28.5620914,595.511
          -80.5772061,28.5620898,604.669
          -80.5772076,28.5620875,617.221
          -80.5772085,28.5620863,624.345
          -80.5772098,28.5620843,635.110
          -80.5772110,28.5620825,645.051
          -80.5772129,28.5620797,660.103
          -80.5772139,28.5620782,668.323
          -80.5772155,28.5620758,680.727
          -80.5772173,28.5620732,694.418
          -80.5772185,28.5620714,703.333
          -80.5772202,28.5620688,716.754
          -80.5772224,28.5620656,732.963
          -80.5772236,28.5620639,741.498
          -80.5772253,28.5620614,754.317
          -80.5772275,28.5620581,770.596
          -80.5772281,28.5620573,774.626
          -80.5772289,28.5620561,780.671
          -80.5772294,28.5620554,784.490
          -80.5772300,28.5620545,788.858
          -80.5772309,28.5620532,795.408
          -80.5772315,28.5620522,800.066
          -80.5772323,28.5620511,805.757
          -80.5772335,28.5620494,814.284
          -80.5772346,28.5620477,822.784
          -80.5772364,28.5620451,835.506
          -80.5772386,28.5620419,851.609
          -80.5772399,28.5620400,861.183
          -80.5772418,28.5620372,875.482
          -80.5772436,28.5620345,888.972
          -80.5772457,28.5620314,904.755
          -80.5772478,28.5620283,920.415
          -80.5772499,28.5620253,935.939
          -80.5772519,28.5620223,951.320
          -80.5772538,28.5620194,966.557
          -80.5772550,28.5620178,975.342
          -80.5772566,28.5620153,988.429
          -80.5772585,28.5620125,1003.315
          -80.5772603,28.5620098,1018.064
          -80.5772607,28.5620092,1021.250
          -80.5772613,28.5620084,1026.016
          -80.5772622,28.5620071,1033.140
          -80.5772635,28.5620051,1043.767
          -80.5772652,28.5620026,1058.154
          -80.5772669,28.5620000,1072.417
          -80.5772686,28.5619976,1086.558
          -80.5772697,28.5619958,1096.811
          -80.5772712,28.5619937,1109.127
          -80.5772727,28.5619913,1122.964
          -80.5772743,28.5619890,1136.689
          -80.5772758,28.5619867,1150.304
          -80.5772772,28.5619845,1163.812
          -80.5772787,28.5619823,1177.215
          -80.5772801,28.5619801,1190.515
          -80.5772815,28.5619780,1203.713
          -80.5772828,28.5619760,1216.812
          -80.5772841,28.5619739,1229.813
          -80.5772854,28.5619720,1242.718
          -80.5772867,28.5619700,1255.529
          -80.5772879,28.5619681,1268.246
          -80.5772891,28.5619662,1280.872
          -80.5772903,28.5619644,1293.408
          -80.5772915,28.5619625,1305.855
          -80.5772926,28.5619608,1318.215
          -80.5772937,28.5619590,1330.488
          -80.5772948,28.5619573,1342.677
          -80.5772958,28.5619557,1354.782
          -80.5772969,28.5619540,1366.805
          -80.5772979,28.5619524,1378.746
          -80.5772989,28.5619508,1390.607
          -80.5772998,28.5619493,1402.389
          -80.5773008,28.5619478,1414.092
          -80.5773017,28.5619463,1425.719
          -80.5773026,28.5619448,1437.269
          -80.5773035,28.5619434,1448.743
          -80.5773043,28.5619420,1460.144
          -80.5773052,28.5619407,1471.471
          -80.5773060,28.5619393,1482.725
          -80.5773068,28.5619380,1493.907
          -80.5773075,28.5619368,1505.019
          -80.5773083,28.5619355,1516.060
          -80.5773090,28.5619343,1527.032
          -80.5773098,28.5619331,1537.935
          -80.5773105,28.5619319,1548.770
          -80.5773111,28.5619308,1559.538
          -80.5773118,28.5619296,1570.239
          -80.5773125,28.5619285,1580.875
          -80.5773131,28.5619275,1591.445
          -80.5773137,28.5619264,1601.951
          -80.5773143,28.5619254,1612.393
          -80.5773149,28.5619244,1622.771
          -80.5773155,28.5619234,1633.087
          -80.5773160,28.5619225,1643.341
          -80.5773166,28.5619216,1653.534
          -80.5773171,28.5619207,1663.665
          -80.5773176,28.5619198,1673.737
          -80.5773181,28.5619189,1683.748
          -80.5773186,28.5619181,1693.700
          -80.5773190,28.5619173,1703.594
          -80.5773195,28.5619165,1713.429
          -80.5773199,28.5619157,1723.207
          -80.5773203,28.5619150,1732.927
          -80.5773207,28.5619142,1742.591
          -80.5773211,28.5619136,1752.198
          -80.5773214,28.5619130,1759.905
          -80.5773218,28.5619123,1769.412
          -80.5773221,28.5619117,1777.562
          -80.5773225,28.5619111,1786.966
          -80.5773228,28.5619105,1796.317
          -80.5773231,28.5619099,1805.614
          -80.5773235,28.5619093,1814.857
          -80.5773238,28.5619088,1824.048
          -80.5773240,28.5619083,1833.186
          -80.5773243,28.5619077,1842.272
          -80.5773246,28.5619072,1851.306
          -80.5773249,28.5619067,1860.289
          -80.5773251,28.5619063,1869.221
          -80.5773253,28.5619058,1878.102
          -80.5773256,28.5619054,1886.933
          -80.5773258,28.5619050,1895.714
          -80.5773260,28.5619046,1904.446
          -80.5773262,28.5619042,1913.128
          -80.5773264,28.5619039,1921.762
          -80.5773266,28.5619035,1930.347
          -80.5773268,28.5619032,1938.884
          -80.5773269,28.5619029,1947.373
          -80.5773271,28.5619025,1955.814
          -80.5773272,28.5619023,1963.971
          -80.5773273,28.5619021,1970.756
          -80.5773274,28.5619019,1979.067
          -80.5773275,28.5619017,1983.707
          -80.5773276,28.5619016,1988.535
          -80.5773277,28.5619013,1995.746
          -80.5773278,28.5619012,2002.520
          -80.5773279,28.5619011,2007.512
          -80.5773280,28.5619009,2014.969
          -80.5773280,28.5619008,2022.020
          -80.5773281,28.5619006,2028.289
          -80.5773282,28.5619004,2036.279
          -80.5773283,28.5619003,2044.224
          -80.5773283,28.5619002,2052.126
          -80.5773284,28.5619001,2059.984
          -80.5773285,28.5619000,2067.798
          -80.5773285,28.5618999,2075.568
          -80.5773285,28.5618998,2083.296
          -80.5773286,28.5618997,2090.980
          -80.5773286,28.5618997,2098.622
          -80.5773286,28.5618997,2106.222
          -80.5773286,28.5618996,2113.779
          -80.5773286,28.5618996,2121.294
          -80.5773286,28.5618996,2128.768
          -80.5773286,28.5618997,2136.200
          -80.5773286,28.5618997,2143.590
          -80.5773286,28.5618997,2150.940
          -80.5773286,28.5618998,2158.249
          -80.5773286,28.5618998,2165.516
          -80.5773285,28.5618999,2172.744
          -80.5773285,28.5619000,2179.931
          -80.5773285,28.5619001,2187.079
          -80.5773284,28.5619002,2194.186
          -80.5773284,28.5619003,2201.254
          -80.5773283,28.5619004,2208.282
          -80.5773282,28.5619005,2215.271
          -80.5773282,28.5619007,2222.222
          -80.5773281,28.5619009,2229.133
          -80.5773280,28.5619010,2236.005
          -80.5773279,28.5619012,2242.839
          -80.5773278,28.5619014,2249.635
          -80.5773278,28.5619016,2256.392
          -80.5773277,28.5619018,2263.112
          -80.5773276,28.5619020,2269.794
          -80.5773274,28.5619023,2276.438
          -80.5773273,28.5619025,2283.045
          -80.5773272,28.5619028,2289.614
          -80.5773271,28.5619030,2296.146
          -80.5773270,28.5619033,2302.642
          -80.5773268,28.5619036,2309.100
          -80.5773267,28.5619039,2315.521
          -80.5773266,28.5619042,2321.907
          -80.5773264,28.5619045,2328.255
          -80.5773263,28.5619048,2334.568
          -80.5773262,28.5619051,2340.844
          -80.5773260,28.5619054,2347.085
          -80.5773259,28.5619058,2353.289
          -80.5773257,28.5619061,2359.459
          -80.5773255,28.5619065,2365.592
          -80.5773254,28.5619068,2371.691
          -80.5773252,28.5619072,2377.754
          -80.5773250,28.5619076,2383.782
          -80.5773248,28.5619080,2389.776
          -80.5773247,28.5619084,2395.734
          -80.5773245,28.5619088,2401.658
          -80.5773243,28.5619092,2407.547
          -80.5773241,28.5619096,2413.402
          -80.5773240,28.5619098,2415.423
          -80.5773239,28.5619100,2418.448
          -80.5773238,28.5619103,2422.967
          -80.5773236,28.5619108,2428.731
          -80.5773234,28.5619113,2434.462
          -80.5773232,28.5619117,2440.159
          -80.5773229,28.5619122,2445.822
          -80.5773227,28.5619127,2451.452
          -80.5773225,28.5619132,2457.048
          -80.5773223,28.5619137,2462.610
          -80.5773221,28.5619141,2468.140
          -80.5773219,28.5619146,2473.636
          -80.5773216,28.5619152,2479.100
          -80.5773214,28.5619157,2484.530
          -80.5773212,28.5619162,2489.928
          -80.5773210,28.5619167,2495.293
          -80.5773207,28.5619172,2500.625
          -80.5773205,28.5619178,2505.926
          -80.5773202,28.5619184,2511.194
          -80.5773200,28.5619189,2516.430
          -80.5773197,28.5619195,2521.633
          -80.5773195,28.5619201,2526.805
          -80.5773192,28.5619206,2531.944
          -80.5773190,28.5619212,2537.051
          -80.5773187,28.5619217,2542.127
          -80.5773185,28.5619223,2547.172
          -80.5773182,28.5619230,2552.185
          -80.5773179,28.5619236,2557.166
          -80.5773176,28.5619242,2562.117
          -80.5773174,28.5619248,2567.036
          -80.5773171,28.5619255,2571.923
          -80.5773168,28.5619261,2576.780
          -80.5773165,28.5619267,2581.605
          -80.5773163,28.5619273,2586.400
          -80.5773160,28.5619280,2591.164
          -80.5773157,28.5619287,2595.898
          -80.5773154,28.5619293,2600.601
          -80.5773151,28.5619300,2605.273
          -80.5773148,28.5619307,2609.915
          -80.5773145,28.5619314,2614.526
          -80.5773142,28.5619320,2619.107
          -80.5773139,28.5619327,2623.658
          -80.5773136,28.5619334,2628.178
          -80.5773133,28.5619341,2632.669
          -80.5773130,28.5619348,2637.130
          -80.5773126,28.5619355,2641.561
          -80.5773123,28.5619362,2645.962
          -80.5773120,28.5619369,2650.333
          -80.5773117,28.5619376,2654.674
          -80.5773114,28.5619383,2658.986
          -80.5773111,28.5619390,2663.268
          -80.5773109,28.5619396,2666.250
          -80.5773105,28.5619403,2670.482
          -80.5773102,28.5619411,2674.686
          -80.5773099,28.5619418,2678.860
          -80.5773095,28.5619426,2683.005
          -80.5773092,28.5619434,2687.121
          -80.5773089,28.5619441,2691.207
          -80.5773085,28.5619449,2695.265
          -80.5773082,28.5619456,2699.293
          -80.5773079,28.5619464,2703.293
          -80.5773075,28.5619471,2707.264
          -80.5773072,28.5619479,2711.206
          -80.5773068,28.5619487,2715.120
          -80.5773065,28.5619495,2719.006
          -80.5773061,28.5619503,2722.863
          -80.5773057,28.5619512,2726.691
          -80.5773054,28.5619520,2730.491
          -80.5773050,28.5619528,2734.263
          -80.5773047,28.5619536,2738.006
          -80.5773043,28.5619544,2741.721
          -80.5773040,28.5619552,2745.407
          -80.5773036,28.5619560,2749.066
          -80.5773033,28.5619568,2752.696
          -80.5773029,28.5619576,2756.299
          -80.5773025,28.5619584,2759.874
          -80.5773021,28.5619593,2763.421
          -80.5773018,28.5619602,2766.941
          -80.5773014,28.5619610,2770.433
          -80.5773010,28.5619619,2773.897
          -80.5773006,28.5619628,2777.333
          -80.5773003,28.5619636,2780.741
          -80.5772999,28.5619644,2784.122
          -80.5772995,28.5619653,2787.475
          -80.5772991,28.5619661,2790.800
          -80.5772988,28.5619670,2794.099
          -80.5772984,28.5619678,2797.370
          -80.5772980,28.5619687,2800.613
          -80.5772976,28.5619696,2803.830
          -80.5772972,28.5619705,2807.020
          -80.5772968,28.5619714,2810.183
          -80.5772964,28.5619723,2813.318
          -80.5772960,28.5619732,2816.427
          -80.5772956,28.5619741,2819.509
          -80.5772952,28.5619751,2822.563
          -80.5772948,28.5619760,2825.590
          -80.5772944,28.5619769,2828.591
          -80.5772940,28.5619778,2831.564
          -80.5772936,28.5619787,2834.511
          -80.5772932,28.5619796,2837.431
          -80.5772928,28.5619805,2840.324
          -80.5772923,28.5619814,2843.191
          -80.5772919,28.5619824,2846.031
          -80.5772915,28.5619833,2848.845
          -80.5772911,28.5619842,2851.631
          -80.5772907,28.5619851,2854.392
          -80.5772903,28.5619861,2857.126
          -80.5772899,28.5619870,2859.833
          -80.5772895,28.5619879,2862.514
          -80.5772891,28.5619889,2865.169
          -80.5772887,28.5619898,2867.797
          -80.5772882,28.5619907,2870.399
          -80.5772878,28.5619917,2872.975
          -80.5772874,28.5619926,2875.525
          -80.5772870,28.5619936,2878.049
          -80.5772865,28.5619946,2880.546
          -80.5772861,28.5619955,2883.018
          -80.5772857,28.5619965,2885.464
          -80.5772852,28.5619975,2887.883
          -80.5772848,28.5619985,2890.277
          -80.5772844,28.5619994,2892.645
          -80.5772839,28.5620004,2894.987
          -80.5772835,28.5620014,2897.303
          -80.5772830,28.5620024,2899.593
          -80.5772826,28.5620034,2901.857
          -80.5772822,28.5620044,2904.095
          -80.5772817,28.5620054,2906.308
          -80.5772813,28.5620064,2908.495
          -80.5772808,28.5620074,2910.655
          -80.5772804,28.5620084,2912.791
          -80.5772800,28.5620093,2914.900
          -80.5772795,28.5620103,2916.984
          -80.5772791,28.5620113,2919.042
          -80.5772786,28.5620123,2921.075
          -80.5772782,28.5620133,2923.082
          -80.5772778,28.5620143,2925.064
          -80.5772773,28.5620153,2927.021
          -80.5772768,28.5620163,2928.952
          -80.5772764,28.5620174,2930.858
          -80.5772759,28.5620184,2932.739
          -80.5772755,28.5620194,2934.594
          -80.5772750,28.5620205,2936.424
          -80.5772745,28.5620215,2938.228
          -80.5772741,28.5620226,2940.008
          -80.5772736,28.5620236,2941.762
          -80.5772731,28.5620246,2943.491
          -80.5772727,28.5620257,2945.195
          -80.5772722,28.5620268,2946.874
          -80.5772717,28.5620278,2948.527
          -80.5772712,28.5620289,2950.155
          -80.5772708,28.5620299,2951.758
          -80.5772703,28.5620310,2953.335
          -80.5772698,28.5620320,2954.888
          -80.5772694,28.5620331,2956.414
          -80.5772689,28.5620341,2957.916
          -80.5772685,28.5620351,2959.393
          -80.5772680,28.5620362,2960.844
          -80.5772675,28.5620372,2962.270
          -80.5772671,28.5620382,2963.671
          -80.5772666,28.5620393,2965.047
          -80.5772662,28.5620403,2966.398
          -80.5772657,28.5620413,2967.725
          -80.5772652,28.5620424,2969.027
          -80.5772648,28.5620435,2970.304
          -80.5772643,28.5620445,2971.557
          -80.5772638,28.5620456,2972.785
          -80.5772633,28.5620467,2973.988
          -80.5772628,28.5620478,2975.167
          -80.5772623,28.5620489,2976.322
          -80.5772618,28.5620500,2977.451
          -80.5772613,28.5620511,2978.557
          -80.5772608,28.5620522,2979.637
          -80.5772603,28.5620534,2980.693
          -80.5772598,28.5620545,2981.725
          -80.5772593,28.5620556,2982.731
          -80.5772588,28.5620568,2983.713
          -80.5772583,28.5620579,2984.671
          -80.5772577,28.5620591,2985.604
          -80.5772572,28.5620602,2986.512
          -80.5772567,28.5620613,2987.396
          -80.5772562,28.5620625,2988.255
          -80.5772557,28.5620636,2989.089
          -80.5772552,28.5620648,2989.899
          -80.5772546,28.5620659,2990.683
          -80.5772541,28.5620671,2991.444
          -80.5772536,28.5620682,2992.180
          -80.5772531,28.5620694,2992.891
          -80.5772526,28.5620705,2993.577
          -80.5772520,28.5620717,2994.240
          -80.5772515,28.5620729,2994.878
          -80.5772510,28.5620740,2995.491
          -80.5772505,28.5620752,2996.080
          -80.5772499,28.5620764,2996.645
          -80.5772494,28.5620775,2997.185
          -80.5772489,28.5620787,2997.701
          -80.5772484,28.5620799,2998.193
          -80.5772478,28.5620811,2998.661
          -80.5772473,28.5620823,2999.104
          -80.5772467,28.5620835,2999.524
          -80.5772462,28.5620847,2999.919
          -80.5772456,28.5620859,3000.290
          -80.5772451,28.5620871,3000.638
          -80.5772445,28.5620883,3000.961
          -80.5772440,28.5620895,3001.260
          -80.5772434,28.5620907,3001.535
          -80.5772429,28.5620920,3001.787
          -80.5772423,28.5620932,3002.015
          -80.5772417,28.5620945,3002.220
          -80.5772412,28.5620957,3002.401
          -80.5772406,28.5620970,3002.559
          -80.5772400,28.5620983,3002.693
          -80.5772394,28.5620995,3002.804
          -80.5772388,28.5621008,3002.892
          -80.5772382,28.5621021,3002.956
          -80.5772376,28.5621034,3002.998
          -80.5772370,28.5621047,3003.016
          -80.5772364,28.5621061,3003.011
          -80.5772358,28.5621074,3002.983
          -80.5772352,28.5621087,3002.932
          -80.5772346,28.5621100,3002.857
          -80.5772340,28.5621114,3002.761
          -80.5772333,28.5621127,3002.641
          -80.5772327,28.5621141,3002.499
          -80.5772321,28.5621155,3002.335
          -80.5772314,28.5621168,3002.148
          -80.5772308,28.5621182,3001.939
          -80.5772302,28.5621196,3001.708
          -80.5772295,28.5621210,3001.456
          -80.5772289,28.5621224,3001.181
          -80.5772282,28.5621238,3000.884
          -80.5772276,28.5621252,3000.565
          -80.5772269,28.5621266,3000.223
          -80.5772263,28.5621280,2999.860
          -80.5772256,28.5621294,2999.476
          -80.5772250,28.5621308,2999.070
          -80.5772243,28.5621322,2998.642
          -80.5772237,28.5621336,2998.194
          -80.5772230,28.5621350,2997.725
          -80.5772224,28.5621364,2997.235
          -80.5772217,28.5621378,2996.726
          -80.5772211,28.5621392,2996.198
          -80.5772204,28.5621406,2995.650
          -80.5772198,28.5621419,2995.083
          -80.5772192,28.5621433,2994.498
          -80.5772186,28.5621447,2993.894
          -80.5772179,28.5621460,2993.270
          -80.5772173,28.5621473,2992.629
          -80.5772167,28.5621486,2991.968
          -80.5772161,28.5621499,2991.290
          -80.5772156,28.5621512,2990.592
          -80.5772150,28.5621524,2989.876
          -80.5772144,28.5621536,2989.141
          -80.5772139,28.5621548,2988.388
          -80.5772134,28.5621560,2987.616
          -80.5772129,28.5621571,2986.824
          -80.5772124,28.5621582,2986.013
          -80.5772119,28.5621592,2985.193
          -80.5772115,28.5621602,2984.394
          -80.5772111,28.5621611,2983.605
          -80.5772107,28.5621620,2982.816
          -80.5772104,28.5621629,2982.019
          -80.5772100,28.5621637,2981.204
          -80.5772096,28.5621646,2980.360
          -80.5772092,28.5621654,2979.485
          -80.5772088,28.5621663,2978.552
          -80.5772084,28.5621673,2977.541
          -80.5772080,28.5621682,2976.619
          -80.5772076,28.5621691,2975.785
          -80.5772073,28.5621698,2975.016
          -80.5772070,28.5621705,2974.312
          -80.5772067,28.5621712,2973.645
          -80.5772063,28.5621719,2972.984
          -80.5772060,28.5621726,2972.330
          -80.5772057,28.5621733,2971.684
          -80.5772054,28.5621740,2971.038
          -80.5772050,28.5621748,2970.389
          -80.5772047,28.5621755,2969.726
          -80.5772043,28.5621763,2969.048
          -80.5772040,28.5621771,2968.359
          -80.5772036,28.5621780,2967.655
          -80.5772032,28.5621788,2966.933
          -80.5772027,28.5621798,2966.172
          -80.5772022,28.5621808,2965.354
          -80.5772017,28.5621819,2964.461
          -80.5772011,28.5621832,2963.453
          -80.5772004,28.5621847,2962.246
          -80.5771995,28.5621864,2960.883
          -80.5771987,28.5621882,2959.495
          -80.5771979,28.5621899,2958.083
          -80.5771970,28.5621917,2956.647
          -80.5771962,28.5621934,2955.188
          -80.5771954,28.5621951,2953.706
          -80.5771947,28.5621965,2952.460
          -80.5771942,28.5621977,2951.390
          -80.5771937,28.5621987,2950.431
          -80.5771933,28.5621996,2949.538
          -80.5771928,28.5622005,2948.683
          -80.5771925,28.5622013,2947.852
          -80.5771921,28.5622021,2947.036
          -80.5771917,28.5622028,2946.213
          -80.5771914,28.5622036,2945.363
          -80.5771910,28.5622044,2944.482
          -80.5771907,28.5622052,2943.557
          -80.5771903,28.5622060,2942.561
          -80.5771899,28.5622069,2941.450
          -80.5771894,28.5622079,2940.129
          -80.5771888,28.5622091,2938.442
          -80.5771883,28.5622104,2936.732
          -80.5771877,28.5622116,2934.999
          -80.5771871,28.5622129,2933.241
          -80.5771865,28.5622142,2931.459
          -80.5771860,28.5622152,2930.093
          -80.5771856,28.5622161,2928.906
          -80.5771853,28.5622169,2927.813
          -80.5771849,28.5622177,2926.789
          -80.5771845,28.5622185,2925.793
          -80.5771841,28.5622193,2924.781
          -80.5771838,28.5622201,2923.755
          -80.5771834,28.5622209,2922.731
          -80.5771829,28.5622218,2921.660
          -80.5771825,28.5622228,2920.481
          -80.5771819,28.5622240,2919.146
          -80.5771813,28.5622254,2917.510
          -80.5771804,28.5622271,2915.526
          -80.5771796,28.5622288,2913.518
          -80.5771788,28.5622305,2911.486
          -80.5771780,28.5622322,2909.432
          -80.5771772,28.5622339,2907.355
          -80.5771766,28.5622351,2905.776
          -80.5771761,28.5622362,2904.407
          -80.5771757,28.5622371,2903.156
          -80.5771753,28.5622380,2901.972
          -80.5771749,28.5622388,2900.782
          -80.5771745,28.5622396,2899.550
          -80.5771740,28.5622405,2898.234
          -80.5771736,28.5622415,2896.710
          -80.5771729,28.5622429,2894.611
          -80.5771723,28.5622443,2892.383
          -80.5771716,28.5622457,2890.131
          -80.5771710,28.5622471,2887.856
          -80.5771703,28.5622485,2885.557
          -80.5771698,28.5622496,2883.820
          -80.5771692,28.5622508,2882.069
          -80.5771687,28.5622520,2880.275
          -80.5771681,28.5622532,2878.428
          -80.5771674,28.5622545,2876.431
          -80.5771667,28.5622562,2874.018
          -80.5771659,28.5622578,2871.581
          -80.5771651,28.5622595,2869.122
          -80.5771643,28.5622611,2866.639
          -80.5771635,28.5622628,2864.134
          -80.5771627,28.5622644,2861.607
          -80.5771620,28.5622660,2859.164
          -80.5771613,28.5622674,2856.835
          -80.5771607,28.5622687,2854.727
          -80.5771600,28.5622701,2852.322
          -80.5771593,28.5622716,2849.694
          -80.5771586,28.5622731,2847.043
          -80.5771579,28.5622746,2844.369
          -80.5771572,28.5622761,2841.673
          -80.5771565,28.5622776,2838.954
          -80.5771558,28.5622790,2836.499
          -80.5771552,28.5622803,2834.152
          -80.5771545,28.5622817,2831.738
          -80.5771538,28.5622832,2829.301
          -80.5771530,28.5622849,2826.479
          -80.5771522,28.5622866,2823.636
          -80.5771514,28.5622883,2820.769
          -80.5771505,28.5622899,2817.881
          -80.5771498,28.5622915,2815.146
          -80.5771492,28.5622928,2812.838
          -80.5771485,28.5622942,2810.286
          -80.5771478,28.5622958,2807.320
          -80.5771470,28.5622973,2804.333
          -80.5771463,28.5622989,2801.323
          -80.5771455,28.5623004,2798.292
          -80.5771448,28.5623020,2795.238
          -80.5771440,28.5623036,2792.163
          -80.5771433,28.5623050,2789.420
          -80.5771427,28.5623063,2786.950
          -80.5771420,28.5623079,2784.009
          -80.5771411,28.5623096,2780.853
          -80.5771403,28.5623113,2777.675
          -80.5771395,28.5623130,2774.475
          -80.5771387,28.5623147,2771.254
          -80.5771379,28.5623164,2768.012
          -80.5771371,28.5623180,2764.748
          -80.5771363,28.5623196,2761.464
          -80.5771355,28.5623212,2758.158
          -80.5771347,28.5623229,2754.830
          -80.5771340,28.5623245,2751.481
          -80.5771332,28.5623261,2748.110
          -80.5771324,28.5623278,2744.718
          -80.5771316,28.5623294,2741.402
          -80.5771308,28.5623311,2737.967
          -80.5771299,28.5623328,2734.510
          -80.5771291,28.5623346,2731.032
          -80.5771282,28.5623363,2727.533
          -80.5771274,28.5623381,2724.014
          -80.5771266,28.5623397,2720.580
          -80.5771258,28.5623414,2717.019
          -80.5771250,28.5623430,2713.438
          -80.5771242,28.5623447,2709.836
          -80.5771234,28.5623463,2706.213
          -80.5771226,28.5623480,2702.569
          -80.5771217,28.5623497,2698.904
          -80.5771209,28.5623515,2695.218
          -80.5771200,28.5623532,2691.510
          -80.5771192,28.5623549,2687.782
          -80.5771183,28.5623567,2684.034
          -80.5771175,28.5623584,2680.265
          -80.5771167,28.5623602,2676.475
          -80.5771158,28.5623619,2672.666
          -80.5771150,28.5623635,2668.836
          -80.5771142,28.5623652,2664.985
          -80.5771134,28.5623669,2661.114
          -80.5771125,28.5623687,2657.223
          -80.5771117,28.5623704,2653.346
          -80.5771108,28.5623722,2649.414
          -80.5771099,28.5623740,2645.461
          -80.5771090,28.5623758,2641.488
          -80.5771082,28.5623776,2637.495
          -80.5771073,28.5623793,2633.657
          -80.5771066,28.5623808,2630.220
          -80.5771058,28.5623825,2626.172
          -80.5771049,28.5623842,2622.104
          -80.5771041,28.5623860,2618.016
          -80.5771032,28.5623877,2613.907
          -80.5771024,28.5623895,2609.868
          -80.5771015,28.5623913,2605.720
          -80.5771006,28.5623932,2601.552
          -80.5770997,28.5623950,2597.364
          -80.5770988,28.5623968,2593.157
          -80.5770979,28.5623986,2588.931
          -80.5770970,28.5624004,2584.685
          -80.5770961,28.5624022,2580.420
          -80.5770953,28.5624040,2576.136
          -80.5770944,28.5624058,2571.832
          -80.5770935,28.5624076,2567.509
          -80.5770926,28.5624094,2563.167
          -80.5770917,28.5624112,2558.805
          -80.5770908,28.5624131,2554.423
          -80.5770899,28.5624149,2550.023
          -80.5770890,28.5624168,2545.603
          -80.5770881,28.5624186,2541.165
          -80.5770872,28.5624204,2536.708
          -80.5770863,28.5624223,2532.232
          -80.5770854,28.5624241,2527.737
          -80.5770845,28.5624260,2523.223
          -80.5770836,28.5624278,2518.690
          -80.5770826,28.5624297,2514.138
          -80.5770817,28.5624316,2509.568
          -80.5770808,28.5624334,2504.979
          -80.5770799,28.5624353,2500.371
          -80.5770789,28.5624372,2495.745
          -80.5770780,28.5624391,2491.101
          -80.5770771,28.5624410,2486.438
          -80.5770762,28.5624429,2481.756
          -80.5770752,28.5624448,2477.057
          -80.5770743,28.5624467,2472.339
          -80.5770733,28.5624486,2467.603
          -80.5770724,28.5624505,2462.848
          -80.5770715,28.5624524,2458.076
          -80.5770705,28.5624543,2453.286
          -80.5770696,28.5624562,2448.477
          -80.5770687,28.5624581,2443.651
          -80.5770677,28.5624600,2438.806
          -80.5770667,28.5624620,2433.944
          -80.5770658,28.5624640,2429.063
          -80.5770648,28.5624659,2424.165
          -80.5770638,28.5624678,2419.250
          -80.5770629,28.5624698,2414.317
          -80.5770619,28.5624717,2409.367
          -80.5770610,28.5624736,2404.399
          -80.5770600,28.5624756,2399.413
          -80.5770590,28.5624776,2394.410
          -80.5770581,28.5624796,2389.389
          -80.5770571,28.5624816,2384.351
          -80.5770561,28.5624836,2379.296
          -80.5770551,28.5624855,2374.224
          -80.5770541,28.5624875,2369.134
          -80.5770531,28.5624895,2364.028
          -80.5770522,28.5624915,2358.905
          -80.5770512,28.5624935,2353.764
          -80.5770502,28.5624955,2348.607
          -80.5770492,28.5624975,2343.433
          -80.5770482,28.5624996,2338.241
          -80.5770472,28.5625016,2333.034
          -80.5770462,28.5625036,2327.809
          -80.5770452,28.5625056,2322.568
          -80.5770442,28.5625076,2317.311
          -80.5770432,28.5625096,2312.036
          -80.5770422,28.5625117,2306.746
          -80.5770411,28.5625137,2301.438
          -80.5770401,28.5625158,2296.115
          -80.5770391,28.5625179,2290.775
          -80.5770381,28.5625199,2285.419
          -80.5770370,28.5625220,2280.046
          -80.5770360,28.5625241,2274.658
          -80.5770350,28.5625261,2269.253
          -80.5770339,28.5625282,2263.833
          -80.5770329,28.5625303,2258.396
          -80.5770319,28.5625324,2252.944
          -80.5770308,28.5625345,2247.475
          -80.5770298,28.5625366,2241.991
          -80.5770287,28.5625387,2236.491
          -80.5770277,28.5625408,2230.976
          -80.5770266,28.5625429,2225.445
          -80.5770256,28.5625450,2219.898
          -80.5770245,28.5625472,2214.336
          -80.5770234,28.5625493,2208.758
          -80.5770224,28.5625514,2203.165
          -80.5770213,28.5625536,2197.557
          -80.5770202,28.5625557,2191.933
          -80.5770192,28.5625579,2186.294
          -80.5770181,28.5625600,2180.640
          -80.5770170,28.5625622,2174.970
          -80.5770159,28.5625643,2169.286
          -80.5770148,28.5625665,2163.587
          -80.5770137,28.5625687,2157.873
          -80.5770126,28.5625708,2152.144
          -80.5770115,28.5625730,2146.399
          -80.5770104,28.5625752,2140.641
          -80.5770093,28.5625774,2134.867
          -80.5770082,28.5625796,2129.079
          -80.5770071,28.5625818,2123.277
          -80.5770060,28.5625840,2117.459
          -80.5770049,28.5625863,2111.627
          -80.5770038,28.5625885,2105.781
          -80.5770026,28.5625908,2099.921
          -80.5770015,28.5625930,2094.046
          -80.5770004,28.5625952,2088.157
          -80.5769993,28.5625974,2082.254
          -80.5769981,28.5625997,2076.337
          -80.5769970,28.5626020,2070.405
          -80.5769958,28.5626042,2064.460
          -80.5769947,28.5626065,2058.500
          -80.5769935,28.5626087,2052.527
          -80.5769924,28.5626110,2046.540
          -80.5769912,28.5626133,2040.539
          -80.5769901,28.5626156,2034.524
          -80.5769889,28.5626179,2028.496
          -80.5769877,28.5626202,2022.454
          -80.5769865,28.5626225,2016.399
          -80.5769854,28.5626248,2010.330
          -80.5769842,28.5626271,2004.248
          -80.5769830,28.5626294,1998.152
          -80.5769818,28.5626318,1992.043
          -80.5769806,28.5626341,1985.920
          -80.5769794,28.5626365,1979.785
          -80.5769782,28.5626388,1973.636
          -80.5769770,28.5626411,1967.474
          -80.5769758,28.5626435,1961.300
          -80.5769746,28.5626458,1955.112
          -80.5769734,28.5626482,1948.911
          -80.5769722,28.5626506,1942.697
          -80.5769709,28.5626530,1936.471
          -80.5769697,28.5626554,1930.232
          -80.5769685,28.5626577,1923.980
          -80.5769672,28.5626601,1917.716
          -80.5769660,28.5626625,1911.439
          -80.5769648,28.5626649,1905.150
          -80.5769635,28.5626673,1898.848
          -80.5769622,28.5626698,1892.533
          -80.5769610,28.5626722,1886.207
          -80.5769597,28.5626746,1879.868
          -80.5769585,28.5626771,1873.516
          -80.5769572,28.5626795,1867.153
          -80.5769559,28.5626820,1860.778
          -80.5769546,28.5626844,1854.390
          -80.5769533,28.5626869,1847.991
          -80.5769521,28.5626893,1841.580
          -80.5769508,28.5626918,1835.156
          -80.5769495,28.5626943,1828.721
          -80.5769481,28.5626968,1822.274
          -80.5769468,28.5626993,1815.815
          -80.5769466,28.5626998,1814.556
          -80.5769452,28.5627023,1808.109
          -80.5769439,28.5627047,1801.700
          -80.5769426,28.5627072,1795.329
          -80.5769414,28.5627097,1788.995
          -80.5769401,28.5627121,1782.698
          -80.5769389,28.5627144,1776.436
          -80.5769377,28.5627167,1770.210
          -80.5769365,28.5627189,1764.019
          -80.5769355,28.5627211,1757.862
          -80.5769344,28.5627231,1751.739
          -80.5769335,28.5627250,1745.651
          -80.5769327,28.5627267,1739.596
          -80.5769320,28.5627282,1733.576
          -80.5769314,28.5627295,1727.589
          -80.5769310,28.5627306,1721.636
          -80.5769307,28.5627313,1715.719
          -80.5769307,28.5627318,1709.837
          -80.5769309,28.5627319,1703.993
          -80.5769315,28.5627315,1698.189
          -80.5769323,28.5627306,1692.427
          -80.5769335,28.5627291,1686.711
          -80.5769351,28.5627271,1681.045
          -80.5769371,28.5627245,1675.804
          -80.5769390,28.5627218,1671.559
          -80.5769406,28.5627196,1668.567
          -80.5769423,28.5627172,1665.717
          -80.5769442,28.5627145,1662.909
          -80.5769464,28.5627114,1660.022
          -80.5769489,28.5627079,1657.091
          -80.5769512,28.5627046,1654.615
          -80.5769534,28.5627013,1652.382
          -80.5769558,28.5626979,1650.212
          -80.5769582,28.5626943,1648.151
          -80.5769608,28.5626906,1646.164
          -80.5769634,28.5626868,1644.259
          -80.5769661,28.5626829,1642.410
          -80.5769689,28.5626787,1640.577
          -80.5769719,28.5626743,1638.808
          -80.5769750,28.5626698,1637.081
          -80.5769782,28.5626651,1635.392
          -80.5769815,28.5626602,1633.762
          -80.5769848,28.5626553,1632.216
          -80.5769882,28.5626502,1630.693
          -80.5769915,28.5626453,1629.304
          -80.5769947,28.5626405,1628.014
          -80.5769979,28.5626359,1626.812
          -80.5770009,28.5626314,1625.698
          -80.5770038,28.5626270,1624.659
          -80.5770066,28.5626228,1623.688
          -80.5770094,28.5626187,1622.774
          -80.5770120,28.5626148,1621.908
          -80.5770147,28.5626108,1621.066
          -80.5770174,28.5626068,1620.249
          -80.5770200,28.5626029,1619.461
          -80.5770226,28.5625991,1618.701
          -80.5770252,28.5625952,1617.958
          -80.5770277,28.5625913,1617.235
          -80.5770303,28.5625875,1616.528
          -80.5770329,28.5625836,1615.829
          -80.5770356,28.5625796,1615.131
          -80.5770383,28.5625756,1614.432
          -80.5770410,28.5625714,1613.729
          -80.5770439,28.5625671,1613.014
          -80.5770469,28.5625626,1612.281
          -80.5770501,28.5625579,1611.530
          -80.5770531,28.5625533,1610.810
          -80.5770561,28.5625488,1610.119
          -80.5770590,28.5625444,1609.454
          -80.5770619,28.5625402,1608.811
          -80.5770646,28.5625360,1608.189
          -80.5770673,28.5625319,1607.584
          -80.5770700,28.5625279,1606.995
          -80.5770726,28.5625239,1606.419
          -80.5770752,28.5625200,1605.854
          -80.5770777,28.5625162,1605.298
          -80.5770802,28.5625125,1604.749
          -80.5770827,28.5625088,1604.206
          -80.5770851,28.5625051,1603.665
          -80.5770874,28.5625015,1603.126
          -80.5770898,28.5624980,1602.586
          -80.5770921,28.5624945,1602.052
          -80.5770941,28.5624914,1601.572
          -80.5770959,28.5624887,1601.133
          -80.5770976,28.5624861,1600.717
          -80.5770992,28.5624837,1600.322
          -80.5771007,28.5624814,1599.941
          -80.5771021,28.5624793,1599.571
          -80.5771035,28.5624772,1599.211
          -80.5771048,28.5624752,1598.863
          -80.5771060,28.5624733,1598.524
          -80.5771072,28.5624715,1598.190
          -80.5771084,28.5624697,1597.858
          -80.5771095,28.5624680,1597.527
          -80.5771106,28.5624663,1597.196
          -80.5771118,28.5624646,1596.863
          -80.5771128,28.5624629,1596.527
          -80.5771139,28.5624613,1596.188
          -80.5771150,28.5624597,1595.846
          -80.5771161,28.5624580,1595.500
          -80.5771171,28.5624564,1595.144
          -80.5771182,28.5624548,1594.777
          -80.5771193,28.5624531,1594.399
          -80.5771204,28.5624515,1594.013
          -80.5771214,28.5624498,1593.618
          -80.5771225,28.5624482,1593.216
          -80.5771236,28.5624465,1592.808
          -80.5771246,28.5624449,1592.391
          -80.5771257,28.5624433,1591.963
          -80.5771267,28.5624417,1591.522
          -80.5771278,28.5624400,1591.065
          -80.5771289,28.5624384,1590.590
          -80.5771300,28.5624367,1590.097
          -80.5771311,28.5624350,1589.581
          -80.5771322,28.5624333,1589.047
          -80.5771333,28.5624316,1588.490
          -80.5771344,28.5624299,1587.907
          -80.5771355,28.5624281,1587.292
          -80.5771367,28.5624264,1586.639
          -80.5771378,28.5624245,1585.943
          -80.5771390,28.5624227,1585.194
          -80.5771402,28.5624208,1584.399
          -80.5771415,28.5624189,1583.533
          -80.5771428,28.5624168,1582.566
          -80.5771441,28.5624147,1581.436
          -80.5771456,28.5624122,1580.062
          -80.5771474,28.5624094,1578.203
          -80.5771480,28.5624083,1577.516
          -80.5771489,28.5624070,1576.688
          -80.5771499,28.5624053,1575.690
          -80.5771510,28.5624034,1574.616
          -80.5771525,28.5624009,1573.197
          -80.5771542,28.5623980,1571.629
          -80.5771558,28.5623953,1570.175
          -80.5771575,28.5623925,1568.724
          -80.5771593,28.5623895,1567.221
          -80.5771610,28.5623865,1565.746
          -80.5771627,28.5623836,1564.312
          -80.5771644,28.5623807,1562.874
          -80.5771662,28.5623777,1561.439
          -80.5771680,28.5623747,1559.995
          -80.5771698,28.5623718,1558.557
          -80.5771716,28.5623688,1557.115
          -80.5771733,28.5623658,1555.687
          -80.5771751,28.5623629,1554.260
          -80.5771768,28.5623599,1552.825
          -80.5771785,28.5623570,1551.386
          -80.5771802,28.5623541,1549.956
          -80.5771819,28.5623513,1548.540
          -80.5771835,28.5623484,1547.138
          -80.5771852,28.5623455,1545.710
          -80.5771870,28.5623425,1544.203
          -80.5771887,28.5623396,1542.736
          -80.5771903,28.5623368,1541.309
          -80.5771919,28.5623339,1539.862
          -80.5771936,28.5623311,1538.419
          -80.5771951,28.5623284,1537.010
          -80.5771967,28.5623256,1535.563
          -80.5771984,28.5623228,1534.085
          -80.5772000,28.5623200,1532.587
          -80.5772016,28.5623172,1531.114
          -80.5772031,28.5623146,1529.706
          -80.5772047,28.5623120,1528.271
          -80.5772062,28.5623093,1526.807
          -80.5772078,28.5623066,1525.341
          -80.5772094,28.5623039,1523.862
          -80.5772111,28.5623009,1522.246
          -80.5772128,28.5622980,1520.605
          -80.5772144,28.5622952,1519.026
          -80.5772161,28.5622923,1517.384
          -80.5772178,28.5622894,1515.709
          -80.5772197,28.5622863,1513.892
          -80.5772213,28.5622835,1512.256
          -80.5772228,28.5622809,1510.719
          -80.5772242,28.5622785,1509.254
          -80.5772257,28.5622759,1507.682
          -80.5772274,28.5622729,1505.873
          -80.5772287,28.5622706,1504.473
          -80.5772301,28.5622682,1502.983
          -80.5772316,28.5622656,1501.433
          -80.5772329,28.5622634,1500.045
          -80.5772341,28.5622611,1498.613
          -80.5772354,28.5622589,1497.178
          -80.5772366,28.5622567,1495.702
          -80.5772378,28.5622545,1494.316
          -80.5772390,28.5622525,1492.949
          -80.5772401,28.5622503,1491.525
          -80.5772415,28.5622480,1489.946
          -80.5772426,28.5622460,1488.566
          -80.5772437,28.5622440,1487.182
          -80.5772449,28.5622417,1485.601
          -80.5772462,28.5622393,1484.020
          -80.5772474,28.5622370,1482.474
          -80.5772486,28.5622348,1480.971
          -80.5772498,28.5622327,1479.510
          -80.5772508,28.5622307,1478.076
          -80.5772519,28.5622287,1476.636
          -80.5772529,28.5622267,1475.207
          -80.5772540,28.5622246,1473.711
          -80.5772551,28.5622225,1472.211
          -80.5772562,28.5622205,1470.773
          -80.5772572,28.5622186,1469.332
          -80.5772582,28.5622167,1467.888
          -80.5772593,28.5622147,1466.378
          -80.5772603,28.5622127,1464.883
          -80.5772614,28.5622107,1463.396
          -80.5772624,28.5622087,1461.894
          -80.5772635,28.5622067,1460.404
          -80.5772645,28.5622048,1458.913
          -80.5772655,28.5622029,1457.430
          -80.5772665,28.5622010,1455.943
          -80.5772675,28.5621991,1454.465
          -80.5772684,28.5621972,1452.980
          -80.5772694,28.5621954,1451.501
          -80.5772704,28.5621935,1450.012
          -80.5772714,28.5621916,1448.565
          -80.5772724,28.5621898,1447.129
          -80.5772733,28.5621880,1445.697
          -80.5772743,28.5621862,1444.263
          -80.5772752,28.5621844,1442.823
          -80.5772762,28.5621827,1441.388
          -80.5772771,28.5621809,1439.950
          -80.5772780,28.5621792,1438.511
          -80.5772789,28.5621774,1437.063
          -80.5772798,28.5621757,1435.618
          -80.5772807,28.5621740,1434.167
          -80.5772816,28.5621723,1432.710
          -80.5772825,28.5621705,1431.246
          -80.5772835,28.5621688,1429.786
          -80.5772844,28.5621670,1428.322
          -80.5772853,28.5621653,1426.864
          -80.5772863,28.5621635,1425.395
          -80.5772871,28.5621618,1423.942
          -80.5772880,28.5621602,1422.484
          -80.5772889,28.5621585,1421.022
          -80.5772898,28.5621568,1419.566
          -80.5772907,28.5621552,1418.113
          -80.5772915,28.5621536,1416.663
          -80.5772924,28.5621520,1415.227
          -80.5772932,28.5621504,1413.780
          -80.5772940,28.5621488,1412.337
          -80.5772948,28.5621472,1410.898
          -80.5772956,28.5621457,1409.464
          -80.5772964,28.5621441,1408.026
          -80.5772972,28.5621426,1406.583
          -80.5772980,28.5621411,1405.154
          -80.5772988,28.5621396,1403.757
          -80.5772996,28.5621381,1402.386
          -80.5773004,28.5621366,1400.985
          -80.5773012,28.5621352,1399.602
          -80.5773019,28.5621338,1398.238
          -80.5773027,28.5621323,1396.832
          -80.5773034,28.5621308,1395.382
          -80.5773042,28.5621294,1393.969
          -80.5773050,28.5621279,1392.554
          -80.5773057,28.5621265,1391.106
          -80.5773065,28.5621251,1389.654
          -80.5773072,28.5621237,1388.219
          -80.5773079,28.5621223,1386.783
          -80.5773087,28.5621209,1385.369
          -80.5773094,28.5621196,1383.974
          -80.5773100,28.5621183,1382.621
          -80.5773107,28.5621170,1381.306
          -80.5773113,28.5621157,1380.006
          -80.5773119,28.5621145,1378.707
          -80.5773126,28.5621132,1377.396
          -80.5773132,28.5621120,1376.092
          -80.5773138,28.5621107,1374.699
          -80.5773146,28.5621093,1373.207
          -80.5773155,28.5621077,1371.478
          -80.5773162,28.5621064,1370.095
          -80.5773170,28.5621049,1368.391
          -80.5773177,28.5621036,1366.861
          -80.5773183,28.5621024,1365.394
          -80.5773190,28.5621012,1363.999
          -80.5773196,28.5621001,1362.723
          -80.5773202,28.5620988,1361.294
          -80.5773208,28.5620977,1359.904
          -80.5773214,28.5620966,1358.527
          -80.5773220,28.5620954,1357.150
          -80.5773226,28.5620943,1355.774
          -80.5773232,28.5620932,1354.399
          -80.5773238,28.5620921,1353.037
          -80.5773243,28.5620911,1351.708
          -80.5773250,28.5620899,1350.314
          -80.5773256,28.5620888,1348.913
          -80.5773262,28.5620876,1347.520
          -80.5773268,28.5620865,1346.125
          -80.5773274,28.5620854,1344.729
          -80.5773280,28.5620843,1343.330
          -80.5773286,28.5620832,1341.932
          -80.5773292,28.5620821,1340.553
          -80.5773297,28.5620809,1339.042
          -80.5773304,28.5620796,1337.321
          -80.5773311,28.5620784,1335.741
          -80.5773318,28.5620771,1334.159
          -80.5773324,28.5620760,1332.567
          -80.5773331,28.5620747,1330.877
          -80.5773337,28.5620736,1329.251
          -80.5773342,28.5620725,1327.774
          -80.5773347,28.5620714,1326.260
          -80.5773353,28.5620704,1324.794
          -80.5773359,28.5620693,1323.315
          -80.5773364,28.5620683,1321.872
          -80.5773368,28.5620674,1320.548
          -80.5773373,28.5620666,1319.272
          -80.5773378,28.5620657,1317.986
          -80.5773382,28.5620648,1316.698
          -80.5773387,28.5620639,1315.405
          -80.5773391,28.5620630,1314.114
          -80.5773396,28.5620622,1312.826
          -80.5773400,28.5620613,1311.539
          -80.5773405,28.5620605,1310.254
          -80.5773409,28.5620596,1308.975
          -80.5773413,28.5620588,1307.692
          -80.5773418,28.5620580,1306.427
          -80.5773422,28.5620571,1305.129
          -80.5773428,28.5620561,1303.695
          -80.5773434,28.5620550,1302.086
          -80.5773440,28.5620539,1300.528
          -80.5773446,28.5620527,1298.882
          -80.5773452,28.5620516,1297.279
          -80.5773456,28.5620508,1296.005
          -80.5773460,28.5620500,1294.718
          -80.5773464,28.5620492,1293.450
          -80.5773468,28.5620484,1292.184
          -80.5773472,28.5620476,1290.933
          -80.5773476,28.5620468,1289.663
          -80.5773482,28.5620458,1288.131
          -80.5773486,28.5620450,1286.761
          -80.5773490,28.5620442,1285.415
          -80.5773494,28.5620434,1284.146
          -80.5773498,28.5620426,1282.866
          -80.5773502,28.5620418,1281.568
          -80.5773506,28.5620410,1280.282
          -80.5773511,28.5620402,1278.987
          -80.5773515,28.5620394,1277.694
          -80.5773519,28.5620386,1276.404
          -80.5773523,28.5620378,1275.115
          -80.5773527,28.5620370,1273.823
          -80.5773531,28.5620363,1272.535
          -80.5773535,28.5620355,1271.243
          -80.5773538,28.5620348,1269.958
          -80.5773542,28.5620340,1268.668
          -80.5773546,28.5620333,1267.381
          -80.5773550,28.5620325,1266.108
          -80.5773553,28.5620318,1264.854
          -80.5773556,28.5620311,1263.596
          -80.5773560,28.5620302,1261.859
          -80.5773564,28.5620294,1260.248
          -80.5773568,28.5620286,1258.630
          -80.5773572,28.5620278,1257.130
          -80.5773575,28.5620270,1255.577
          -80.5773578,28.5620263,1254.276
          -80.5773582,28.5620256,1252.959
          -80.5773585,28.5620249,1251.630
          -80.5773588,28.5620242,1250.199
          -80.5773591,28.5620236,1248.797
          -80.5773594,28.5620229,1247.370
          -80.5773597,28.5620222,1245.733
          -80.5773601,28.5620214,1244.175
          -80.5773604,28.5620206,1242.659
          -80.5773607,28.5620199,1241.171
          -80.5773611,28.5620192,1239.684
          -80.5773614,28.5620185,1238.207
          -80.5773617,28.5620178,1236.721
          -80.5773620,28.5620170,1235.221
          -80.5773624,28.5620164,1233.773
          -80.5773626,28.5620157,1232.330
          -80.5773629,28.5620150,1230.876
          -80.5773632,28.5620144,1229.425
          -80.5773635,28.5620137,1227.970
          -80.5773638,28.5620131,1226.528
          -80.5773641,28.5620125,1225.067
          -80.5773643,28.5620118,1223.642
          -80.5773646,28.5620112,1222.207
          -80.5773648,28.5620106,1220.761
          -80.5773651,28.5620100,1219.323
          -80.5773653,28.5620094,1217.893
          -80.5773656,28.5620087,1216.421
          -80.5773660,28.5620080,1214.866
          -80.5773663,28.5620074,1213.411
          -80.5773666,28.5620067,1211.970
          -80.5773669,28.5620061,1210.517
          -80.5773672,28.5620055,1209.064
          -80.5773675,28.5620048,1207.611
          -80.5773678,28.5620042,1206.161
          -80.5773680,28.5620036,1204.706
          -80.5773683,28.5620030,1203.222
          -80.5773686,28.5620024,1201.731
          -80.5773689,28.5620018,1200.211
          -80.5773692,28.5620012,1198.742
          -80.5773694,28.5620006,1197.269
          -80.5773697,28.5620000,1195.805
          -80.5773699,28.5619994,1194.324
          -80.5773702,28.5619989,1192.848
          -80.5773704,28.5619983,1191.379
          -80.5773707,28.5619978,1189.903
          -80.5773709,28.5619972,1188.392
          -80.5773712,28.5619966,1186.681
          -80.5773715,28.5619960,1185.214
          -80.5773718,28.5619954,1183.731
          -80.5773721,28.5619948,1182.233
          -80.5773724,28.5619942,1180.705
          -80.5773727,28.5619936,1179.011
          -80.5773729,28.5619931,1177.642
          -80.5773731,28.5619927,1176.317
          -80.5773733,28.5619921,1174.919
          -80.5773736,28.5619916,1173.523
          -80.5773738,28.5619911,1172.104
          -80.5773741,28.5619906,1170.680
          -80.5773743,28.5619901,1169.228
          -80.5773746,28.5619895,1167.666
          -80.5773748,28.5619892,1166.447
          -80.5773750,28.5619887,1165.011
          -80.5773752,28.5619882,1163.587
          -80.5773754,28.5619877,1162.162
          -80.5773757,28.5619872,1160.746
          -80.5773759,28.5619868,1159.328
          -80.5773761,28.5619863,1157.906
          -80.5773763,28.5619859,1156.474
          -80.5773765,28.5619854,1155.040
          -80.5773767,28.5619850,1153.604
          -80.5773769,28.5619845,1152.174
          -80.5773771,28.5619841,1150.695
          -80.5773774,28.5619836,1148.981
          -80.5773775,28.5619832,1147.579
          -80.5773776,28.5619829,1146.225
          -80.5773777,28.5619826,1144.887
          -80.5773778,28.5619823,1143.617
          -80.5773780,28.5619819,1142.279
          -80.5773782,28.5619815,1140.914
          -80.5773783,28.5619812,1139.555
          -80.5773785,28.5619808,1138.201
          -80.5773786,28.5619805,1136.842
          -80.5773788,28.5619801,1135.487
          -80.5773789,28.5619798,1134.128
          -80.5773790,28.5619794,1132.771
          -80.5773792,28.5619791,1131.420
          -80.5773793,28.5619788,1130.055
          -80.5773794,28.5619784,1128.694
          -80.5773796,28.5619781,1127.346
          -80.5773797,28.5619778,1125.986
          -80.5773798,28.5619775,1124.600
          -80.5773799,28.5619772,1123.310
          -80.5773799,28.5619770,1122.018
          -80.5773800,28.5619768,1120.721
          -80.5773801,28.5619765,1119.281
          -80.5773802,28.5619762,1117.893
          -80.5773803,28.5619759,1116.518
          -80.5773804,28.5619756,1115.137
          -80.5773805,28.5619753,1113.751
          -80.5773807,28.5619750,1112.376
          -80.5773808,28.5619747,1111.159
          -80.5773809,28.5619744,1109.958
          -80.5773811,28.5619741,1108.736
          -80.5773812,28.5619737,1107.288
          -80.5773814,28.5619733,1105.865
          -80.5773815,28.5619729,1104.496
          -80.5773817,28.5619726,1102.904
          -80.5773818,28.5619723,1101.379
          -80.5773819,28.5619719,1099.938
          -80.5773821,28.5619716,1098.549
          -80.5773822,28.5619713,1097.067
          -80.5773823,28.5619710,1095.500
          -80.5773824,28.5619707,1093.931
          -80.5773826,28.5619704,1092.362
          -80.5773827,28.5619701,1090.750
          -80.5773828,28.5619698,1089.106
          -80.5773829,28.5619695,1087.495
          -80.5773830,28.5619692,1085.875
          -80.5773831,28.5619690,1084.256
          -80.5773832,28.5619687,1082.637
          -80.5773833,28.5619685,1081.065
          -80.5773834,28.5619682,1079.523
          -80.5773835,28.5619680,1077.994
          -80.5773836,28.5619677,1076.404
          -80.5773837,28.5619675,1074.750
          -80.5773838,28.5619673,1073.118
          -80.5773838,28.5619670,1071.473
          -80.5773839,28.5619668,1069.846
          -80.5773840,28.5619666,1068.251
          -80.5773841,28.5619665,1066.692
          -80.5773841,28.5619663,1065.149
          -80.5773842,28.5619661,1063.571
          -80.5773842,28.5619659,1061.904
          -80.5773843,28.5619658,1060.304
          -80.5773843,28.5619657,1059.041
          -80.5773843,28.5619657,1057.422
          -80.5773842,28.5619656,1055.807
          -80.5773842,28.5619655,1054.250
          -80.5773842,28.5619654,1052.674
          -80.5773841,28.5619653,1051.059
          -80.5773840,28.5619652,1049.407
          -80.5773840,28.5619651,1047.761
          -80.5773839,28.5619651,1046.111
          -80.5773839,28.5619650,1044.456
          -80.5773838,28.5619650,1042.792
          -80.5773838,28.5619649,1041.317
          -80.5773838,28.5619648,1039.951
          -80.5773839,28.5619647,1038.573
          -80.5773839,28.5619647,1037.239
          -80.5773839,28.5619647,1036.006
          -80.5773838,28.5619647,1034.785
          -80.5773837,28.5619646,1033.569
          -80.5773837,28.5619646,1032.387
          -80.5773836,28.5619646,1031.201
          -80.5773836,28.5619646,1030.018
          -80.5773836,28.5619646,1028.833
          -80.5773835,28.5619646,1027.656
          -80.5773835,28.5619646,1026.473
          -80.5773834,28.5619646,1025.292
          -80.5773834,28.5619646,1024.107
          -80.5773833,28.5619647,1022.934
          -80.5773833,28.5619647,1021.759
          -80.5773832,28.5619647,1020.576
          -80.5773831,28.5619647,1019.401
          -80.5773831,28.5619647,1018.228
          -80.5773830,28.5619648,1017.051
          -80.5773829,28.5619648,1015.872
          -80.5773829,28.5619648,1014.695
          -80.5773828,28.5619648,1013.521
          -80.5773828,28.5619648,1012.200
          -80.5773827,28.5619648,1010.881
          -80.5773827,28.5619648,1009.543
          -80.5773826,28.5619648,1008.184
          -80.5773826,28.5619647,1006.601
          -80.5773826,28.5619646,1005.130
          -80.5773826,28.5619646,1003.539
          -80.5773826,28.5619645,1001.890
          -80.5773825,28.5619645,1000.357
          -80.5773825,28.5619645,998.965
          -80.5773824,28.5619645,997.686
          -80.5773824,28.5619645,996.332
          -80.5773823,28.5619645,994.905
          -80.5773823,28.5619645,993.406
          -80.5773822,28.5619645,992.126
          -80.5773821,28.5619645,990.926
          -80.5773820,28.5619646,989.741
          -80.5773819,28.5619646,988.554
          -80.5773818,28.5619647,987.363
          -80.5773817,28.5619647,986.163
          -80.5773817,28.5619647,984.846
          -80.5773815,28.5619648,983.227
          -80.5773815,28.5619648,981.591
          -80.5773813,28.5619648,980.015
          -80.5773812,28.5619648,978.504
          -80.5773811,28.5619648,976.847
          -80.5773810,28.5619649,975.279
          -80.5773809,28.5619649,973.873
          -80.5773809,28.5619649,972.515
          -80.5773808,28.5619650,971.165
          -80.5773807,28.5619650,969.803
          -80.5773806,28.5619650,968.412
          -80.5773806,28.5619651,967.071
          -80.5773805,28.5619651,965.744
          -80.5773804,28.5619652,964.418
          -80.5773803,28.5619652,963.043
          -80.5773802,28.5619653,961.668
          -80.5773801,28.5619654,960.278
          -80.5773800,28.5619654,958.819
          -80.5773798,28.5619655,957.280
          -80.5773796,28.5619656,955.967
          -80.5773795,28.5619657,954.791
          -80.5773793,28.5619659,953.608
          -80.5773791,28.5619660,952.438
          -80.5773789,28.5619662,951.265
          -80.5773788,28.5619663,950.098
          -80.5773786,28.5619665,948.923
          -80.5773784,28.5619667,947.745
          -80.5773782,28.5619669,946.575
          -80.5773780,28.5619671,945.390
          -80.5773778,28.5619673,944.224
          -80.5773776,28.5619675,943.054
          -80.5773773,28.5619677,941.883
          -80.5773771,28.5619679,940.716
          -80.5773769,28.5619681,939.547
          -80.5773767,28.5619683,938.383
          -80.5773765,28.5619685,937.223
          -80.5773763,28.5619688,936.057
          -80.5773760,28.5619690,934.877
          -80.5773758,28.5619692,933.689
          -80.5773756,28.5619695,932.476
          -80.5773753,28.5619698,931.248
          -80.5773750,28.5619700,929.909
          -80.5773748,28.5619702,928.696
          -80.5773746,28.5619704,927.507
          -80.5773743,28.5619706,926.327
          -80.5773741,28.5619708,925.125
          -80.5773739,28.5619710,923.884
          -80.5773736,28.5619711,922.608
          -80.5773734,28.5619713,921.267
          -80.5773731,28.5619715,919.851
          -80.5773729,28.5619717,918.235
          -80.5773726,28.5619718,916.835
          -80.5773724,28.5619720,915.522
          -80.5773723,28.5619721,914.260
          -80.5773721,28.5619723,912.994
          -80.5773719,28.5619724,911.693
          -80.5773718,28.5619726,910.369
          -80.5773716,28.5619727,909.016
          -80.5773715,28.5619729,907.600
          -80.5773713,28.5619730,906.218
          -80.5773711,28.5619732,904.859
          -80.5773710,28.5619734,903.531
          -80.5773708,28.5619735,902.056
          -80.5773706,28.5619737,900.479
          -80.5773704,28.5619739,899.049
          -80.5773702,28.5619741,897.719
          -80.5773700,28.5619742,896.462
          -80.5773698,28.5619744,895.188
          -80.5773696,28.5619746,893.914
          -80.5773694,28.5619748,892.604
          -80.5773691,28.5619750,891.321
          -80.5773689,28.5619752,890.058
          -80.5773687,28.5619753,888.812
          -80.5773685,28.5619755,887.567
          -80.5773682,28.5619757,886.321
          -80.5773680,28.5619759,885.080
          -80.5773678,28.5619761,883.815
          -80.5773676,28.5619763,882.487
          -80.5773674,28.5619765,881.070
          -80.5773671,28.5619767,879.510
          -80.5773669,28.5619770,877.934
          -80.5773666,28.5619772,876.454
          -80.5773664,28.5619774,875.052
          -80.5773661,28.5619776,873.694
          -80.5773658,28.5619778,872.361
          -80.5773655,28.5619781,871.016
          -80.5773652,28.5619783,869.632
          -80.5773649,28.5619786,868.134
          -80.5773645,28.5619789,866.558
          -80.5773641,28.5619791,865.072
          -80.5773638,28.5619794,863.703
          -80.5773636,28.5619796,862.435
          -80.5773633,28.5619798,861.196
          -80.5773631,28.5619800,859.945
          -80.5773628,28.5619803,858.626
          -80.5773625,28.5619805,857.299
          -80.5773623,28.5619807,855.979
          -80.5773620,28.5619810,854.616
          -80.5773616,28.5619813,853.198
          -80.5773613,28.5619816,852.013
          -80.5773610,28.5619818,850.839
          -80.5773606,28.5619821,849.677
          -80.5773603,28.5619823,848.506
          -80.5773600,28.5619826,847.222
          -80.5773596,28.5619830,845.809
          -80.5773592,28.5619834,844.333
          -80.5773588,28.5619837,842.946
          -80.5773584,28.5619840,841.730
          -80.5773580,28.5619843,840.429
          -80.5773577,28.5619846,839.222
          -80.5773574,28.5619848,838.061
          -80.5773571,28.5619851,836.905
          -80.5773569,28.5619853,835.744
          -80.5773566,28.5619856,834.588
          -80.5773563,28.5619858,833.432
          -80.5773560,28.5619861,832.280
          -80.5773557,28.5619864,831.128
          -80.5773554,28.5619866,829.975
          -80.5773551,28.5619869,828.807
          -80.5773547,28.5619872,827.427
          -80.5773543,28.5619876,826.100
          -80.5773539,28.5619880,824.774
          -80.5773535,28.5619883,823.437
          -80.5773531,28.5619887,822.101
          -80.5773527,28.5619891,820.771
          -80.5773523,28.5619895,819.455
          -80.5773519,28.5619899,818.137
          -80.5773515,28.5619903,816.811
          -80.5773511,28.5619907,815.456
          -80.5773506,28.5619911,813.927
          -80.5773501,28.5619915,812.510
          -80.5773497,28.5619919,811.128
          -80.5773493,28.5619923,809.760
          -80.5773488,28.5619928,808.394
          -80.5773484,28.5619932,807.035
          -80.5773480,28.5619936,805.662
          -80.5773475,28.5619940,804.302
          -80.5773471,28.5619944,802.942
          -80.5773466,28.5619949,801.586
          -80.5773462,28.5619953,800.215
          -80.5773458,28.5619957,798.846
          -80.5773453,28.5619961,797.469
          -80.5773449,28.5619966,796.090
          -80.5773444,28.5619970,794.713
          -80.5773440,28.5619975,793.339
          -80.5773435,28.5619979,791.968
          -80.5773430,28.5619984,790.498
          -80.5773426,28.5619987,789.334
          -80.5773423,28.5619990,788.149
          -80.5773419,28.5619994,786.972
          -80.5773416,28.5619997,785.797
          -80.5773412,28.5620000,784.622
          -80.5773409,28.5620004,783.460
          -80.5773405,28.5620007,782.274
          -80.5773401,28.5620011,781.100
          -80.5773397,28.5620015,779.908
          -80.5773393,28.5620019,778.723
          -80.5773389,28.5620023,777.529
          -80.5773385,28.5620027,776.338
          -80.5773381,28.5620031,775.166
          -80.5773377,28.5620034,773.948
          -80.5773373,28.5620038,772.723
          -80.5773369,28.5620042,771.542
          -80.5773365,28.5620046,770.321
          -80.5773361,28.5620050,769.101
          -80.5773356,28.5620054,767.884
          -80.5773352,28.5620059,766.668
          -80.5773348,28.5620063,765.448
          -80.5773344,28.5620067,764.227
          -80.5773339,28.5620071,763.005
          -80.5773335,28.5620076,761.782
          -80.5773330,28.5620080,760.575
          -80.5773326,28.5620084,759.364
          -80.5773322,28.5620089,758.156
          -80.5773317,28.5620093,756.937
          -80.5773313,28.5620097,755.724
          -80.5773309,28.5620102,754.496
          -80.5773304,28.5620107,753.264
          -80.5773299,28.5620112,752.107
          -80.5773294,28.5620117,750.943
          -80.5773289,28.5620123,749.781
          -80.5773284,28.5620128,748.627
          -80.5773279,28.5620133,747.477
          -80.5773274,28.5620139,746.162
          -80.5773269,28.5620144,744.871
          -80.5773264,28.5620149,743.597
          -80.5773258,28.5620155,742.312
          -80.5773253,28.5620160,740.920
          -80.5773248,28.5620165,739.567
          -80.5773244,28.5620169,738.345
          -80.5773240,28.5620173,737.127
          -80.5773236,28.5620177,735.911
          -80.5773232,28.5620182,734.688
          -80.5773227,28.5620186,733.444
          -80.5773223,28.5620191,732.160
          -80.5773218,28.5620196,730.845
          -80.5773213,28.5620201,729.452
          -80.5773208,28.5620207,727.989
          -80.5773202,28.5620213,726.475
          -80.5773197,28.5620218,725.092
          -80.5773193,28.5620223,723.800
          -80.5773188,28.5620227,722.597
          -80.5773184,28.5620231,721.442
          -80.5773180,28.5620235,720.302
          -80.5773177,28.5620240,719.169
          -80.5773173,28.5620244,718.035
          -80.5773169,28.5620248,716.892
          -80.5773165,28.5620252,715.748
          -80.5773160,28.5620256,714.605
          -80.5773156,28.5620260,713.462
          -80.5773152,28.5620264,712.309
          -80.5773148,28.5620268,711.168
          -80.5773144,28.5620272,710.033
          -80.5773140,28.5620276,708.897
          -80.5773136,28.5620280,707.755
          -80.5773132,28.5620284,706.604
          -80.5773128,28.5620289,705.400
          -80.5773123,28.5620295,704.034
          -80.5773118,28.5620300,702.811
          -80.5773114,28.5620304,701.646
          -80.5773110,28.5620309,700.511
          -80.5773106,28.5620313,699.344
          -80.5773101,28.5620318,698.125
          -80.5773096,28.5620324,696.804
          -80.5773092,28.5620329,695.599
          -80.5773088,28.5620334,694.431
          -80.5773083,28.5620338,693.294
          -80.5773079,28.5620343,692.143
          -80.5773075,28.5620348,690.956
          -80.5773070,28.5620353,689.720
          -80.5773066,28.5620358,688.508
          -80.5773061,28.5620363,687.371
          -80.5773057,28.5620367,686.226
          -80.5773053,28.5620372,685.049
          -80.5773049,28.5620376,683.888
          -80.5773045,28.5620381,682.726
          -80.5773040,28.5620385,681.561
          -80.5773036,28.5620390,680.423
          -80.5773032,28.5620394,679.286
          -80.5773028,28.5620399,678.123
          -80.5773023,28.5620405,676.841
          -80.5773016,28.5620412,675.246
          -80.5773011,28.5620418,673.910
          -80.5773006,28.5620424,672.583
          -80.5773000,28.5620430,671.271
          -80.5772995,28.5620437,669.959
          -80.5772988,28.5620444,668.368
          -80.5772984,28.5620449,667.217
          -80.5772979,28.5620454,666.065
          -80.5772975,28.5620459,664.896
          -80.5772971,28.5620464,663.714
          -80.5772966,28.5620468,662.541
          -80.5772962,28.5620473,661.409
          -80.5772958,28.5620477,660.269
          -80.5772953,28.5620482,659.132
          -80.5772949,28.5620487,657.992
          -80.5772945,28.5620492,656.846
          -80.5772940,28.5620497,655.699
          -80.5772936,28.5620502,654.561
          -80.5772932,28.5620506,653.429
          -80.5772927,28.5620511,652.297
          -80.5772923,28.5620517,651.168
          -80.5772919,28.5620522,650.038
          -80.5772914,28.5620527,648.905
          -80.5772910,28.5620532,647.771
          -80.5772906,28.5620537,646.640
          -80.5772901,28.5620542,645.501
          -80.5772897,28.5620547,644.342
          -80.5772892,28.5620552,643.169
          -80.5772888,28.5620558,642.025
          -80.5772884,28.5620563,640.890
          -80.5772879,28.5620568,639.749
          -80.5772875,28.5620573,638.608
          -80.5772870,28.5620578,637.479
          -80.5772866,28.5620584,636.345
          -80.5772862,28.5620589,635.215
          -80.5772857,28.5620594,634.065
          -80.5772852,28.5620600,632.900
          -80.5772848,28.5620606,631.693
          -80.5772843,28.5620611,630.498
          -80.5772838,28.5620617,629.304
          -80.5772833,28.5620623,628.123
          -80.5772829,28.5620628,626.991
          -80.5772824,28.5620634,625.850
          -80.5772820,28.5620639,624.686
          -80.5772815,28.5620644,623.501
          -80.5772811,28.5620650,622.327
          -80.5772806,28.5620655,621.155
          -80.5772801,28.5620661,619.991
          -80.5772797,28.5620666,618.859
          -80.5772792,28.5620672,617.639
          -80.5772786,28.5620681,616.045
          -80.5772780,28.5620688,614.637
          -80.5772775,28.5620695,613.361
          -80.5772770,28.5620701,612.167
          -80.5772764,28.5620707,610.847
          -80.5772758,28.5620716,609.303
          -80.5772752,28.5620723,607.875
          -80.5772746,28.5620731,606.472
          -80.5772740,28.5620738,605.095
          -80.5772735,28.5620744,603.890
          -80.5772730,28.5620750,602.689
          -80.5772725,28.5620756,601.379
          -80.5772720,28.5620762,600.116
          -80.5772715,28.5620768,598.874
          -80.5772709,28.5620774,597.652
          -80.5772705,28.5620780,596.437
          -80.5772700,28.5620786,595.220
          -80.5772695,28.5620792,593.998
          -80.5772690,28.5620798,592.777
          -80.5772685,28.5620804,591.573
          -80.5772680,28.5620810,590.377
          -80.5772675,28.5620816,589.195
          -80.5772670,28.5620822,587.989
          -80.5772665,28.5620828,586.768
          -80.5772660,28.5620834,585.551
          -80.5772655,28.5620840,584.348
          -80.5772650,28.5620846,583.149
          -80.5772645,28.5620852,581.952
          -80.5772640,28.5620857,580.793
          -80.5772635,28.5620863,579.603
          -80.5772630,28.5620869,578.395
          -80.5772625,28.5620875,577.180
          -80.5772620,28.5620882,575.960
          -80.5772615,28.5620888,574.747
          -80.5772610,28.5620894,573.528
          -80.5772605,28.5620901,572.308
          -80.5772600,28.5620907,571.084
          -80.5772595,28.5620913,569.869
          -80.5772590,28.5620919,568.654
          -80.5772585,28.5620925,567.455
          -80.5772580,28.5620931,566.280
          -80.5772576,28.5620937,565.106
          -80.5772571,28.5620943,563.914
          -80.5772566,28.5620949,562.704
          -80.5772560,28.5620956,561.478
          -80.5772555,28.5620962,560.245
          -80.5772550,28.5620969,559.003
          -80.5772545,28.5620975,557.723
          -80.5772540,28.5620981,556.502
          -80.5772535,28.5620987,555.388
          -80.5772530,28.5620994,553.925
          -80.5772524,28.5621001,552.458
          -80.5772517,28.5621009,550.901
          -80.5772512,28.5621016,549.600
          -80.5772506,28.5621023,548.173
          -80.5772500,28.5621031,546.742
          -80.5772494,28.5621038,545.325
          -80.5772489,28.5621045,543.943
          -80.5772484,28.5621051,542.609
          -80.5772479,28.5621057,541.338
          -80.5772475,28.5621063,540.129
          -80.5772470,28.5621069,538.937
          -80.5772466,28.5621075,537.683
          -80.5772461,28.5621082,536.343
          -80.5772455,28.5621089,534.876
          -80.5772449,28.5621097,533.368
          -80.5772444,28.5621104,531.983
          -80.5772438,28.5621112,530.433
          -80.5772433,28.5621118,529.160
          -80.5772428,28.5621124,528.015
          -80.5772424,28.5621130,526.829
          -80.5772419,28.5621136,525.592
          -80.5772414,28.5621142,524.268
          -80.5772408,28.5621150,522.822
          -80.5772403,28.5621156,521.570
          -80.5772398,28.5621163,520.371
          -80.5772393,28.5621168,519.234
          -80.5772388,28.5621174,518.091
          -80.5772381,28.5621182,516.635
          -80.5772375,28.5621190,515.283
          -80.5772368,28.5621198,513.864
          -80.5772361,28.5621206,512.421
          -80.5772354,28.5621215,510.864
          -80.5772347,28.5621223,509.365
          -80.5772340,28.5621231,507.976
          -80.5772333,28.5621239,506.623
          -80.5772327,28.5621247,505.320
          -80.5772320,28.5621254,504.075
          -80.5772313,28.5621263,502.551
          -80.5772306,28.5621271,501.072
          -80.5772299,28.5621280,499.616
          -80.5772292,28.5621288,498.157
          -80.5772285,28.5621297,496.722
          -80.5772279,28.5621305,495.283
          -80.5772272,28.5621313,493.831
          -80.5772265,28.5621322,492.283
          -80.5772259,28.5621330,490.936
          -80.5772254,28.5621336,489.750
          -80.5772249,28.5621342,488.605
          -80.5772245,28.5621348,487.485
          -80.5772240,28.5621354,486.368
          -80.5772235,28.5621360,485.248
          -80.5772230,28.5621367,483.985
          -80.5772224,28.5621374,482.683
          -80.5772219,28.5621381,481.503
          -80.5772213,28.5621388,480.319
          -80.5772208,28.5621394,479.135
          -80.5772202,28.5621401,477.950
          -80.5772197,28.5621408,476.791
          -80.5772192,28.5621414,475.636
          -80.5772186,28.5621421,474.499
          -80.5772181,28.5621427,473.365
          -80.5772176,28.5621434,472.232
          -80.5772170,28.5621440,471.089
          -80.5772164,28.5621447,469.888
          -80.5772158,28.5621454,468.706
          -80.5772153,28.5621461,467.532
          -80.5772147,28.5621467,466.376
          -80.5772140,28.5621475,465.116
          -80.5772134,28.5621482,463.868
          -80.5772127,28.5621490,462.676
          -80.5772121,28.5621497,461.538
          -80.5772115,28.5621505,460.409
          -80.5772109,28.5621512,459.299
          -80.5772103,28.5621519,458.196
          -80.5772097,28.5621527,457.047
          -80.5772091,28.5621534,455.864
          -80.5772085,28.5621541,454.668
          -80.5772079,28.5621549,453.461
          -80.5772073,28.5621556,452.247
          -80.5772067,28.5621564,451.036
          -80.5772060,28.5621571,449.801
          -80.5772054,28.5621579,448.553
          -80.5772048,28.5621587,447.307
          -80.5772041,28.5621595,446.097
          -80.5772035,28.5621602,444.887
          -80.5772029,28.5621610,443.684
          -80.5772023,28.5621618,442.477
          -80.5772017,28.5621625,441.279
          -80.5772011,28.5621633,440.082
          -80.5772005,28.5621640,438.900
          -80.5771999,28.5621647,437.735
          -80.5771993,28.5621654,436.595
          -80.5771988,28.5621661,435.472
          -80.5771982,28.5621667,434.360
          -80.5771977,28.5621674,433.256
          -80.5771972,28.5621680,432.144
          -80.5771967,28.5621686,431.029
          -80.5771961,28.5621693,429.899
          -80.5771956,28.5621699,428.750
          -80.5771950,28.5621706,427.572
          -80.5771944,28.5621713,426.385
          -80.5771939,28.5621721,425.191
          -80.5771933,28.5621728,423.996
          -80.5771927,28.5621734,422.847
          -80.5771922,28.5621741,421.723
          -80.5771917,28.5621748,420.611
          -80.5771911,28.5621754,419.499
          -80.5771906,28.5621760,418.387
          -80.5771901,28.5621767,417.275
          -80.5771896,28.5621773,416.166
          -80.5771890,28.5621779,415.060
          -80.5771885,28.5621786,413.954
          -80.5771880,28.5621792,412.847
          -80.5771875,28.5621798,411.740
          -80.5771870,28.5621804,410.639
          -80.5771864,28.5621811,409.532
          -80.5771859,28.5621817,408.426
          -80.5771854,28.5621823,407.319
          -80.5771849,28.5621830,406.207
          -80.5771843,28.5621836,405.094
          -80.5771838,28.5621843,403.970
          -80.5771832,28.5621850,402.827
          -80.5771827,28.5621857,401.651
          -80.5771821,28.5621864,400.429
          -80.5771814,28.5621872,399.090
          -80.5771807,28.5621882,397.577
          -80.5771800,28.5621891,396.097
          -80.5771794,28.5621898,394.904
          -80.5771788,28.5621905,393.789
          -80.5771783,28.5621911,392.683
          -80.5771778,28.5621918,391.547
          -80.5771772,28.5621925,390.382
          -80.5771766,28.5621932,389.198
          -80.5771761,28.5621938,388.015
          -80.5771755,28.5621945,386.821
          -80.5771749,28.5621952,385.627
          -80.5771743,28.5621959,384.403
          -80.5771738,28.5621965,383.197
          -80.5771732,28.5621971,382.035
          -80.5771727,28.5621977,380.938
          -80.5771721,28.5621983,379.829
          -80.5771716,28.5621989,378.709
          -80.5771711,28.5621995,377.565
          -80.5771705,28.5622003,376.298
          -80.5771699,28.5622010,375.018
          -80.5771693,28.5622017,373.743
          -80.5771687,28.5622025,372.448
          -80.5771681,28.5622032,371.151
          -80.5771675,28.5622039,369.845
          -80.5771669,28.5622047,368.574
          -80.5771663,28.5622054,367.365
          -80.5771658,28.5622061,366.212
          -80.5771653,28.5622067,365.071
          -80.5771648,28.5622074,363.946
          -80.5771642,28.5622081,362.831
          -80.5771636,28.5622089,361.539
          -80.5771631,28.5622097,360.358
          -80.5771625,28.5622104,359.231
          -80.5771619,28.5622111,358.103
          -80.5771613,28.5622118,356.979
          -80.5771607,28.5622125,355.853
          -80.5771601,28.5622133,354.712
          -80.5771596,28.5622140,353.575
          -80.5771590,28.5622147,352.437
          -80.5771584,28.5622155,351.268
          -80.5771578,28.5622163,350.030
          -80.5771571,28.5622172,348.575
          -80.5771565,28.5622180,347.256
          -80.5771559,28.5622188,345.855
          -80.5771552,28.5622196,344.521
          -80.5771546,28.5622204,343.221
          -80.5771540,28.5622212,341.902
          -80.5771534,28.5622220,340.573
          -80.5771527,28.5622227,339.244
          -80.5771521,28.5622235,337.928
          -80.5771515,28.5622243,336.622
          -80.5771509,28.5622251,335.313
          -80.5771503,28.5622259,333.990
          -80.5771496,28.5622266,332.655
          -80.5771490,28.5622275,331.297
          -80.5771484,28.5622282,329.984
          -80.5771477,28.5622290,328.652
          -80.5771471,28.5622298,327.239
          -80.5771466,28.5622304,326.076
          -80.5771462,28.5622310,324.919
          -80.5771457,28.5622316,323.764
          -80.5771452,28.5622322,322.603
          -80.5771448,28.5622327,321.452
          -80.5771443,28.5622334,320.318
          -80.5771438,28.5622340,319.178
          -80.5771433,28.5622346,318.047
          -80.5771428,28.5622352,316.917
          -80.5771423,28.5622359,315.788
          -80.5771416,28.5622368,314.249
          -80.5771410,28.5622376,312.939
          -80.5771404,28.5622383,311.735
          -80.5771398,28.5622390,310.559
          -80.5771393,28.5622398,309.392
          -80.5771387,28.5622405,308.246
          -80.5771380,28.5622413,306.765
          -80.5771374,28.5622421,305.489
          -80.5771369,28.5622428,304.277
          -80.5771363,28.5622435,303.005
          -80.5771357,28.5622444,301.646
          -80.5771350,28.5622452,300.139
          -80.5771343,28.5622460,298.743
          -80.5771337,28.5622468,297.436
          -80.5771331,28.5622476,296.157
          -80.5771326,28.5622483,294.875
          -80.5771320,28.5622491,293.603
          -80.5771314,28.5622498,292.371
          -80.5771309,28.5622505,291.153
          -80.5771304,28.5622512,289.945
          -80.5771298,28.5622519,288.723
          -80.5771293,28.5622526,287.512
          -80.5771287,28.5622534,286.287
          -80.5771282,28.5622541,285.048
          -80.5771276,28.5622548,283.813
          -80.5771271,28.5622555,282.576
          -80.5771265,28.5622563,281.324
          -80.5771259,28.5622570,280.093
          -80.5771254,28.5622577,278.867
          -80.5771248,28.5622585,277.636
          -80.5771243,28.5622592,276.389
          -80.5771237,28.5622599,275.124
          -80.5771231,28.5622607,273.826
          -80.5771225,28.5622615,272.567
          -80.5771219,28.5622622,271.321
          -80.5771214,28.5622629,270.080
          -80.5771208,28.5622637,268.821
          -80.5771202,28.5622644,267.555
          -80.5771196,28.5622652,266.275
          -80.5771190,28.5622660,264.936
          -80.5771183,28.5622668,263.486
          -80.5771176,28.5622677,262.038
          -80.5771169,28.5622686,260.571
          -80.5771161,28.5622695,259.051
          -80.5771154,28.5622704,257.552
          -80.5771147,28.5622712,256.157
          -80.5771141,28.5622720,254.818
          -80.5771135,28.5622728,253.478
          -80.5771129,28.5622736,252.150
          -80.5771122,28.5622744,250.828
          -80.5771116,28.5622752,249.448
          -80.5771109,28.5622761,247.970
          -80.5771102,28.5622770,246.487
          -80.5771094,28.5622779,244.983
          -80.5771088,28.5622788,243.552
          -80.5771081,28.5622796,242.167
          -80.5771075,28.5622804,240.817
          -80.5771068,28.5622812,239.488
          -80.5771061,28.5622821,238.013
          -80.5771055,28.5622829,236.684
          -80.5771049,28.5622836,235.498
          -80.5771044,28.5622843,234.350
          -80.5771038,28.5622850,233.226
          -80.5771033,28.5622857,232.112
          -80.5771027,28.5622864,230.930
          -80.5771020,28.5622873,229.512
          -80.5771014,28.5622881,228.142
          -80.5771008,28.5622889,226.858
          -80.5771002,28.5622896,225.598
          -80.5770996,28.5622904,224.360
          -80.5770991,28.5622911,223.130
          -80.5770985,28.5622919,221.896
          -80.5770979,28.5622926,220.668
          -80.5770974,28.5622933,219.410
          -80.5770967,28.5622941,218.099
          -80.5770961,28.5622950,216.691
          -80.5770954,28.5622958,215.258
          -80.5770947,28.5622967,213.877
          -80.5770941,28.5622975,212.519
          -80.5770934,28.5622984,211.066
          -80.5770927,28.5622993,209.576
          -80.5770920,28.5623001,208.225
          -80.5770914,28.5623009,206.853
          -80.5770907,28.5623018,205.454
          -80.5770900,28.5623026,204.075
          -80.5770895,28.5623033,202.912
          -80.5770889,28.5623040,201.811
          -80.5770884,28.5623047,200.728
          -80.5770878,28.5623054,199.638
          -80.5770873,28.5623061,198.536
          -80.5770867,28.5623069,197.424
          -80.5770862,28.5623076,196.326
          -80.5770856,28.5623083,195.238
          -80.5770851,28.5623090,194.155
          -80.5770846,28.5623096,193.069
          -80.5770840,28.5623104,191.948
          -80.5770834,28.5623111,190.753
          -80.5770828,28.5623119,189.455
          -80.5770822,28.5623127,188.192
          -80.5770816,28.5623134,186.966
          -80.5770810,28.5623142,185.771
          -80.5770803,28.5623150,184.409
          -80.5770796,28.5623159,182.950
          -80.5770790,28.5623167,181.611
          -80.5770784,28.5623175,180.241
          -80.5770777,28.5623183,178.851
          -80.5770770,28.5623192,177.431
          -80.5770764,28.5623200,176.035
          -80.5770757,28.5623209,174.659
          -80.5770751,28.5623217,173.274
          -80.5770744,28.5623226,171.847
          -80.5770737,28.5623234,170.391
          -80.5770730,28.5623244,168.868
          -80.5770723,28.5623253,167.398
          -80.5770716,28.5623261,165.992
          -80.5770709,28.5623270,164.540
          -80.5770702,28.5623279,163.036
          -80.5770695,28.5623288,161.552
          -80.5770688,28.5623297,160.176
          -80.5770682,28.5623305,158.868
          -80.5770675,28.5623313,157.562
          -80.5770669,28.5623321,156.249
          -80.5770662,28.5623329,154.928
          -80.5770656,28.5623337,153.611
          -80.5770650,28.5623345,152.302
          -80.5770643,28.5623353,150.993
          -80.5770636,28.5623362,149.542
          -80.5770629,28.5623371,148.092
          -80.5770623,28.5623379,146.742
          -80.5770617,28.5623388,145.361
          -80.5770610,28.5623396,143.962
          -80.5770603,28.5623405,142.551
          -80.5770597,28.5623413,141.142
          -80.5770590,28.5623422,139.746
          -80.5770583,28.5623431,138.309
          -80.5770576,28.5623440,136.837
          -80.5770569,28.5623449,135.329
          -80.5770562,28.5623458,133.817
          -80.5770555,28.5623467,132.315
          -80.5770547,28.5623477,130.806
          -80.5770540,28.5623486,129.280
          -80.5770533,28.5623495,127.764
          -80.5770525,28.5623505,126.235
          -80.5770518,28.5623514,124.711
          -80.5770511,28.5623523,123.185
          -80.5770504,28.5623532,121.697
          -80.5770497,28.5623542,120.214
          -80.5770489,28.5623551,118.705
          -80.5770482,28.5623560,117.254
          -80.5770475,28.5623569,115.843
          -80.5770468,28.5623578,114.355
          -80.5770461,28.5623587,112.852
          -80.5770454,28.5623596,111.361
          -80.5770447,28.5623605,109.876
          -80.5770440,28.5623614,108.513
          -80.5770433,28.5623622,107.190
          -80.5770425,28.5623632,105.746
          -80.5770418,28.5623640,104.449
          -80.5770409,28.5623650,103.035
          -80.5770401,28.5623659,101.675
          -80.5770393,28.5623667,100.390
          -80.5770386,28.5623675,99.063
          -80.5770378,28.5623684,97.662
          -80.5770371,28.5623693,96.197
          -80.5770363,28.5623701,94.692
          -80.5770356,28.5623710,93.225
          -80.5770349,28.5623718,91.877
          -80.5770342,28.5623725,90.548
          -80.5770336,28.5623733,89.261
          -80.5770328,28.5623742,87.759
          -80.5770322,28.5623749,86.437
          -80.5770316,28.5623756,85.157
          -80.5770310,28.5623763,83.889
          -80.5770304,28.5623771,82.502
          -80.5770298,28.5623779,81.013
          -80.5770292,28.5623786,79.575
          -80.5770286,28.5623794,78.162
          -80.5770280,28.5623801,76.712
          -80.5770274,28.5623809,75.239
          -80.5770268,28.5623817,73.787
          -80.5770262,28.5623824,72.393
          -80.5770256,28.5623831,71.074
          -80.5770250,28.5623838,69.890
          -80.5770245,28.5623844,68.750
          -80.5770239,28.5623851,67.628
          -80.5770234,28.5623857,66.507
          -80.5770228,28.5623864,65.408
          -80.5770223,28.5623870,64.326
          -80.5770218,28.5623877,63.234
          -80.5770212,28.5623883,62.117
          -80.5770206,28.5623890,60.911
          -80.5770199,28.5623899,59.445
          -80.5770194,28.5623905,58.193
          -80.5770189,28.5623912,57.003
          -80.5770183,28.5623918,55.799
          -80.5770178,28.5623925,54.528
          -80.5770172,28.5623932,53.156
          -80.5770167,28.5623939,52.029
          -80.5770161,28.5623946,50.871
          -80.5770155,28.5623954,49.780
          -80.5770149,28.5623961,48.671
          -80.5770143,28.5623969,47.502
          -80.5770135,28.5623978,46.011
          -80.5770129,28.5623985,44.810
          -80.5770124,28.5623993,43.592
          -80.5770118,28.5624000,42.256
          -80.5770111,28.5624009,40.812
          -80.5770105,28.5624017,39.339
          -80.5770099,28.5624025,38.020
          -80.5770094,28.5624031,36.917
          -80.5770089,28.5624038,35.674
          -80.5770083,28.5624046,34.428
          -80.5770077,28.5624053,33.169
          -80.5770071,28.5624061,31.805
          -80.5770065,28.5624069,30.468
          -80.5770058,28.5624077,29.118
          -80.5770051,28.5624085,27.784
          -80.5770044,28.5624094,26.397
          -80.5770036,28.5624104,24.948
          -80.5770029,28.5624113,23.555
          -80.5770021,28.5624123,22.102
          -80.5770012,28.5624134,20.441
          -80.5770000,28.5624148,18.629
          -80.5769988,28.5624162,16.757
          -80.5769977,28.5624175,15.039
          -80.5769965,28.5624191,13.185
          -80.5769952,28.5624206,11.410
          -80.5769937,28.5624225,9.460
          -80.5769924,28.5624243,7.760
          -80.5769911,28.5624259,6.310
          -80.5769900,28.5624272,5.115
          -80.5769889,28.5624285,4.178
          -80.5769879,28.5624298,3.503
          -80.5769869,28.5624310,3.091
          -80.5769860,28.5624321,3.000
          </coordinates>
        </LineString>
      </Placemark>
      <Placemark>
        <name>Apogeu – Estágio 2 (3000.0 m)</name>
        <description>Altitude: 3000.02 m | Tempo: 23.200 s</description>
        <Point>
          <altitudeMode>absolute</altitudeMode>
          <coordinates>-80.5772370,28.5621047,3003.016</coordinates>
        </Point>
      </Placemark>
      <Placemark>
        <name>Aterrissagem – Estágio 2</name>
        <description>Tempo total: 65.470 s | Leste: 20.9 m | Norte: 36.9 m</description>
        <Point>
          <coordinates>-80.5769860,28.5624321,3.000</coordinates>
        </Point>
      </Placemark>
    </Folder>
  </Document>
</kml>