Time,Altitude,Position East of launch,Position North of launch
0.000000000,0.000000000,0.000000000,0.000000000
0.010000000,0.000664800,0.000038600,0.000057160
0.020000000,0.006000000,0.000304900,0.000451700
0.032000000,0.028000000,0.001000000,0.002000000
0.042000000,0.064000000,0.003000000,0.004000000
0.052000000,0.118000000,0.005000000,0.007000000
0.062000000,0.190000000,0.008000000,0.011000000
0.072000000,0.278000000,0.011000000,0.017000000
0.082000000,0.382000000,0.015000000,0.023000000
0.092000000,0.502000000,0.020000000,0.029000000
0.102000000,0.638000000,0.025000000,0.037000000
0.110000000,0.757000000,0.030000000,0.044000000
0.120000000,0.919000000,0.036000000,0.053000000
0.130000000,1.096000000,0.043000000,0.063000000
0.140000000,1.287000000,0.050000000,0.074000000
0.150000000,1.492000000,0.058000000,0.086000000
0.161000000,1.734000000,0.067000000,0.099000000
0.171000000,1.969000000,0.076000000,0.113000000
0.181000000,2.218000000,0.086000000,0.127000000
0.191000000,2.480000000,0.096000000,0.142000000
0.201000000,2.757000000,0.106000000,0.157000000
0.211000000,3.047000000,0.117000000,0.174000000
0.221000000,3.351000000,0.129000000,0.191000000
0.231000000,3.668000000,0.141000000,0.209000000
0.241000000,3.999000000,0.153000000,0.227000000
0.251000000,4.343000000,0.166000000,0.247000000
0.261000000,4.701000000,0.180000000,0.267000000
0.267000000,4.922000000,0.188000000,0.279000000
0.276000000,5.263000000,0.201000000,0.298000000
0.286000000,5.654000000,0.216000000,0.320000000
0.296000000,6.058000000,0.231000000,0.343000000
0.311000000,6.689000000,0.256000000,0.379000000
0.333000000,7.691000000,0.295000000,0.437000000
0.351000000,8.516000000,0.328000000,0.486000000
0.372000000,9.559000000,0.371000000,0.549000000
0.393000000,10.679000000,0.417000000,0.618000000
0.416000000,11.926000000,0.469000000,0.694000000
0.442000000,13.427000000,0.530000000,0.785000000
0.478000000,15.700000000,0.621000000,0.921000000
0.512000000,17.919000000,0.706000000,1.046000000
0.562000000,21.471000000,0.828000000,1.228000000
0.581000000,22.880000000,0.871000000,1.292000000
0.596000000,24.070000000,0.904000000,1.343000000
0.610000000,25.175000000,0.934000000,1.387000000
0.624000000,26.255000000,0.960000000,1.427000000
0.637000000,27.366000000,0.986000000,1.466000000
0.652000000,28.557000000,1.012000000,1.505000000
0.667000000,29.845000000,1.037000000,1.545000000
0.682000000,31.136000000,1.061000000,1.581000000
0.700000000,32.756000000,1.088000000,1.624000000
0.724000000,34.887000000,1.121000000,1.675000000
0.759000000,38.194000000,1.166000000,1.746000000
0.809000000,43.087000000,1.226000000,1.844000000
0.831000000,45.314000000,1.254000000,1.887000000
0.854000000,47.668000000,1.282000000,1.933000000
0.875000000,49.933000000,1.310000000,1.978000000
0.890000000,51.556000000,1.330000000,2.010000000
0.904000000,53.029000000,1.349000000,2.040000000
0.918000000,54.648000000,1.370000000,2.073000000
0.936000000,56.615000000,1.395000000,2.113000000
0.961000000,59.453000000,1.431000000,2.170000000
0.998000000,63.826000000,1.483000000,2.254000000
1.019000000,66.423000000,1.510000000,2.299000000
1.034000000,68.288000000,1.528000000,2.328000000
1.048000000,69.972000000,1.543000000,2.353000000
1.061000000,71.615000000,1.556000000,2.375000000
1.074000000,73.297000000,1.569000000,2.396000000
1.088000000,75.066000000,1.580000000,2.417000000
1.103000000,77.087000000,1.592000000,2.438000000
1.124000000,79.788000000,1.606000000,2.464000000
1.155000000,83.917000000,1.625000000,2.499000000
1.177000000,87.018000000,1.639000000,2.525000000
1.189000000,88.671000000,1.646000000,2.539000000
1.200000000,90.134000000,1.653000000,2.552000000
1.210000000,91.549000000,1.660000000,2.565000000
1.220000000,92.984000000,1.667000000,2.578000000
1.231000000,94.601000000,1.676000000,2.594000000
1.246000000,96.652000000,1.687000000,2.614000000
1.267000000,99.765000000,1.703000000,2.643000000
1.299000000,104.517000000,1.725000000,2.685000000
1.318000000,107.390000000,1.736000000,2.707000000
1.330000000,109.250000000,1.742000000,2.720000000
1.342000000,111.060000000,1.746000000,2.731000000
1.355000000,113.050000000,1.750000000,2.742000000
1.369000000,115.222000000,1.752000000,2.752000000
1.384000000,117.664000000,1.754000000,2.762000000
1.405000000,120.982000000,1.756000000,2.772000000
1.437000000,126.024000000,1.759000000,2.785000000
1.451000000,128.397000000,1.761000000,2.791000000
1.461000000,129.973000000,1.763000000,2.794000000
1.475000000,132.189000000,1.766000000,2.800000000
1.489000000,134.621000000,1.770000000,2.806000000
1.504000000,137.147000000,1.774000000,2.813000000
1.523000000,140.254000000,1.780000000,2.822000000
1.551000000,144.953000000,1.788000000,2.835000000
1.571000000,148.322000000,1.791000000,2.843000000
1.587000000,151.007000000,1.792000000,2.848000000
1.603000000,153.778000000,1.792000000,2.852000000
1.620000000,156.752000000,1.791000000,2.854000000
1.623000000,157.249000000,1.790000000,2.854000000
1.627000000,157.996000000,1.790000000,2.855000000
1.634000000,159.117000000,1.789000000,2.855000000
1.644000000,160.802000000,1.788000000,2.855000000
1.658000000,163.337000000,1.786000000,2.855000000
1.680000000,167.155000000,1.783000000,2.853000000
1.701000000,170.777000000,1.781000000,2.852000000
1.720000000,174.213000000,1.781000000,2.850000000
1.742000000,178.058000000,1.781000000,2.850000000
1.770000000,183.046000000,1.780000000,2.849000000
1.812000000,190.567000000,1.777000000,2.847000000
1.837000000,195.009000000,1.773000000,2.844000000
1.863000000,199.752000000,1.767000000,2.838000000
1.899000000,206.227000000,1.758000000,2.828000000
1.934000000,212.474000000,1.750000000,2.817000000
1.961000000,217.424000000,1.746000000,2.810000000
1.989000000,222.412000000,1.742000000,2.804000000
2.030000000,229.900000000,1.735000000,2.795000000
2.039000000,231.482000000,1.733000000,2.792000000
2.052000000,233.856000000,1.730000000,2.788000000
2.072000000,237.416000000,1.724000000,2.781000000
2.101000000,242.699000000,1.715000000,2.769000000
2.145000000,250.616000000,1.702000000,2.752000000
2.177000000,256.464000000,1.694000000,2.740000000
2.225000000,265.041000000,1.684000000,2.725000000
2.275000000,274.018000000,1.672000000,2.709000000
2.317000000,281.603000000,1.660000000,2.694000000
2.367000000,290.502000000,1.648000000,2.679000000
2.417000000,299.357000000,1.637000000,2.664000000
2.467000000,308.166000000,1.627000000,2.650000000
2.500000000,313.955000000,1.620000000,2.641000000
2.550000000,322.722000000,1.606000000,2.625000000
2.600000000,331.948000000,1.585000000,2.592000000
2.650000000,341.537000000,1.555000000,2.544000000
2.700000000,351.461000000,1.518000000,2.481000000
2.750000000,361.711000000,1.472000000,2.405000000
2.799000000,372.279000000,1.420000000,2.317000000
2.847000000,382.567000000,1.363000000,2.219000000
2.897000000,393.741000000,1.296000000,2.105000000
2.922000000,399.592000000,1.260000000,2.043000000
2.961000000,408.513000000,1.203000000,1.946000000
2.994000000,416.330000000,1.150000000,1.854000000
3.025000000,423.642000000,1.097000000,1.763000000
3.070000000,434.799000000,1.012000000,1.618000000
3.105000000,443.350000000,0.946000000,1.504000000
3.155000000,455.950000000,0.846000000,1.331000000
3.205000000,468.798000000,0.738000000,1.146000000
3.255000000,481.888000000,0.624000000,0.950000000
3.305000000,495.217000000,0.505000000,0.745000000
3.355000000,508.781000000,0.378000000,0.527000000
3.405000000,522.577000000,0.245000000,0.300000000
3.455000000,536.603000000,0.106000000,0.062000000
3.505000000,550.853000000,-0.040000000,-0.189000000
3.555000000,565.324000000,-0.192000000,-0.449000000
3.597000000,577.646000000,-0.327000000,-0.679000000
3.647000000,592.511000000,-0.492000000,-0.959000000
3.677000000,601.669000000,-0.596000000,-1.137000000
3.719000000,614.221000000,-0.743000000,-1.385000000
3.742000000,621.345000000,-0.826000000,-1.526000000
3.777000000,632.110000000,-0.953000000,-1.742000000
3.809000000,642.051000000,-1.074000000,-1.946000000
3.857000000,657.103000000,-1.257000000,-2.256000000
3.883000000,665.323000000,-1.360000000,-2.429000000
3.922000000,677.727000000,-1.516000000,-2.691000000
3.965000000,691.418000000,-1.689000000,-2.983000000
3.992000000,700.333000000,-1.804000000,-3.176000000
4.034000000,713.754000000,-1.977000000,-3.467000000
4.084000000,729.963000000,-2.188000000,-3.822000000
4.110000000,738.498000000,-2.301000000,-4.010000000
4.150000000,751.317000000,-2.469000000,-4.292000000
4.200000000,767.596000000,-2.687000000,-4.656000000
4.212000000,771.626000000,-2.740000000,-4.745000000
4.230000000,777.671000000,-2.820000000,-4.878000000
4.242000000,781.490000000,-2.870000000,-4.963000000
4.256000000,785.858000000,-2.929000000,-5.061000000
4.276000000,792.408000000,-3.017000000,-5.208000000
4.290000000,797.066000000,-3.079000000,-5.312000000
4.308000000,802.757000000,-3.154000000,-5.437000000
4.334000000,811.284000000,-3.267000000,-5.627000000
4.360000000,819.784000000,-3.381000000,-5.816000000
4.399000000,832.506000000,-3.551000000,-6.100000000
4.449000000,848.609000000,-3.765000000,-6.457000000
4.479000000,858.183000000,-3.892000000,-6.670000000
4.524000000,872.482000000,-4.081000000,-6.986000000
4.567000000,885.972000000,-4.260000000,-7.284000000
4.617000000,901.755000000,-4.467000000,-7.630000000
4.667000000,917.415000000,-4.671000000,-7.972000000
4.717000000,932.939000000,-4.871000000,-8.307000000
4.767000000,948.320000000,-5.067000000,-8.637000000
4.817000000,963.557000000,-5.259000000,-8.959000000
4.846000000,972.342000000,-5.369000000,-9.144000000
4.889000000,985.429000000,-5.531000000,-9.418000000
4.939000000,1000.315000000,-5.714000000,-9.726000000
4.989000000,1015.064000000,-5.893000000,-10.027000000
5.000000000,1018.250000000,-5.931000000,-10.092000000
5.016000000,1023.016000000,-5.988000000,-10.189000000
5.041000000,1030.140000000,-6.073000000,-10.333000000
5.077000000,1040.767000000,-6.199000000,-10.547000000
5.127000000,1055.154000000,-6.368000000,-10.833000000
5.177000000,1069.417000000,-6.533000000,-11.114000000
5.227000000,1083.558000000,-6.695000000,-11.390000000
5.264000000,1093.811000000,-6.810000000,-11.587000000
5.308000000,1106.127000000,-6.949000000,-11.823000000
5.358000000,1119.964000000,-7.102000000,-12.087000000
5.408000000,1133.689000000,-7.252000000,-12.344000000
5.458000000,1147.304000000,-7.398000000,-12.596000000
5.508000000,1160.812000000,-7.542000000,-12.844000000
5.558000000,1174.215000000,-7.683000000,-13.088000000
5.608000000,1187.515000000,-7.821000000,-13.327000000
5.658000000,1200.713000000,-7.955000000,-13.561000000
5.708000000,1213.812000000,-8.087000000,-13.791000000
5.758000000,1226.813000000,-8.216000000,-14.017000000
5.808000000,1239.718000000,-8.342000000,-14.238000000
5.858000000,1252.529000000,-8.466000000,-14.456000000
5.908000000,1265.246000000,-8.587000000,-14.669000000
5.958000000,1277.872000000,-8.705000000,-14.878000000
6.008000000,1290.408000000,-8.821000000,-15.083000000
6.058000000,1302.855000000,-8.934000000,-15.284000000
6.108000000,1315.215000000,-9.044000000,-15.481000000
6.158000000,1327.488000000,-9.152000000,-15.675000000
6.208000000,1339.677000000,-9.258000000,-15.864000000
6.258000000,1351.782000000,-9.360000000,-16.049000000
6.308000000,1363.805000000,-9.462000000,-16.232000000
6.358000000,1375.746000000,-9.560000000,-16.411000000
6.408000000,1387.607000000,-9.656000000,-16.585000000
6.458000000,1399.389000000,-9.750000000,-16.757000000
6.508000000,1411.092000000,-9.843000000,-16.926000000
6.558000000,1422.719000000,-9.933000000,-17.091000000
6.608000000,1434.269000000,-10.020000000,-17.253000000
6.658000000,1445.743000000,-10.106000000,-17.411000000
6.708000000,1457.144000000,-10.189000000,-17.565000000
6.758000000,1468.471000000,-10.271000000,-17.717000000
6.808000000,1479.725000000,-10.350000000,-17.865000000
6.858000000,1490.907000000,-10.427000000,-18.010000000
6.908000000,1502.019000000,-10.503000000,-18.152000000
6.958000000,1513.060000000,-10.577000000,-18.291000000
7.008000000,1524.032000000,-10.649000000,-18.428000000
7.058000000,1534.935000000,-10.720000000,-18.561000000
7.108000000,1545.770000000,-10.788000000,-18.691000000
7.158000000,1556.538000000,-10.855000000,-18.819000000
7.208000000,1567.239000000,-10.920000000,-18.944000000
7.258000000,1577.875000000,-10.984000000,-19.066000000
7.308000000,1588.445000000,-11.045000000,-19.184000000
7.358000000,1598.951000000,-11.104000000,-19.299000000
7.408000000,1609.393000000,-11.164000000,-19.414000000
7.458000000,1619.771000000,-11.221000000,-19.525000000
7.508000000,1630.087000000,-11.276000000,-19.633000000
7.558000000,1640.341000000,-11.330000000,-19.739000000
7.608000000,1650.534000000,-11.383000000,-19.842000000
7.658000000,1660.665000000,-11.433000000,-19.942000000
7.708000000,1670.737000000,-11.483000000,-20.041000000
7.758000000,1680.748000000,-11.532000000,-20.137000000
7.808000000,1690.700000000,-11.578000000,-20.230000000
7.858000000,1700.594000000,-11.623000000,-20.319000000
7.908000000,1710.429000000,-11.666000000,-20.406000000
7.958000000,1720.207000000,-11.709000000,-20.492000000
8.008000000,1729.927000000,-11.750000000,-20.576000000
8.058000000,1739.591000000,-11.790000000,-20.655000000
8.108000000,1749.198000000,-11.827000000,-20.732000000
8.148000000,1756.905000000,-11.858000000,-20.795000000
8.198000000,1766.412000000,-11.896000000,-20.871000000
8.241000000,1774.562000000,-11.926000000,-20.933000000
8.291000000,1783.966000000,-11.960000000,-21.002000000
8.341000000,1793.317000000,-11.993000000,-21.072000000
8.391000000,1802.614000000,-12.026000000,-21.139000000
8.441000000,1811.857000000,-12.057000000,-21.203000000
8.491000000,1821.048000000,-12.086000000,-21.263000000
8.541000000,1830.186000000,-12.113000000,-21.321000000
8.591000000,1839.272000000,-12.141000000,-21.379000000
8.641000000,1848.306000000,-12.168000000,-21.436000000
8.691000000,1857.289000000,-12.194000000,-21.489000000
8.741000000,1866.221000000,-12.218000000,-21.540000000
8.791000000,1875.102000000,-12.241000000,-21.590000000
8.841000000,1883.933000000,-12.264000000,-21.637000000
8.891000000,1892.714000000,-12.285000000,-21.684000000
8.941000000,1901.446000000,-12.307000000,-21.729000000
8.991000000,1910.128000000,-12.327000000,-21.772000000
9.041000000,1918.762000000,-12.345000000,-21.810000000
9.091000000,1927.347000000,-12.362000000,-21.847000000
9.141000000,1935.884000000,-12.379000000,-21.884000000
9.191000000,1944.373000000,-12.396000000,-21.921000000
9.241000000,1952.814000000,-12.413000000,-21.956000000
9.290000000,1960.971000000,-12.426000000,-21.985000000
9.331000000,1967.756000000,-12.436000000,-22.006000000
9.381000000,1976.067000000,-12.447000000,-22.031000000
9.409000000,1980.707000000,-12.454000000,-22.047000000
9.438000000,1985.535000000,-12.462000000,-22.064000000
9.482000000,1992.746000000,-12.474000000,-22.089000000
9.523000000,1999.520000000,-12.483000000,-22.110000000
9.554000000,2004.512000000,-12.489000000,-22.122000000
9.600000000,2011.969000000,-12.496000000,-22.138000000
9.644000000,2019.020000000,-12.504000000,-22.155000000
9.683000000,2025.289000000,-12.511000000,-22.171000000
9.733000000,2033.279000000,-12.520000000,-22.190000000
9.783000000,2041.224000000,-12.528000000,-22.206000000
9.833000000,2049.126000000,-12.533000000,-22.219000000
9.883000000,2056.984000000,-12.539000000,-22.231000000
9.933000000,2064.798000000,-12.545000000,-22.243000000
9.983000000,2072.568000000,-12.550000000,-22.254000000
10.033000000,2080.296000000,-12.554000000,-22.262000000
10.083000000,2087.980000000,-12.556000000,-22.267000000
10.133000000,2095.622000000,-12.558000000,-22.271000000
10.183000000,2103.222000000,-12.560000000,-22.275000000
10.233000000,2110.779000000,-12.562000000,-22.278000000
10.283000000,2118.294000000,-12.563000000,-22.280000000
10.333000000,2125.768000000,-12.563000000,-22.280000000
10.383000000,2133.200000000,-12.562000000,-22.277000000
10.433000000,2140.590000000,-12.561000000,-22.274000000
10.483000000,2147.940000000,-12.560000000,-22.270000000
10.533000000,2155.249000000,-12.558000000,-22.265000000
10.583000000,2162.516000000,-12.556000000,-22.259000000
10.633000000,2169.744000000,-12.553000000,-22.251000000
10.683000000,2176.931000000,-12.549000000,-22.242000000
10.733000000,2184.079000000,-12.545000000,-22.232000000
10.783000000,2191.186000000,-12.541000000,-22.221000000
10.833000000,2198.254000000,-12.536000000,-22.209000000
10.883000000,2205.282000000,-12.531000000,-22.195000000
10.933000000,2212.271000000,-12.524000000,-22.180000000
10.983000000,2219.222000000,-12.518000000,-22.162000000
11.033000000,2226.133000000,-12.510000000,-22.144000000
11.083000000,2233.005000000,-12.502000000,-22.125000000
11.133000000,2239.839000000,-12.494000000,-22.105000000
11.183000000,2246.635000000,-12.486000000,-22.084000000
11.233000000,2253.392000000,-12.478000000,-22.063000000
11.283000000,2260.112000000,-12.468000000,-22.040000000
11.333000000,2266.794000000,-12.458000000,-22.014000000
11.383000000,2273.438000000,-12.447000000,-21.988000000
11.433000000,2280.045000000,-12.436000000,-21.960000000
11.483000000,2286.614000000,-12.425000000,-21.931000000
11.533000000,2293.146000000,-12.413000000,-21.902000000
11.583000000,2299.642000000,-12.400000000,-21.871000000
11.633000000,2306.100000000,-12.388000000,-21.840000000
11.683000000,2312.521000000,-12.375000000,-21.808000000
11.733000000,2318.907000000,-12.362000000,-21.776000000
11.783000000,2325.255000000,-12.349000000,-21.743000000
11.833000000,2331.568000000,-12.336000000,-21.710000000
11.883000000,2337.844000000,-12.322000000,-21.674000000
11.933000000,2344.085000000,-12.307000000,-21.637000000
11.983000000,2350.289000000,-12.292000000,-21.599000000
12.033000000,2356.459000000,-12.276000000,-21.561000000
12.083000000,2362.592000000,-12.261000000,-21.521000000
12.133000000,2368.691000000,-12.245000000,-21.481000000
12.183000000,2374.754000000,-12.228000000,-21.439000000
12.233000000,2380.782000000,-12.211000000,-21.395000000
12.283000000,2386.776000000,-12.193000000,-21.351000000
12.333000000,2392.734000000,-12.175000000,-21.306000000
12.383000000,2398.658000000,-12.157000000,-21.260000000
12.433000000,2404.547000000,-12.139000000,-21.213000000
12.483000000,2410.402000000,-12.120000000,-21.166000000
12.500000000,2412.423000000,-12.114000000,-21.150000000
12.526000000,2415.448000000,-12.104000000,-21.126000000
12.565000000,2419.967000000,-12.090000000,-21.089000000
12.615000000,2425.731000000,-12.071000000,-21.040000000
12.665000000,2431.462000000,-12.050000000,-20.988000000
12.715000000,2437.159000000,-12.029000000,-20.934000000
12.765000000,2442.822000000,-12.007000000,-20.879000000
12.815000000,2448.452000000,-11.986000000,-20.825000000
12.865000000,2454.048000000,-11.966000000,-20.773000000
12.915000000,2459.610000000,-11.945000000,-20.720000000
12.965000000,2465.140000000,-11.925000000,-20.667000000
13.015000000,2470.636000000,-11.903000000,-20.611000000
13.065000000,2476.100000000,-11.880000000,-20.554000000
13.115000000,2481.530000000,-11.858000000,-20.496000000
13.165000000,2486.928000000,-11.835000000,-20.439000000
13.215000000,2492.293000000,-11.813000000,-20.381000000
13.265000000,2497.625000000,-11.790000000,-20.322000000
13.315000000,2502.926000000,-11.766000000,-20.262000000
13.365000000,2508.194000000,-11.741000000,-20.198000000
13.415000000,2513.430000000,-11.716000000,-20.134000000
13.465000000,2518.633000000,-11.691000000,-20.069000000
13.515000000,2523.805000000,-11.667000000,-20.007000000
13.565000000,2528.944000000,-11.643000000,-19.946000000
13.615000000,2534.051000000,-11.619000000,-19.885000000
13.665000000,2539.127000000,-11.594000000,-19.821000000
13.715000000,2544.172000000,-11.569000000,-19.754000000
13.765000000,2549.185000000,-11.542000000,-19.685000000
13.815000000,2554.166000000,-11.514000000,-19.615000000
13.865000000,2559.117000000,-11.487000000,-19.545000000
13.915000000,2564.036000000,-11.461000000,-19.476000000
13.965000000,2568.923000000,-11.434000000,-19.408000000
14.015000000,2573.780000000,-11.408000000,-19.340000000
14.065000000,2578.605000000,-11.381000000,-19.271000000
14.115000000,2583.400000000,-11.354000000,-19.201000000
14.165000000,2588.164000000,-11.326000000,-19.128000000
14.215000000,2592.898000000,-11.297000000,-19.053000000
14.265000000,2597.601000000,-11.267000000,-18.977000000
14.315000000,2602.273000000,-11.237000000,-18.900000000
14.365000000,2606.915000000,-11.208000000,-18.824000000
14.415000000,2611.526000000,-11.179000000,-18.750000000
14.465000000,2616.107000000,-11.151000000,-18.676000000
14.515000000,2620.658000000,-11.122000000,-18.602000000
14.565000000,2625.178000000,-11.093000000,-18.526000000
14.615000000,2629.669000000,-11.063000000,-18.449000000
14.665000000,2634.130000000,-11.032000000,-18.370000000
14.715000000,2638.561000000,-11.001000000,-18.290000000
14.765000000,2642.962000000,-10.971000000,-18.211000000
14.815000000,2647.333000000,-10.941000000,-18.133000000
14.865000000,2651.674000000,-10.910000000,-18.055000000
14.915000000,2655.986000000,-10.880000000,-17.976000000
14.965000000,2660.268000000,-10.849000000,-17.897000000
15.000000000,2663.250000000,-10.828000000,-17.840000000
15.050000000,2667.482000000,-10.796000000,-17.758000000
15.100000000,2671.686000000,-10.763000000,-17.674000000
15.150000000,2675.860000000,-10.730000000,-17.588000000
15.200000000,2680.005000000,-10.696000000,-17.503000000
15.250000000,2684.121000000,-10.664000000,-17.418000000
15.300000000,2688.207000000,-10.631000000,-17.334000000
15.350000000,2692.265000000,-10.598000000,-17.250000000
15.400000000,2696.293000000,-10.566000000,-17.166000000
15.450000000,2700.293000000,-10.534000000,-17.082000000
15.500000000,2704.264000000,-10.501000000,-16.997000000
15.550000000,2708.206000000,-10.468000000,-16.911000000
15.600000000,2712.120000000,-10.433000000,-16.823000000
15.650000000,2716.006000000,-10.398000000,-16.733000000
15.700000000,2719.863000000,-10.363000000,-16.642000000
15.750000000,2723.691000000,-10.327000000,-16.551000000
15.800000000,2727.491000000,-10.292000000,-16.460000000
15.850000000,2731.263000000,-10.257000000,-16.371000000
15.900000000,2735.006000000,-10.223000000,-16.282000000
15.950000000,2738.721000000,-10.189000000,-16.194000000
16.000000000,2742.407000000,-10.155000000,-16.105000000
16.050000000,2746.066000000,-10.120000000,-16.016000000
16.100000000,2749.696000000,-10.085000000,-15.926000000
16.150000000,2753.299000000,-10.050000000,-15.833000000
16.200000000,2756.874000000,-10.013000000,-15.740000000
16.250000000,2760.421000000,-9.976000000,-15.645000000
16.300000000,2763.941000000,-9.939000000,-15.549000000
16.350000000,2767.433000000,-9.902000000,-15.452000000
16.400000000,2770.897000000,-9.864000000,-15.356000000
16.450000000,2774.333000000,-9.827000000,-15.261000000
16.500000000,2777.741000000,-9.791000000,-15.167000000
16.550000000,2781.122000000,-9.754000000,-15.073000000
16.600000000,2784.475000000,-9.718000000,-14.980000000
16.650000000,2787.800000000,-9.682000000,-14.886000000
16.700000000,2791.099000000,-9.645000000,-14.791000000
16.750000000,2794.370000000,-9.608000000,-14.696000000
16.800000000,2797.613000000,-9.571000000,-14.599000000
16.850000000,2800.830000000,-9.532000000,-14.500000000
16.900000000,2804.020000000,-9.493000000,-14.400000000
16.950000000,2807.183000000,-9.454000000,-14.299000000
17.000000000,2810.318000000,-9.414000000,-14.198000000
17.050000000,2813.427000000,-9.375000000,-14.096000000
17.100000000,2816.509000000,-9.335000000,-13.994000000
17.150000000,2819.563000000,-9.295000000,-13.893000000
17.200000000,2822.590000000,-9.256000000,-13.792000000
17.250000000,2825.591000000,-9.217000000,-13.691000000
17.300000000,2828.564000000,-9.177000000,-13.590000000
17.350000000,2831.511000000,-9.138000000,-13.489000000
17.400000000,2834.431000000,-9.099000000,-13.387000000
17.450000000,2837.324000000,-9.059000000,-13.285000000
17.500000000,2840.191000000,-9.019000000,-13.183000000
17.550000000,2843.031000000,-8.979000000,-13.080000000
17.600000000,2845.845000000,-8.939000000,-12.978000000
17.650000000,2848.631000000,-8.899000000,-12.875000000
17.700000000,2851.392000000,-8.859000000,-12.772000000
17.750000000,2854.126000000,-8.819000000,-12.669000000
17.800000000,2856.833000000,-8.779000000,-12.565000000
17.850000000,2859.514000000,-8.738000000,-12.462000000
17.900000000,2862.169000000,-8.698000000,-12.358000000
17.950000000,2864.797000000,-8.658000000,-12.255000000
18.000000000,2867.399000000,-8.617000000,-12.150000000
18.050000000,2869.975000000,-8.576000000,-12.045000000
18.100000000,2872.525000000,-8.535000000,-11.939000000
18.150000000,2875.049000000,-8.493000000,-11.832000000
18.200000000,2877.546000000,-8.451000000,-11.724000000
18.250000000,2880.018000000,-8.409000000,-11.616000000
18.300000000,2882.464000000,-8.366000000,-11.508000000
18.350000000,2884.883000000,-8.324000000,-11.399000000
18.400000000,2887.277000000,-8.281000000,-11.290000000
18.450000000,2889.645000000,-8.239000000,-11.181000000
18.500000000,2891.987000000,-8.196000000,-11.071000000
18.550000000,2894.303000000,-8.153000000,-10.961000000
18.600000000,2896.593000000,-8.110000000,-10.851000000
18.650000000,2898.857000000,-8.067000000,-10.740000000
18.700000000,2901.095000000,-8.024000000,-10.630000000
18.750000000,2903.308000000,-7.981000000,-10.520000000
18.800000000,2905.495000000,-7.938000000,-10.410000000
18.850000000,2907.655000000,-7.895000000,-10.301000000
18.900000000,2909.791000000,-7.852000000,-10.191000000
18.950000000,2911.900000000,-7.810000000,-10.082000000
19.000000000,2913.984000000,-7.767000000,-9.973000000
19.050000000,2916.042000000,-7.724000000,-9.863000000
19.100000000,2918.075000000,-7.681000000,-9.753000000
19.150000000,2920.082000000,-7.638000000,-9.641000000
19.200000000,2922.064000000,-7.594000000,-9.529000000
19.250000000,2924.021000000,-7.550000000,-9.416000000
19.300000000,2925.952000000,-7.505000000,-9.303000000
19.350000000,2927.858000000,-7.461000000,-9.188000000
19.400000000,2929.739000000,-7.416000000,-9.074000000
19.450000000,2931.594000000,-7.371000000,-8.958000000
19.500000000,2933.424000000,-7.325000000,-8.843000000
19.550000000,2935.228000000,-7.280000000,-8.728000000
19.600000000,2937.008000000,-7.235000000,-8.612000000
19.650000000,2938.762000000,-7.189000000,-8.496000000
19.700000000,2940.491000000,-7.143000000,-8.379000000
19.750000000,2942.195000000,-7.097000000,-8.261000000
19.800000000,2943.874000000,-7.051000000,-8.143000000
19.850000000,2945.527000000,-7.004000000,-8.025000000
19.900000000,2947.155000000,-6.958000000,-7.907000000
19.950000000,2948.758000000,-6.912000000,-7.790000000
20.000000000,2950.335000000,-6.867000000,-7.674000000
20.050000000,2951.888000000,-6.821000000,-7.557000000
20.100000000,2953.414000000,-6.776000000,-7.442000000
20.150000000,2954.916000000,-6.730000000,-7.326000000
20.200000000,2956.393000000,-6.685000000,-7.211000000
20.250000000,2957.844000000,-6.641000000,-7.097000000
20.300000000,2959.270000000,-6.596000000,-6.982000000
20.350000000,2960.671000000,-6.552000000,-6.868000000
20.400000000,2962.047000000,-6.507000000,-6.754000000
20.450000000,2963.398000000,-6.462000000,-6.639000000
20.500000000,2964.725000000,-6.416000000,-6.523000000
20.550000000,2966.027000000,-6.371000000,-6.406000000
20.600000000,2967.304000000,-6.324000000,-6.287000000
20.650000000,2968.557000000,-6.277000000,-6.168000000
20.700000000,2969.785000000,-6.230000000,-6.048000000
20.750000000,2970.988000000,-6.183000000,-5.927000000
20.800000000,2972.167000000,-6.135000000,-5.805000000
20.850000000,2973.322000000,-6.086000000,-5.682000000
20.900000000,2974.451000000,-6.038000000,-5.559000000
20.950000000,2975.557000000,-5.989000000,-5.435000000
21.000000000,2976.637000000,-5.939000000,-5.310000000
21.050000000,2977.693000000,-5.890000000,-5.185000000
21.100000000,2978.725000000,-5.840000000,-5.059000000
21.150000000,2979.731000000,-5.790000000,-4.933000000
21.200000000,2980.713000000,-5.740000000,-4.807000000
21.250000000,2981.671000000,-5.690000000,-4.680000000
21.300000000,2982.604000000,-5.640000000,-4.553000000
21.350000000,2983.512000000,-5.590000000,-4.425000000
21.400000000,2984.396000000,-5.539000000,-4.298000000
21.450000000,2985.255000000,-5.489000000,-4.170000000
21.500000000,2986.089000000,-5.438000000,-4.043000000
21.550000000,2986.899000000,-5.388000000,-3.915000000
21.600000000,2987.683000000,-5.337000000,-3.788000000
21.650000000,2988.444000000,-5.287000000,-3.660000000
21.700000000,2989.180000000,-5.236000000,-3.532000000
21.750000000,2989.891000000,-5.185000000,-3.404000000
21.800000000,2990.577000000,-5.134000000,-3.276000000
21.850000000,2991.240000000,-5.083000000,-3.147000000
21.900000000,2991.878000000,-5.032000000,-3.018000000
21.950000000,2992.491000000,-4.981000000,-2.889000000
22.000000000,2993.080000000,-4.929000000,-2.759000000
22.050000000,2993.645000000,-4.878000000,-2.629000000
22.100000000,2994.185000000,-4.826000000,-2.499000000
22.150000000,2994.701000000,-4.774000000,-2.368000000
22.200000000,2995.193000000,-4.722000000,-2.237000000
22.250000000,2995.661000000,-4.669000000,-2.105000000
22.300000000,2996.104000000,-4.617000000,-1.973000000
22.350000000,2996.524000000,-4.564000000,-1.840000000
22.400000000,2996.919000000,-4.510000000,-1.706000000
22.450000000,2997.290000000,-4.457000000,-1.572000000
22.500000000,2997.638000000,-4.403000000,-1.437000000
22.550000000,2997.961000000,-4.349000000,-1.302000000
22.600000000,2998.260000000,-4.295000000,-1.167000000
22.650000000,2998.535000000,-4.241000000,-1.030000000
22.700000000,2998.787000000,-4.186000000,-0.893000000
22.750000000,2999.015000000,-4.130000000,-0.755000000
22.800000000,2999.220000000,-4.075000000,-0.616000000
22.850000000,2999.401000000,-4.019000000,-0.476000000
22.900000000,2999.559000000,-3.962000000,-0.335000000
22.950000000,2999.693000000,-3.905000000,-0.194000000
23.000000000,2999.804000000,-3.848000000,-0.051000000
23.050000000,2999.892000000,-3.790000000,0.092000000
23.100000000,2999.956000000,-3.732000000,0.236000000
23.150000000,2999.998000000,-3.674000000,0.381000000
23.200000000,3000.016000000,-3.615000000,0.527000000
23.250000000,3000.011000000,-3.556000000,0.673000000
23.300000000,2999.983000000,-3.496000000,0.821000000
23.350000000,2999.932000000,-3.436000000,0.969000000
23.400000000,2999.857000000,-3.376000000,1.117000000
23.450000000,2999.761000000,-3.316000000,1.267000000
23.500000000,2999.641000000,-3.255000000,1.417000000
23.550000000,2999.499000000,-3.194000000,1.568000000
23.600000000,2999.335000000,-3.132000000,1.719000000
23.650000000,2999.148000000,-3.070000000,1.871000000
23.700000000,2998.939000000,-3.008000000,2.024000000
23.750000000,2998.708000000,-2.946000000,2.178000000
23.800000000,2998.456000000,-2.883000000,2.332000000
23.850000000,2998.181000000,-2.820000000,2.487000000
23.900000000,2997.884000000,-2.757000000,2.642000000
23.950000000,2997.565000000,-2.694000000,2.797000000
24.000000000,2997.223000000,-2.631000000,2.953000000
24.050000000,2996.860000000,-2.567000000,3.109000000
24.100000000,2996.476000000,-2.504000000,3.265000000
24.150000000,2996.070000000,-2.440000000,3.421000000
24.200000000,2995.642000000,-2.376000000,3.577000000
24.250000000,2995.194000000,-2.313000000,3.734000000
24.300000000,2994.725000000,-2.249000000,3.890000000
24.350000000,2994.235000000,-2.186000000,4.046000000
24.400000000,2993.726000000,-2.122000000,4.201000000
24.450000000,2993.198000000,-2.059000000,4.356000000
24.500000000,2992.650000000,-1.997000000,4.510000000
24.550000000,2992.083000000,-1.935000000,4.663000000
24.600000000,2991.498000000,-1.873000000,4.815000000
24.650000000,2990.894000000,-1.812000000,4.965000000
24.700000000,2990.270000000,-1.752000000,5.114000000
24.750000000,2989.629000000,-1.693000000,5.261000000
24.800000000,2988.968000000,-1.634000000,5.406000000
24.850000000,2988.290000000,-1.577000000,5.549000000
24.900000000,2987.592000000,-1.520000000,5.689000000
24.950000000,2986.876000000,-1.465000000,5.827000000
25.000000000,2986.141000000,-1.411000000,5.962000000
25.050000000,2985.388000000,-1.359000000,6.094000000
25.100000000,2984.616000000,-1.308000000,6.223000000
25.150000000,2983.824000000,-1.259000000,6.348000000
25.200000000,2983.013000000,-1.211000000,6.469000000
25.249000000,2982.193000000,-1.166000000,6.586000000
25.296000000,2981.394000000,-1.124000000,6.694000000
25.342000000,2980.605000000,-1.085000000,6.796000000
25.386000000,2979.816000000,-1.047000000,6.893000000
25.430000000,2979.019000000,-1.011000000,6.989000000
25.474000000,2978.204000000,-0.974000000,7.083000000
25.518000000,2977.360000000,-0.938000000,7.178000000
25.563000000,2976.485000000,-0.901000000,7.275000000
25.610000000,2975.552000000,-0.862000000,7.377000000
25.659000000,2974.541000000,-0.820000000,7.487000000
25.704000000,2973.619000000,-0.781000000,7.587000000
25.743000000,2972.785000000,-0.745000000,7.679000000
25.778000000,2972.016000000,-0.712000000,7.764000000
25.810000000,2971.312000000,-0.681000000,7.843000000
25.840000000,2970.645000000,-0.651000000,7.920000000
25.869000000,2969.984000000,-0.620000000,7.997000000
25.898000000,2969.330000000,-0.589000000,8.074000000
25.926000000,2968.684000000,-0.558000000,8.152000000
25.953000000,2968.038000000,-0.526000000,8.232000000
25.981000000,2967.389000000,-0.493000000,8.313000000
26.008000000,2966.726000000,-0.459000000,8.397000000
26.036000000,2966.048000000,-0.423000000,8.484000000
26.064000000,2965.359000000,-0.386000000,8.575000000
26.093000000,2964.655000000,-0.348000000,8.668000000
26.121000000,2963.933000000,-0.308000000,8.766000000
26.151000000,2963.172000000,-0.265000000,8.869000000
26.183000000,2962.354000000,-0.218000000,8.982000000
26.217000000,2961.461000000,-0.166000000,9.106000000
26.256000000,2960.453000000,-0.108000000,9.248000000
26.301000000,2959.246000000,-0.037000000,9.418000000
26.351000000,2957.883000000,0.044000000,9.610000000
26.401000000,2956.495000000,0.125000000,9.804000000
26.451000000,2955.083000000,0.207000000,10.000000000
26.501000000,2953.647000000,0.289000000,10.195000000
26.551000000,2952.188000000,0.371000000,10.389000000
26.601000000,2950.706000000,0.451000000,10.580000000
26.642000000,2949.460000000,0.516000000,10.735000000
26.677000000,2948.390000000,0.570000000,10.865000000
26.709000000,2947.431000000,0.617000000,10.978000000
26.738000000,2946.538000000,0.659000000,11.080000000
26.765000000,2945.683000000,0.699000000,11.175000000
26.792000000,2944.852000000,0.736000000,11.265000000
26.817000000,2944.036000000,0.772000000,11.351000000
26.843000000,2943.213000000,0.806000000,11.436000000
26.870000000,2942.363000000,0.841000000,11.521000000
26.897000000,2941.482000000,0.876000000,11.606000000
26.926000000,2940.557000000,0.912000000,11.693000000
26.956000000,2939.561000000,0.949000000,11.784000000
26.990000000,2938.450000000,0.989000000,11.883000000
27.029000000,2937.129000000,1.035000000,11.996000000
27.079000000,2935.442000000,1.091000000,12.136000000
27.129000000,2933.732000000,1.147000000,12.275000000
27.179000000,2931.999000000,1.203000000,12.414000000
27.229000000,2930.241000000,1.260000000,12.554000000
27.279000000,2928.459000000,1.317000000,12.697000000
27.317000000,2927.093000000,1.363000000,12.808000000
27.350000000,2925.906000000,1.403000000,12.907000000
27.380000000,2924.813000000,1.440000000,12.999000000
27.407000000,2923.789000000,1.476000000,13.087000000
27.434000000,2922.793000000,1.512000000,13.173000000
27.461000000,2921.781000000,1.549000000,13.263000000
27.488000000,2920.755000000,1.587000000,13.355000000
27.515000000,2919.731000000,1.626000000,13.448000000
27.543000000,2918.660000000,1.667000000,13.547000000
27.574000000,2917.481000000,1.713000000,13.657000000
27.608000000,2916.146000000,1.765000000,13.784000000
27.650000000,2914.510000000,1.831000000,13.940000000
27.700000000,2912.526000000,1.910000000,14.129000000
27.750000000,2910.518000000,1.990000000,14.321000000
27.800000000,2908.486000000,2.070000000,14.511000000
27.850000000,2906.432000000,2.150000000,14.701000000
27.900000000,2904.355000000,2.228000000,14.887000000
27.937000000,2902.776000000,2.285000000,15.025000000
27.970000000,2901.407000000,2.334000000,15.141000000
27.999000000,2900.156000000,2.377000000,15.244000000
28.027000000,2898.972000000,2.417000000,15.340000000
28.055000000,2897.782000000,2.456000000,15.434000000
28.083000000,2896.550000000,2.495000000,15.528000000
28.113000000,2895.234000000,2.536000000,15.627000000
28.148000000,2893.710000000,2.582000000,15.738000000
28.196000000,2891.611000000,2.643000000,15.887000000
28.246000000,2889.383000000,2.707000000,16.043000000
28.296000000,2887.131000000,2.771000000,16.198000000
28.346000000,2884.856000000,2.836000000,16.355000000
28.396000000,2882.557000000,2.902000000,16.516000000
28.433000000,2880.820000000,2.953000000,16.640000000
28.471000000,2879.069000000,3.005000000,16.766000000
28.509000000,2877.275000000,3.060000000,16.897000000
28.548000000,2875.428000000,3.117000000,17.033000000
28.589000000,2873.431000000,3.179000000,17.182000000
28.639000000,2871.018000000,3.255000000,17.364000000
28.689000000,2868.581000000,3.332000000,17.548000000
28.739000000,2866.122000000,3.410000000,17.733000000
28.789000000,2863.639000000,3.488000000,17.918000000
28.839000000,2861.134000000,3.565000000,18.102000000
28.889000000,2858.607000000,3.642000000,18.284000000
28.937000000,2856.164000000,3.713000000,18.456000000
28.983000000,2853.835000000,3.780000000,18.615000000
29.023000000,2851.727000000,3.839000000,18.755000000
29.069000000,2849.322000000,3.904000000,18.912000000
29.119000000,2846.694000000,3.974000000,19.079000000
29.169000000,2844.043000000,4.042000000,19.244000000
29.219000000,2841.369000000,4.111000000,19.410000000
29.269000000,2838.673000000,4.181000000,19.576000000
29.319000000,2835.954000000,4.251000000,19.746000000
29.364000000,2833.499000000,4.316000000,19.902000000
29.407000000,2831.152000000,4.379000000,20.052000000
29.450000000,2828.738000000,4.445000000,20.209000000
29.494000000,2826.301000000,4.513000000,20.369000000
29.544000000,2823.479000000,4.591000000,20.556000000
29.594000000,2820.636000000,4.671000000,20.745000000
29.644000000,2817.769000000,4.751000000,20.934000000
29.694000000,2814.881000000,4.830000000,21.121000000
29.741000000,2812.146000000,4.903000000,21.294000000
29.780000000,2809.838000000,4.963000000,21.437000000
29.823000000,2807.286000000,5.028000000,21.591000000
29.873000000,2804.320000000,5.102000000,21.767000000
29.923000000,2801.333000000,5.175000000,21.940000000
29.973000000,2798.323000000,5.247000000,22.112000000
30.023000000,2795.292000000,5.319000000,22.284000000
30.073000000,2792.238000000,5.392000000,22.458000000
30.123000000,2789.163000000,5.466000000,22.634000000
30.168000000,2786.420000000,5.533000000,22.794000000
30.207000000,2783.950000000,5.595000000,22.939000000
30.254000000,2781.009000000,5.669000000,23.115000000
30.304000000,2777.853000000,5.749000000,23.304000000
30.354000000,2774.675000000,5.830000000,23.494000000
30.404000000,2771.475000000,5.910000000,23.684000000
30.454000000,2768.254000000,5.990000000,23.872000000
30.504000000,2765.012000000,6.069000000,24.058000000
30.554000000,2761.748000000,6.146000000,24.241000000
30.604000000,2758.464000000,6.223000000,24.422000000
30.654000000,2755.158000000,6.298000000,24.601000000
30.704000000,2751.830000000,6.374000000,24.780000000
30.754000000,2748.481000000,6.450000000,24.959000000
30.804000000,2745.110000000,6.527000000,25.141000000
30.854000000,2741.718000000,6.605000000,25.325000000
30.903000000,2738.402000000,6.682000000,25.507000000
30.953000000,2734.967000000,6.763000000,25.698000000
31.003000000,2731.510000000,6.846000000,25.891000000
31.053000000,2728.032000000,6.928000000,26.086000000
31.103000000,2724.533000000,7.011000000,26.280000000
31.153000000,2721.014000000,7.093000000,26.471000000
31.201000000,2717.580000000,7.171000000,26.654000000
31.251000000,2714.019000000,7.250000000,26.840000000
31.301000000,2710.438000000,7.328000000,27.024000000
31.351000000,2706.836000000,7.405000000,27.208000000
31.401000000,2703.213000000,7.484000000,27.392000000
31.451000000,2699.569000000,7.563000000,27.579000000
31.501000000,2695.904000000,7.644000000,27.768000000
31.551000000,2692.218000000,7.726000000,27.960000000
31.601000000,2688.510000000,7.809000000,28.154000000
31.651000000,2684.782000000,7.892000000,28.349000000
31.701000000,2681.034000000,7.975000000,28.544000000
31.751000000,2677.265000000,8.058000000,28.738000000
31.801000000,2673.475000000,8.140000000,28.929000000
31.851000000,2669.666000000,8.220000000,29.118000000
31.901000000,2665.836000000,8.300000000,29.305000000
31.951000000,2661.985000000,8.380000000,29.493000000
32.001000000,2658.114000000,8.461000000,29.682000000
32.051000000,2654.223000000,8.543000000,29.874000000
32.101000000,2650.346000000,8.626000000,30.069000000
32.151000000,2646.414000000,8.712000000,30.268000000
32.201000000,2642.461000000,8.798000000,30.470000000
32.251000000,2638.488000000,8.885000000,30.671000000
32.301000000,2634.495000000,8.970000000,30.870000000
32.349000000,2630.657000000,9.051000000,31.058000000
32.391000000,2627.220000000,9.121000000,31.223000000
32.441000000,2623.172000000,9.203000000,31.414000000
32.491000000,2619.104000000,9.285000000,31.605000000
32.541000000,2615.016000000,9.368000000,31.798000000
32.591000000,2610.907000000,9.452000000,31.994000000
32.640000000,2606.868000000,9.536000000,32.190000000
32.690000000,2602.720000000,9.623000000,32.393000000
32.740000000,2598.552000000,9.711000000,32.597000000
32.790000000,2594.364000000,9.799000000,32.802000000
32.840000000,2590.157000000,9.887000000,33.005000000
32.890000000,2585.931000000,9.973000000,33.207000000
32.940000000,2581.685000000,10.059000000,33.406000000
32.990000000,2577.420000000,10.144000000,33.604000000
33.040000000,2573.136000000,10.229000000,33.801000000
33.090000000,2568.832000000,10.314000000,33.998000000
33.140000000,2564.509000000,10.400000000,34.198000000
33.190000000,2560.167000000,10.487000000,34.400000000
33.240000000,2555.805000000,10.575000000,34.605000000
33.290000000,2551.423000000,10.664000000,34.811000000
33.340000000,2547.023000000,10.753000000,35.018000000
33.390000000,2542.603000000,10.842000000,35.224000000
33.440000000,2538.165000000,10.930000000,35.429000000
33.490000000,2533.708000000,11.018000000,35.632000000
33.540000000,2529.232000000,11.105000000,35.834000000
33.590000000,2524.737000000,11.193000000,36.039000000
33.640000000,2520.223000000,11.282000000,36.244000000
33.690000000,2515.690000000,11.372000000,36.452000000
33.740000000,2511.138000000,11.462000000,36.660000000
33.790000000,2506.568000000,11.552000000,36.869000000
33.840000000,2501.979000000,11.642000000,37.077000000
33.890000000,2497.371000000,11.732000000,37.286000000
33.940000000,2492.745000000,11.823000000,37.496000000
33.990000000,2488.101000000,11.913000000,37.706000000
34.040000000,2483.438000000,12.004000000,37.916000000
34.090000000,2478.756000000,12.095000000,38.126000000
34.140000000,2474.057000000,12.186000000,38.336000000
34.190000000,2469.339000000,12.277000000,38.548000000
34.240000000,2464.603000000,12.369000000,38.760000000
34.290000000,2459.848000000,12.461000000,38.971000000
34.340000000,2455.076000000,12.552000000,39.182000000
34.390000000,2450.286000000,12.643000000,39.392000000
34.440000000,2445.477000000,12.734000000,39.604000000
34.490000000,2440.651000000,12.827000000,39.817000000
34.540000000,2435.806000000,12.921000000,40.033000000
34.590000000,2430.944000000,13.015000000,40.252000000
34.640000000,2426.063000000,13.110000000,40.471000000
34.690000000,2421.165000000,13.204000000,40.688000000
34.740000000,2416.250000000,13.298000000,40.903000000
34.790000000,2411.317000000,13.390000000,41.117000000
34.840000000,2406.367000000,13.483000000,41.330000000
34.890000000,2401.399000000,13.577000000,41.546000000
34.940000000,2396.413000000,13.671000000,41.764000000
34.990000000,2391.410000000,13.767000000,41.985000000
35.040000000,2386.389000000,13.863000000,42.207000000
35.090000000,2381.351000000,13.960000000,42.429000000
35.140000000,2376.296000000,14.056000000,42.651000000
35.190000000,2371.224000000,14.152000000,42.871000000
35.240000000,2366.134000000,14.247000000,43.091000000
35.290000000,2361.028000000,14.343000000,43.310000000
35.340000000,2355.905000000,14.438000000,43.530000000
35.390000000,2350.764000000,14.535000000,43.752000000
35.440000000,2345.607000000,14.632000000,43.976000000
35.490000000,2340.433000000,14.730000000,44.202000000
35.540000000,2335.241000000,14.829000000,44.428000000
35.590000000,2330.034000000,14.926000000,44.653000000
35.640000000,2324.809000000,15.024000000,44.877000000
35.690000000,2319.568000000,15.121000000,45.100000000
35.740000000,2314.311000000,15.219000000,45.324000000
35.790000000,2309.036000000,15.317000000,45.549000000
35.840000000,2303.746000000,15.416000000,45.776000000
35.890000000,2298.438000000,15.515000000,46.005000000
35.940000000,2293.115000000,15.616000000,46.235000000
35.990000000,2287.775000000,15.716000000,46.465000000
36.040000000,2282.419000000,15.816000000,46.694000000
36.090000000,2277.046000000,15.916000000,46.923000000
36.140000000,2271.658000000,16.016000000,47.153000000
36.190000000,2266.253000000,16.117000000,47.383000000
36.240000000,2260.833000000,16.218000000,47.614000000
36.290000000,2255.396000000,16.319000000,47.845000000
36.340000000,2249.944000000,16.420000000,48.078000000
36.390000000,2244.475000000,16.523000000,48.313000000
36.440000000,2238.991000000,16.626000000,48.548000000
36.490000000,2233.491000000,16.729000000,48.783000000
36.540000000,2227.976000000,16.831000000,49.017000000
36.590000000,2222.445000000,16.934000000,49.251000000
36.640000000,2216.898000000,17.037000000,49.487000000
36.690000000,2211.336000000,17.141000000,49.724000000
36.740000000,2205.758000000,17.244000000,49.960000000
36.790000000,2200.165000000,17.348000000,50.196000000
36.840000000,2194.557000000,17.452000000,50.433000000
36.890000000,2188.933000000,17.557000000,50.671000000
36.940000000,2183.294000000,17.662000000,50.912000000
36.990000000,2177.640000000,17.768000000,51.153000000
37.040000000,2171.970000000,17.873000000,51.392000000
37.090000000,2166.286000000,17.978000000,51.630000000
37.140000000,2160.587000000,18.084000000,51.870000000
37.190000000,2154.873000000,18.190000000,52.112000000
37.240000000,2149.144000000,18.298000000,52.355000000
37.290000000,2143.399000000,18.406000000,52.600000000
37.340000000,2137.641000000,18.514000000,52.845000000
37.390000000,2131.867000000,18.622000000,53.089000000
37.440000000,2126.079000000,18.729000000,53.333000000
37.490000000,2120.277000000,18.837000000,53.577000000
37.540000000,2114.459000000,18.946000000,53.823000000
37.590000000,2108.627000000,19.056000000,54.072000000
37.640000000,2102.781000000,19.166000000,54.322000000
37.690000000,2096.921000000,19.276000000,54.570000000
37.740000000,2091.046000000,19.386000000,54.816000000
37.790000000,2085.157000000,19.495000000,55.063000000
37.840000000,2079.254000000,19.605000000,55.312000000
37.890000000,2073.337000000,19.717000000,55.563000000
37.940000000,2067.405000000,19.829000000,55.815000000
37.990000000,2061.460000000,19.941000000,56.067000000
38.040000000,2055.500000000,20.053000000,56.319000000
38.090000000,2049.527000000,20.165000000,56.570000000
38.140000000,2043.540000000,20.277000000,56.822000000
38.190000000,2037.539000000,20.390000000,57.076000000
38.240000000,2031.524000000,20.504000000,57.332000000
38.290000000,2025.496000000,20.619000000,57.588000000
38.340000000,2019.454000000,20.733000000,57.843000000
38.390000000,2013.399000000,20.847000000,58.098000000
38.440000000,2007.330000000,20.961000000,58.353000000
38.490000000,2001.248000000,21.076000000,58.609000000
38.540000000,1995.152000000,21.192000000,58.868000000
38.590000000,1989.043000000,21.309000000,59.129000000
38.640000000,1982.920000000,21.426000000,59.391000000
38.690000000,1976.785000000,21.543000000,59.651000000
38.740000000,1970.636000000,21.660000000,59.911000000
38.790000000,1964.474000000,21.777000000,60.171000000
38.840000000,1958.300000000,21.895000000,60.432000000
38.890000000,1952.112000000,22.013000000,60.693000000
38.940000000,1945.911000000,22.132000000,60.957000000
38.990000000,1939.697000000,22.252000000,61.224000000
39.040000000,1933.471000000,22.373000000,61.489000000
39.090000000,1927.232000000,22.492000000,61.754000000
39.140000000,1920.980000000,22.612000000,62.018000000
39.190000000,1914.716000000,22.732000000,62.282000000
39.240000000,1908.439000000,22.852000000,62.548000000
39.290000000,1902.150000000,22.974000000,62.816000000
39.340000000,1895.848000000,23.097000000,63.085000000
39.390000000,1889.533000000,23.220000000,63.355000000
39.440000000,1883.207000000,23.343000000,63.625000000
39.490000000,1876.868000000,23.466000000,63.896000000
39.540000000,1870.516000000,23.590000000,64.166000000
39.590000000,1864.153000000,23.714000000,64.437000000
39.640000000,1857.778000000,23.839000000,64.710000000
39.690000000,1851.390000000,23.964000000,64.983000000
39.740000000,1844.991000000,24.089000000,65.255000000
39.790000000,1838.580000000,24.214000000,65.528000000
39.840000000,1832.156000000,24.341000000,65.802000000
39.890000000,1825.721000000,24.469000000,66.080000000
39.940000000,1819.274000000,24.598000000,66.359000000
39.990000000,1812.815000000,24.727000000,66.637000000
40.000000000,1811.556000000,24.752000000,66.692000000
40.050000000,1805.109000000,24.880000000,66.969000000
40.100000000,1798.700000000,25.007000000,67.244000000
40.150000000,1792.329000000,25.134000000,67.518000000
40.200000000,1785.995000000,25.260000000,67.790000000
40.250000000,1779.698000000,25.383000000,68.059000000
40.300000000,1773.436000000,25.503000000,68.321000000
40.350000000,1767.210000000,25.619000000,68.576000000
40.400000000,1761.019000000,25.730000000,68.823000000
40.450000000,1754.862000000,25.836000000,69.059000000
40.500000000,1748.739000000,25.935000000,69.283000000
40.550000000,1742.651000000,26.026000000,69.492000000
40.600000000,1736.596000000,26.107000000,69.682000000
40.650000000,1730.576000000,26.176000000,69.851000000
40.700000000,1724.589000000,26.232000000,69.996000000
40.750000000,1718.636000000,26.273000000,70.115000000
40.800000000,1712.719000000,26.296000000,70.202000000
40.850000000,1706.837000000,26.298000000,70.251000000
40.900000000,1700.993000000,26.277000000,70.259000000
40.950000000,1695.189000000,26.227000000,70.217000000
41.000000000,1689.427000000,26.145000000,70.119000000
41.050000000,1683.711000000,26.026000000,69.958000000
41.100000000,1678.045000000,25.867000000,69.725000000
41.147000000,1672.804000000,25.676000000,69.436000000
41.185000000,1668.559000000,25.486000000,69.140000000
41.212000000,1665.567000000,25.331000000,68.894000000
41.238000000,1662.717000000,25.163000000,68.628000000
41.264000000,1659.909000000,24.979000000,68.331000000
41.291000000,1657.022000000,24.767000000,67.987000000
41.318000000,1654.091000000,24.527000000,67.596000000
41.342000000,1651.615000000,24.302000000,67.228000000
41.364000000,1649.382000000,24.081000000,66.865000000
41.385000000,1647.212000000,23.849000000,66.482000000
41.405000000,1645.151000000,23.611000000,66.087000000
41.425000000,1643.164000000,23.364000000,65.676000000
41.444000000,1641.259000000,23.109000000,65.253000000
41.463000000,1639.410000000,22.845000000,64.813000000
41.482000000,1637.577000000,22.565000000,64.345000000
41.501000000,1635.808000000,22.277000000,63.863000000
41.520000000,1634.081000000,21.977000000,63.359000000
41.538000000,1632.392000000,21.664000000,62.834000000
41.556000000,1630.762000000,21.344000000,62.295000000
41.574000000,1629.216000000,21.021000000,61.751000000
41.592000000,1627.693000000,20.684000000,61.183000000
41.609000000,1626.304000000,20.360000000,60.636000000
41.624000000,1625.014000000,20.046000000,60.104000000
41.640000000,1623.812000000,19.739000000,59.586000000
41.654000000,1622.698000000,19.444000000,59.086000000
41.667000000,1621.659000000,19.159000000,58.603000000
41.680000000,1620.688000000,18.884000000,58.136000000
41.693000000,1619.774000000,18.617000000,57.682000000
41.705000000,1618.908000000,18.356000000,57.240000000
41.716000000,1618.066000000,18.096000000,56.798000000
41.728000000,1617.249000000,17.837000000,56.358000000
41.740000000,1616.461000000,17.581000000,55.922000000
41.751000000,1615.701000000,17.328000000,55.492000000
41.762000000,1614.958000000,17.074000000,55.061000000
41.773000000,1614.235000000,16.823000000,54.632000000
41.785000000,1613.528000000,16.571000000,54.204000000
41.796000000,1612.829000000,16.317000000,53.771000000
41.807000000,1612.131000000,16.059000000,53.331000000
41.819000000,1611.432000000,15.795000000,52.880000000
41.831000000,1610.729000000,15.524000000,52.418000000
41.844000000,1610.014000000,15.243000000,51.938000000
41.857000000,1609.281000000,14.950000000,51.438000000
41.871000000,1608.530000000,14.644000000,50.914000000
41.884000000,1607.810000000,14.345000000,50.403000000
41.898000000,1607.119000000,14.054000000,49.905000000
41.911000000,1606.454000000,13.770000000,49.419000000
41.924000000,1605.811000000,13.492000000,48.943000000
41.937000000,1605.189000000,13.221000000,48.478000000
41.950000000,1604.584000000,12.955000000,48.023000000
41.963000000,1603.995000000,12.695000000,47.576000000
41.975000000,1603.419000000,12.439000000,47.137000000
41.988000000,1602.854000000,12.189000000,46.706000000
42.001000000,1602.298000000,11.942000000,46.283000000
42.014000000,1601.749000000,11.699000000,45.865000000
42.027000000,1601.206000000,11.460000000,45.454000000
42.040000000,1600.665000000,11.225000000,45.049000000
42.054000000,1600.126000000,10.992000000,44.648000000
42.067000000,1599.586000000,10.762000000,44.252000000
42.081000000,1599.052000000,10.539000000,43.866000000
42.093000000,1598.572000000,10.341000000,43.526000000
42.104000000,1598.133000000,10.163000000,43.218000000
42.115000000,1597.717000000,9.998000000,42.933000000
42.126000000,1597.322000000,9.844000000,42.666000000
42.136000000,1596.941000000,9.698000000,42.414000000
42.145000000,1596.571000000,9.559000000,42.173000000
42.155000000,1596.211000000,9.425000000,41.942000000
42.164000000,1595.863000000,9.299000000,41.723000000
42.173000000,1595.524000000,9.178000000,41.514000000
42.182000000,1595.190000000,9.061000000,41.311000000
42.191000000,1594.858000000,8.947000000,41.114000000
42.200000000,1594.527000000,8.836000000,40.921000000
42.209000000,1594.196000000,8.727000000,40.731000000
42.217000000,1593.863000000,8.618000000,40.543000000
42.226000000,1593.527000000,8.512000000,40.358000000
42.235000000,1593.188000000,8.406000000,40.174000000
42.244000000,1592.846000000,8.302000000,39.993000000
42.254000000,1592.500000000,8.198000000,39.813000000
42.263000000,1592.144000000,8.094000000,39.632000000
42.273000000,1591.777000000,7.989000000,39.449000000
42.283000000,1591.399000000,7.883000000,39.265000000
42.293000000,1591.013000000,7.778000000,39.081000000
42.303000000,1590.618000000,7.672000000,38.897000000
42.314000000,1590.216000000,7.568000000,38.714000000
42.324000000,1589.808000000,7.464000000,38.533000000
42.335000000,1589.391000000,7.361000000,38.353000000
42.346000000,1588.963000000,7.258000000,38.173000000
42.358000000,1588.522000000,7.154000000,37.992000000
42.369000000,1588.065000000,7.050000000,37.809000000
42.381000000,1587.590000000,6.945000000,37.625000000
42.394000000,1587.097000000,6.839000000,37.440000000
42.407000000,1586.581000000,6.732000000,37.252000000
42.421000000,1586.047000000,6.625000000,37.063000000
42.435000000,1585.490000000,6.517000000,36.873000000
42.449000000,1584.907000000,6.408000000,36.682000000
42.464000000,1584.292000000,6.298000000,36.487000000
42.481000000,1583.639000000,6.185000000,36.289000000
42.498000000,1582.943000000,6.071000000,36.086000000
42.516000000,1582.194000000,5.954000000,35.879000000
42.535000000,1581.399000000,5.837000000,35.670000000
42.556000000,1580.533000000,5.716000000,35.455000000
42.579000000,1579.566000000,5.591000000,35.231000000
42.605000000,1578.436000000,5.456000000,34.988000000
42.637000000,1577.062000000,5.308000000,34.719000000
42.679000000,1575.203000000,5.136000000,34.400000000
42.695000000,1574.516000000,5.074000000,34.282000000
42.713000000,1573.688000000,4.995000000,34.133000000
42.736000000,1572.690000000,4.896000000,33.946000000
42.761000000,1571.616000000,4.787000000,33.741000000
42.793000000,1570.197000000,4.638000000,33.459000000
42.828000000,1568.629000000,4.471000000,33.138000000
42.861000000,1567.175000000,4.314000000,32.833000000
42.894000000,1565.724000000,4.151000000,32.521000000
42.929000000,1564.221000000,3.979000000,32.191000000
42.962000000,1562.746000000,3.809000000,31.861000000
42.994000000,1561.312000000,3.642000000,31.538000000
43.027000000,1559.874000000,3.474000000,31.212000000
43.059000000,1558.439000000,3.300000000,30.882000000
43.091000000,1556.995000000,3.124000000,30.549000000
43.124000000,1555.557000000,2.951000000,30.219000000
43.156000000,1554.115000000,2.776000000,29.886000000
43.187000000,1552.687000000,2.605000000,29.556000000
43.219000000,1551.260000000,2.435000000,29.230000000
43.251000000,1549.825000000,2.266000000,28.905000000
43.282000000,1548.386000000,2.098000000,28.580000000
43.313000000,1546.956000000,1.933000000,28.258000000
43.344000000,1545.540000000,1.770000000,27.940000000
43.375000000,1544.138000000,1.609000000,27.624000000
43.406000000,1542.710000000,1.445000000,27.301000000
43.438000000,1541.203000000,1.272000000,26.963000000
43.470000000,1539.736000000,1.106000000,26.638000000
43.500000000,1538.309000000,0.947000000,26.326000000
43.531000000,1536.862000000,0.787000000,26.012000000
43.562000000,1535.419000000,0.629000000,25.701000000
43.592000000,1534.010000000,0.476000000,25.400000000
43.622000000,1532.563000000,0.318000000,25.091000000
43.653000000,1531.085000000,0.158000000,24.777000000
43.685000000,1529.587000000,-0.002000000,24.463000000
43.715000000,1528.114000000,-0.158000000,24.157000000
43.745000000,1526.706000000,-0.305000000,23.867000000
43.774000000,1525.271000000,-0.456000000,23.571000000
43.805000000,1523.807000000,-0.609000000,23.270000000
43.835000000,1522.341000000,-0.763000000,22.970000000
43.865000000,1520.862000000,-0.917000000,22.668000000
43.898000000,1519.246000000,-1.084000000,22.343000000
43.932000000,1517.605000000,-1.250000000,22.018000000
43.964000000,1516.026000000,-1.411000000,21.706000000
43.997000000,1514.384000000,-1.577000000,21.384000000
44.031000000,1512.709000000,-1.743000000,21.060000000
44.067000000,1510.892000000,-1.920000000,20.715000000
44.100000000,1509.256000000,-2.077000000,20.407000000
44.130000000,1507.719000000,-2.224000000,20.118000000
44.160000000,1506.254000000,-2.364000000,19.844000000
44.191000000,1504.682000000,-2.512000000,19.554000000
44.226000000,1502.873000000,-2.678000000,19.227000000
44.254000000,1501.473000000,-2.807000000,18.971000000
44.283000000,1499.983000000,-2.944000000,18.698000000
44.313000000,1498.433000000,-3.086000000,18.415000000
44.340000000,1497.045000000,-3.210000000,18.167000000
44.368000000,1495.613000000,-3.333000000,17.919000000
44.396000000,1494.178000000,-3.455000000,17.672000000
44.424000000,1492.702000000,-3.579000000,17.420000000
44.451000000,1491.316000000,-3.694000000,17.185000000
44.477000000,1489.949000000,-3.805000000,16.956000000
44.505000000,1488.525000000,-3.921000000,16.718000000
44.535000000,1486.946000000,-4.050000000,16.458000000
44.561000000,1485.566000000,-4.160000000,16.232000000
44.587000000,1484.182000000,-4.267000000,16.007000000
44.617000000,1482.601000000,-4.385000000,15.751000000
44.647000000,1481.020000000,-4.511000000,15.488000000
44.676000000,1479.474000000,-4.632000000,15.233000000
44.704000000,1477.971000000,-4.748000000,14.988000000
44.732000000,1476.510000000,-4.859000000,14.751000000
44.758000000,1475.076000000,-4.963000000,14.529000000
44.785000000,1473.636000000,-5.065000000,14.308000000
44.812000000,1472.207000000,-5.166000000,14.091000000
44.839000000,1470.711000000,-5.276000000,13.856000000
44.867000000,1469.211000000,-5.386000000,13.622000000
44.894000000,1467.773000000,-5.489000000,13.400000000
44.920000000,1466.332000000,-5.587000000,13.188000000
44.947000000,1464.888000000,-5.683000000,12.978000000
44.974000000,1463.378000000,-5.789000000,12.750000000
45.002000000,1461.883000000,-5.893000000,12.527000000
45.029000000,1460.396000000,-5.996000000,12.306000000
45.056000000,1458.894000000,-6.098000000,12.085000000
45.083000000,1457.404000000,-6.198000000,11.868000000
45.110000000,1455.913000000,-6.298000000,11.653000000
45.137000000,1454.430000000,-6.396000000,11.440000000
45.164000000,1452.943000000,-6.493000000,11.229000000
45.190000000,1451.465000000,-6.589000000,11.021000000
45.217000000,1449.980000000,-6.684000000,10.813000000
45.243000000,1448.501000000,-6.777000000,10.608000000
45.270000000,1447.012000000,-6.877000000,10.395000000
45.296000000,1445.565000000,-6.973000000,10.189000000
45.321000000,1444.129000000,-7.068000000,9.986000000
45.347000000,1442.697000000,-7.161000000,9.786000000
45.372000000,1441.263000000,-7.254000000,9.587000000
45.398000000,1439.823000000,-7.346000000,9.388000000
45.423000000,1438.388000000,-7.437000000,9.192000000
45.448000000,1436.950000000,-7.528000000,8.997000000
45.474000000,1435.511000000,-7.617000000,8.804000000
45.499000000,1434.063000000,-7.707000000,8.611000000
45.525000000,1432.618000000,-7.795000000,8.419000000
45.550000000,1431.167000000,-7.882000000,8.228000000
45.575000000,1429.710000000,-7.970000000,8.039000000
45.601000000,1428.246000000,-8.062000000,7.841000000
45.626000000,1426.786000000,-8.154000000,7.645000000
45.652000000,1425.322000000,-8.245000000,7.450000000
45.677000000,1423.864000000,-8.334000000,7.258000000
45.703000000,1422.395000000,-8.424000000,7.066000000
45.728000000,1420.942000000,-8.511000000,6.877000000
45.753000000,1419.484000000,-8.599000000,6.690000000
45.778000000,1418.022000000,-8.685000000,6.503000000
45.803000000,1416.566000000,-8.771000000,6.318000000
45.828000000,1415.113000000,-8.855000000,6.136000000
45.853000000,1413.663000000,-8.939000000,5.955000000
45.877000000,1412.227000000,-9.020000000,5.777000000
45.902000000,1410.780000000,-9.102000000,5.599000000
45.927000000,1409.337000000,-9.183000000,5.424000000
45.951000000,1407.898000000,-9.263000000,5.250000000
45.976000000,1406.464000000,-9.341000000,5.078000000
46.000000000,1405.026000000,-9.419000000,4.907000000
46.024000000,1403.583000000,-9.497000000,4.736000000
46.048000000,1402.154000000,-9.573000000,4.569000000
46.072000000,1400.757000000,-9.653000000,4.405000000
46.095000000,1399.386000000,-9.728000000,4.241000000
46.119000000,1397.985000000,-9.804000000,4.075000000
46.142000000,1396.602000000,-9.879000000,3.912000000
46.165000000,1395.238000000,-9.952000000,3.753000000
46.188000000,1393.832000000,-10.027000000,3.590000000
46.213000000,1392.382000000,-10.103000000,3.425000000
46.236000000,1390.969000000,-10.177000000,3.266000000
46.260000000,1389.554000000,-10.250000000,3.107000000
46.284000000,1388.106000000,-10.324000000,2.947000000
46.308000000,1386.654000000,-10.398000000,2.787000000
46.332000000,1385.219000000,-10.470000000,2.632000000
46.356000000,1383.783000000,-10.542000000,2.477000000
46.379000000,1382.369000000,-10.612000000,2.325000000
46.402000000,1380.974000000,-10.680000000,2.175000000
46.424000000,1379.621000000,-10.745000000,2.031000000
46.446000000,1378.306000000,-10.808000000,1.890000000
46.467000000,1377.006000000,-10.870000000,1.751000000
46.489000000,1375.707000000,-10.931000000,1.612000000
46.510000000,1374.396000000,-10.992000000,1.473000000
46.532000000,1373.092000000,-11.053000000,1.336000000
46.554000000,1371.699000000,-11.116000000,1.192000000
46.579000000,1370.207000000,-11.194000000,1.037000000
46.607000000,1368.478000000,-11.282000000,0.857000000
46.630000000,1367.095000000,-11.351000000,0.716000000
46.657000000,1365.391000000,-11.426000000,0.550000000
46.682000000,1363.861000000,-11.493000000,0.403000000
46.706000000,1362.394000000,-11.558000000,0.263000000
46.728000000,1360.999000000,-11.619000000,0.131000000
46.749000000,1359.723000000,-11.676000000,0.012000000
46.772000000,1358.294000000,-11.743000000,-0.129000000
46.795000000,1356.904000000,-11.802000000,-0.257000000
46.817000000,1355.527000000,-11.860000000,-0.383000000
46.839000000,1354.150000000,-11.918000000,-0.507000000
46.861000000,1352.774000000,-11.975000000,-0.631000000
46.883000000,1351.399000000,-12.032000000,-0.754000000
46.905000000,1350.037000000,-12.088000000,-0.874000000
46.926000000,1348.708000000,-12.142000000,-0.991000000
46.948000000,1347.314000000,-12.203000000,-1.119000000
46.971000000,1345.913000000,-12.263000000,-1.248000000
46.993000000,1344.520000000,-12.323000000,-1.374000000
47.015000000,1343.125000000,-12.382000000,-1.500000000
47.037000000,1341.729000000,-12.441000000,-1.625000000
47.060000000,1340.330000000,-12.500000000,-1.749000000
47.082000000,1338.932000000,-12.557000000,-1.872000000
47.104000000,1337.553000000,-12.614000000,-1.992000000
47.128000000,1336.042000000,-12.668000000,-2.123000000
47.155000000,1334.321000000,-12.740000000,-2.271000000
47.180000000,1332.741000000,-12.804000000,-2.406000000
47.205000000,1331.159000000,-12.868000000,-2.541000000
47.230000000,1329.567000000,-12.931000000,-2.674000000
47.256000000,1327.877000000,-12.999000000,-2.814000000
47.282000000,1326.251000000,-13.053000000,-2.940000000
47.305000000,1324.774000000,-13.102000000,-3.053000000
47.329000000,1323.260000000,-13.159000000,-3.175000000
47.352000000,1321.794000000,-13.214000000,-3.292000000
47.375000000,1320.315000000,-13.268000000,-3.410000000
47.397000000,1318.872000000,-13.320000000,-3.524000000
47.418000000,1317.548000000,-13.365000000,-3.620000000
47.438000000,1316.272000000,-13.409000000,-3.719000000
47.458000000,1314.986000000,-13.454000000,-3.818000000
47.478000000,1313.698000000,-13.498000000,-3.916000000
47.498000000,1312.405000000,-13.543000000,-4.014000000
47.518000000,1311.114000000,-13.588000000,-4.111000000
47.538000000,1309.826000000,-13.632000000,-4.206000000
47.558000000,1308.539000000,-13.675000000,-4.301000000
47.578000000,1307.254000000,-13.718000000,-4.395000000
47.598000000,1305.975000000,-13.761000000,-4.488000000
47.617000000,1304.692000000,-13.803000000,-4.580000000
47.637000000,1303.427000000,-13.844000000,-4.674000000
47.657000000,1302.129000000,-13.889000000,-4.771000000
47.679000000,1300.695000000,-13.943000000,-4.878000000
47.704000000,1299.086000000,-14.003000000,-5.007000000
47.728000000,1297.528000000,-14.060000000,-5.130000000
47.753000000,1295.882000000,-14.120000000,-5.258000000
47.778000000,1294.279000000,-14.179000000,-5.380000000
47.798000000,1293.005000000,-14.220000000,-5.471000000
47.817000000,1291.718000000,-14.261000000,-5.562000000
47.837000000,1290.450000000,-14.301000000,-5.651000000
47.856000000,1289.184000000,-14.340000000,-5.739000000
47.875000000,1287.933000000,-14.379000000,-5.825000000
47.895000000,1286.663000000,-14.419000000,-5.912000000
47.918000000,1285.131000000,-14.471000000,-6.024000000
47.939000000,1283.761000000,-14.511000000,-6.116000000
47.959000000,1282.415000000,-14.551000000,-6.206000000
47.979000000,1281.146000000,-14.590000000,-6.289000000
47.998000000,1279.866000000,-14.630000000,-6.380000000
48.018000000,1278.568000000,-14.672000000,-6.471000000
48.037000000,1277.282000000,-14.712000000,-6.561000000
48.057000000,1275.987000000,-14.753000000,-6.650000000
48.077000000,1274.694000000,-14.793000000,-6.739000000
48.096000000,1273.404000000,-14.833000000,-6.826000000
48.116000000,1272.115000000,-14.872000000,-6.913000000
48.135000000,1270.823000000,-14.911000000,-7.000000000
48.155000000,1269.535000000,-14.949000000,-7.085000000
48.174000000,1268.243000000,-14.988000000,-7.170000000
48.194000000,1266.958000000,-15.025000000,-7.254000000
48.213000000,1265.668000000,-15.063000000,-7.338000000
48.232000000,1264.381000000,-15.099000000,-7.420000000
48.252000000,1263.108000000,-15.135000000,-7.502000000
48.270000000,1261.854000000,-15.168000000,-7.581000000
48.289000000,1260.596000000,-15.201000000,-7.661000000
48.315000000,1258.859000000,-15.239000000,-7.761000000
48.339000000,1257.248000000,-15.275000000,-7.852000000
48.364000000,1255.630000000,-15.310000000,-7.942000000
48.386000000,1254.130000000,-15.350000000,-8.033000000
48.409000000,1252.577000000,-15.383000000,-8.118000000
48.429000000,1251.276000000,-15.415000000,-8.195000000
48.448000000,1249.959000000,-15.447000000,-8.272000000
48.468000000,1248.630000000,-15.480000000,-8.349000000
48.490000000,1247.199000000,-15.509000000,-8.425000000
48.510000000,1245.797000000,-15.537000000,-8.498000000
48.532000000,1244.370000000,-15.565000000,-8.571000000
48.556000000,1242.733000000,-15.595000000,-8.656000000
48.579000000,1241.175000000,-15.631000000,-8.743000000
48.602000000,1239.659000000,-15.666000000,-8.826000000
48.624000000,1238.171000000,-15.699000000,-8.907000000
48.646000000,1236.684000000,-15.731000000,-8.988000000
48.668000000,1235.207000000,-15.763000000,-9.067000000
48.689000000,1233.721000000,-15.795000000,-9.145000000
48.712000000,1232.221000000,-15.826000000,-9.224000000
48.733000000,1230.773000000,-15.856000000,-9.299000000
48.754000000,1229.330000000,-15.884000000,-9.373000000
48.776000000,1227.876000000,-15.913000000,-9.447000000
48.797000000,1226.425000000,-15.941000000,-9.520000000
48.819000000,1224.970000000,-15.968000000,-9.593000000
48.840000000,1223.528000000,-15.995000000,-9.664000000
48.861000000,1222.067000000,-16.022000000,-9.735000000
48.882000000,1220.642000000,-16.048000000,-9.804000000
48.903000000,1219.207000000,-16.073000000,-9.872000000
48.924000000,1217.761000000,-16.097000000,-9.941000000
48.945000000,1216.323000000,-16.122000000,-10.008000000
48.966000000,1214.893000000,-16.145000000,-10.074000000
48.988000000,1213.421000000,-16.177000000,-10.147000000
49.011000000,1211.866000000,-16.208000000,-10.226000000
49.032000000,1210.411000000,-16.238000000,-10.300000000
49.053000000,1208.970000000,-16.268000000,-10.371000000
49.074000000,1207.517000000,-16.298000000,-10.442000000
49.096000000,1206.064000000,-16.327000000,-10.512000000
49.117000000,1204.611000000,-16.356000000,-10.581000000
49.138000000,1203.161000000,-16.384000000,-10.650000000
49.159000000,1201.706000000,-16.412000000,-10.718000000
49.181000000,1200.222000000,-16.440000000,-10.786000000
49.202000000,1198.731000000,-16.467000000,-10.855000000
49.224000000,1197.211000000,-16.494000000,-10.924000000
49.246000000,1195.742000000,-16.520000000,-10.990000000
49.267000000,1194.269000000,-16.546000000,-11.055000000
49.288000000,1192.805000000,-16.572000000,-11.118000000
49.310000000,1191.324000000,-16.597000000,-11.182000000
49.331000000,1189.848000000,-16.622000000,-11.244000000
49.353000000,1188.379000000,-16.646000000,-11.306000000
49.374000000,1186.903000000,-16.670000000,-11.367000000
49.396000000,1185.392000000,-16.694000000,-11.429000000
49.420000000,1183.681000000,-16.719000000,-11.499000000
49.442000000,1182.214000000,-16.747000000,-11.565000000
49.463000000,1180.731000000,-16.776000000,-11.631000000
49.485000000,1179.233000000,-16.805000000,-11.697000000
49.507000000,1177.705000000,-16.834000000,-11.764000000
49.531000000,1176.011000000,-16.867000000,-11.836000000
49.551000000,1174.642000000,-16.886000000,-11.887000000
49.570000000,1173.317000000,-16.904000000,-11.936000000
49.590000000,1171.919000000,-16.929000000,-11.994000000
49.610000000,1170.523000000,-16.953000000,-12.052000000
49.630000000,1169.104000000,-16.977000000,-12.109000000
49.651000000,1167.680000000,-17.001000000,-12.166000000
49.672000000,1166.228000000,-17.025000000,-12.223000000
49.694000000,1164.666000000,-17.051000000,-12.284000000
49.712000000,1163.447000000,-17.067000000,-12.325000000
49.732000000,1162.011000000,-17.090000000,-12.380000000
49.753000000,1160.587000000,-17.112000000,-12.433000000
49.773000000,1159.162000000,-17.134000000,-12.486000000
49.793000000,1157.746000000,-17.155000000,-12.538000000
49.813000000,1156.328000000,-17.176000000,-12.590000000
49.834000000,1154.906000000,-17.197000000,-12.641000000
49.854000000,1153.474000000,-17.217000000,-12.692000000
49.875000000,1152.040000000,-17.237000000,-12.742000000
49.895000000,1150.604000000,-17.257000000,-12.791000000
49.915000000,1149.174000000,-17.276000000,-12.840000000
49.936000000,1147.695000000,-17.296000000,-12.890000000
49.961000000,1145.981000000,-17.321000000,-12.946000000
49.981000000,1144.579000000,-17.333000000,-12.984000000
50.000000000,1143.225000000,-17.345000000,-13.021000000
50.019000000,1141.887000000,-17.356000000,-13.057000000
50.037000000,1140.617000000,-17.367000000,-13.090000000
50.056000000,1139.279000000,-17.383000000,-13.131000000
50.075000000,1137.914000000,-17.399000000,-13.172000000
50.095000000,1136.555000000,-17.414000000,-13.213000000
50.114000000,1135.201000000,-17.429000000,-13.253000000
50.133000000,1133.842000000,-17.444000000,-13.293000000
50.152000000,1132.487000000,-17.458000000,-13.331000000
50.171000000,1131.128000000,-17.472000000,-13.370000000
50.191000000,1129.771000000,-17.485000000,-13.408000000
50.210000000,1128.420000000,-17.498000000,-13.445000000
50.229000000,1127.055000000,-17.511000000,-13.482000000
50.248000000,1125.694000000,-17.524000000,-13.518000000
50.267000000,1124.346000000,-17.536000000,-13.554000000
50.286000000,1122.986000000,-17.548000000,-13.589000000
50.306000000,1121.600000000,-17.560000000,-13.624000000
50.324000000,1120.310000000,-17.567000000,-13.650000000
50.342000000,1119.018000000,-17.573000000,-13.676000000
50.360000000,1117.721000000,-17.579000000,-13.701000000
50.381000000,1116.281000000,-17.591000000,-13.735000000
50.400000000,1114.893000000,-17.601000000,-13.768000000
50.419000000,1113.518000000,-17.611000000,-13.800000000
50.439000000,1112.137000000,-17.620000000,-13.832000000
50.458000000,1110.751000000,-17.629000000,-13.863000000
50.478000000,1109.376000000,-17.644000000,-13.896000000
50.495000000,1108.159000000,-17.657000000,-13.930000000
50.512000000,1106.958000000,-17.670000000,-13.965000000
50.529000000,1105.736000000,-17.683000000,-14.001000000
50.549000000,1104.288000000,-17.698000000,-14.046000000
50.569000000,1102.865000000,-17.715000000,-14.091000000
50.588000000,1101.496000000,-17.728000000,-14.128000000
50.611000000,1099.904000000,-17.742000000,-14.167000000
50.632000000,1098.379000000,-17.756000000,-14.205000000
50.652000000,1096.938000000,-17.768000000,-14.241000000
50.672000000,1095.549000000,-17.780000000,-14.275000000
50.692000000,1094.067000000,-17.792000000,-14.310000000
50.714000000,1092.500000000,-17.804000000,-14.345000000
50.736000000,1090.931000000,-17.817000000,-14.380000000
50.758000000,1089.362000000,-17.829000000,-14.414000000
50.780000000,1087.750000000,-17.840000000,-14.447000000
50.803000000,1086.106000000,-17.852000000,-14.480000000
50.826000000,1084.495000000,-17.864000000,-14.511000000
50.848000000,1082.875000000,-17.875000000,-14.542000000
50.871000000,1081.256000000,-17.885000000,-14.572000000
50.893000000,1079.637000000,-17.896000000,-14.601000000
50.915000000,1078.065000000,-17.906000000,-14.627000000
50.937000000,1076.523000000,-17.916000000,-14.654000000
50.958000000,1074.994000000,-17.924000000,-14.681000000
50.980000000,1073.404000000,-17.931000000,-14.708000000
51.003000000,1071.750000000,-17.939000000,-14.735000000
51.026000000,1070.118000000,-17.947000000,-14.760000000
51.048000000,1068.473000000,-17.955000000,-14.784000000
51.071000000,1066.846000000,-17.962000000,-14.806000000
51.093000000,1065.251000000,-17.970000000,-14.828000000
51.115000000,1063.692000000,-17.977000000,-14.847000000
51.136000000,1062.149000000,-17.983000000,-14.867000000
51.158000000,1060.571000000,-17.989000000,-14.887000000
51.181000000,1058.904000000,-17.994000000,-14.907000000
51.203000000,1057.304000000,-18.000000000,-14.922000000
51.220000000,1056.041000000,-18.000000000,-14.928000000
51.243000000,1054.422000000,-17.997000000,-14.939000000
51.265000000,1052.807000000,-17.994000000,-14.950000000
51.286000000,1051.250000000,-17.990000000,-14.960000000
51.308000000,1049.674000000,-17.985000000,-14.970000000
51.330000000,1048.059000000,-17.979000000,-14.980000000
51.353000000,1046.407000000,-17.974000000,-14.989000000
51.376000000,1044.761000000,-17.970000000,-14.996000000
51.398000000,1043.111000000,-17.965000000,-15.002000000
51.421000000,1041.456000000,-17.959000000,-15.007000000
51.444000000,1039.792000000,-17.952000000,-15.014000000
51.464000000,1038.317000000,-17.953000000,-15.023000000
51.483000000,1036.951000000,-17.955000000,-15.032000000
51.502000000,1035.573000000,-17.957000000,-15.040000000
51.520000000,1034.239000000,-17.959000000,-15.045000000
51.537000000,1033.006000000,-17.957000000,-15.047000000
51.554000000,1031.785000000,-17.951000000,-15.050000000
51.570000000,1030.569000000,-17.945000000,-15.051000000
51.587000000,1029.387000000,-17.939000000,-15.053000000
51.603000000,1028.201000000,-17.935000000,-15.053000000
51.619000000,1027.018000000,-17.930000000,-15.054000000
51.635000000,1025.833000000,-17.926000000,-15.054000000
51.651000000,1024.656000000,-17.923000000,-15.053000000
51.668000000,1023.473000000,-17.919000000,-15.052000000
51.684000000,1022.292000000,-17.915000000,-15.052000000
51.700000000,1021.107000000,-17.909000000,-15.051000000
51.716000000,1019.934000000,-17.903000000,-15.049000000
51.732000000,1018.759000000,-17.897000000,-15.048000000
51.748000000,1017.576000000,-17.891000000,-15.046000000
51.764000000,1016.401000000,-17.885000000,-15.044000000
51.780000000,1015.228000000,-17.878000000,-15.041000000
51.796000000,1014.051000000,-17.872000000,-15.038000000
51.812000000,1012.872000000,-17.865000000,-15.035000000
51.829000000,1011.695000000,-17.859000000,-15.031000000
51.845000000,1010.521000000,-17.854000000,-15.029000000
51.863000000,1009.200000000,-17.850000000,-15.032000000
51.881000000,1007.881000000,-17.846000000,-15.034000000
51.899000000,1006.543000000,-17.842000000,-15.037000000
51.917000000,1005.184000000,-17.838000000,-15.039000000
51.939000000,1003.601000000,-17.835000000,-15.045000000
51.959000000,1002.130000000,-17.834000000,-15.052000000
51.981000000,1000.539000000,-17.833000000,-15.059000000
52.003000000,998.890000000,-17.831000000,-15.065000000
52.024000000,997.357000000,-17.827000000,-15.069000000
52.043000000,995.965000000,-17.823000000,-15.071000000
52.061000000,994.686000000,-17.817000000,-15.071000000
52.079000000,993.332000000,-17.811000000,-15.071000000
52.098000000,991.905000000,-17.805000000,-15.071000000
52.119000000,990.406000000,-17.799000000,-15.071000000
52.136000000,989.126000000,-17.792000000,-15.069000000
52.152000000,987.926000000,-17.784000000,-15.065000000
52.169000000,986.741000000,-17.775000000,-15.060000000
52.185000000,985.554000000,-17.767000000,-15.055000000
52.201000000,984.363000000,-17.758000000,-15.050000000
52.217000000,983.163000000,-17.750000000,-15.045000000
52.235000000,981.846000000,-17.741000000,-15.041000000
52.257000000,980.227000000,-17.730000000,-15.039000000
52.279000000,978.591000000,-17.721000000,-15.038000000
52.301000000,977.015000000,-17.711000000,-15.035000000
52.321000000,975.504000000,-17.701000000,-15.032000000
52.343000000,973.847000000,-17.689000000,-15.029000000
52.365000000,972.279000000,-17.680000000,-15.026000000
52.384000000,970.873000000,-17.672000000,-15.023000000
52.402000000,969.515000000,-17.665000000,-15.019000000
52.420000000,968.165000000,-17.658000000,-15.016000000
52.439000000,966.803000000,-17.651000000,-15.012000000
52.458000000,965.412000000,-17.642000000,-15.007000000
52.476000000,964.071000000,-17.634000000,-15.002000000
52.494000000,962.744000000,-17.626000000,-14.997000000
52.512000000,961.418000000,-17.618000000,-14.992000000
52.530000000,960.043000000,-17.610000000,-14.986000000
52.549000000,958.668000000,-17.600000000,-14.979000000
52.568000000,957.278000000,-17.589000000,-14.972000000
52.587000000,955.819000000,-17.575000000,-14.964000000
52.608000000,954.280000000,-17.559000000,-14.954000000
52.626000000,952.967000000,-17.543000000,-14.943000000
52.642000000,951.791000000,-17.527000000,-14.930000000
52.658000000,950.608000000,-17.510000000,-14.915000000
52.673000000,949.438000000,-17.493000000,-14.898000000
52.689000000,948.265000000,-17.475000000,-14.881000000
52.705000000,947.098000000,-17.458000000,-14.864000000
52.721000000,945.923000000,-17.440000000,-14.846000000
52.737000000,944.745000000,-17.421000000,-14.825000000
52.752000000,943.575000000,-17.401000000,-14.803000000
52.768000000,942.390000000,-17.381000000,-14.779000000
52.784000000,941.224000000,-17.361000000,-14.756000000
52.800000000,940.054000000,-17.340000000,-14.733000000
52.815000000,938.883000000,-17.320000000,-14.711000000
52.831000000,937.716000000,-17.300000000,-14.689000000
52.847000000,936.547000000,-17.279000000,-14.666000000
52.862000000,935.383000000,-17.258000000,-14.643000000
52.878000000,934.223000000,-17.237000000,-14.619000000
52.894000000,933.057000000,-17.216000000,-14.594000000
52.909000000,931.877000000,-17.193000000,-14.568000000
52.925000000,930.689000000,-17.170000000,-14.541000000
52.942000000,929.476000000,-17.147000000,-14.513000000
52.958000000,928.248000000,-17.122000000,-14.483000000
52.976000000,926.909000000,-17.095000000,-14.453000000
52.992000000,925.696000000,-17.072000000,-14.428000000
53.008000000,924.507000000,-17.049000000,-14.406000000
53.024000000,923.327000000,-17.027000000,-14.386000000
53.040000000,922.125000000,-17.005000000,-14.367000000
53.057000000,920.884000000,-16.982000000,-14.348000000
53.074000000,919.608000000,-16.959000000,-14.329000000
53.092000000,918.267000000,-16.935000000,-14.310000000
53.111000000,916.851000000,-16.910000000,-14.291000000
53.133000000,915.235000000,-16.883000000,-14.270000000
53.151000000,913.835000000,-16.861000000,-14.252000000
53.169000000,912.522000000,-16.841000000,-14.235000000
53.186000000,911.260000000,-16.824000000,-14.219000000
53.203000000,909.994000000,-16.808000000,-14.203000000
53.220000000,908.693000000,-16.792000000,-14.186000000
53.238000000,907.369000000,-16.777000000,-14.170000000
53.256000000,906.016000000,-16.762000000,-14.153000000
53.275000000,904.600000000,-16.745000000,-14.135000000
53.294000000,903.218000000,-16.729000000,-14.117000000
53.312000000,901.859000000,-16.712000000,-14.099000000
53.330000000,900.531000000,-16.696000000,-14.081000000
53.349000000,899.056000000,-16.679000000,-14.062000000
53.371000000,897.479000000,-16.660000000,-14.042000000
53.390000000,896.049000000,-16.641000000,-14.022000000
53.407000000,894.719000000,-16.621000000,-14.002000000
53.424000000,893.462000000,-16.601000000,-13.983000000
53.441000000,892.188000000,-16.581000000,-13.964000000
53.458000000,890.914000000,-16.561000000,-13.944000000
53.476000000,889.604000000,-16.540000000,-13.923000000
53.493000000,888.321000000,-16.519000000,-13.903000000
53.510000000,887.058000000,-16.496000000,-13.882000000
53.526000000,885.812000000,-16.474000000,-13.861000000
53.543000000,884.567000000,-16.452000000,-13.840000000
53.560000000,883.321000000,-16.430000000,-13.818000000
53.576000000,882.080000000,-16.408000000,-13.797000000
53.593000000,880.815000000,-16.387000000,-13.775000000
53.611000000,879.487000000,-16.366000000,-13.753000000
53.630000000,878.070000000,-16.344000000,-13.730000000
53.651000000,876.510000000,-16.321000000,-13.706000000
53.672000000,874.934000000,-16.297000000,-13.681000000
53.691000000,873.454000000,-16.273000000,-13.656000000
53.710000000,872.052000000,-16.247000000,-13.632000000
53.728000000,870.694000000,-16.221000000,-13.607000000
53.746000000,869.361000000,-16.195000000,-13.583000000
53.764000000,868.016000000,-16.168000000,-13.557000000
53.782000000,866.632000000,-16.138000000,-13.531000000
53.802000000,865.134000000,-16.104000000,-13.501000000
53.823000000,863.558000000,-16.066000000,-13.469000000
53.843000000,862.072000000,-16.031000000,-13.440000000
53.861000000,860.703000000,-16.000000000,-13.412000000
53.878000000,859.435000000,-15.974000000,-13.387000000
53.894000000,858.196000000,-15.949000000,-13.362000000
53.911000000,856.945000000,-15.925000000,-13.338000000
53.929000000,855.626000000,-15.900000000,-13.312000000
53.946000000,854.299000000,-15.875000000,-13.286000000
53.964000000,852.979000000,-15.849000000,-13.260000000
53.982000000,851.616000000,-15.819000000,-13.232000000
54.001000000,850.198000000,-15.784000000,-13.201000000
54.016000000,849.013000000,-15.752000000,-13.171000000
54.032000000,847.839000000,-15.720000000,-13.142000000
54.047000000,846.677000000,-15.689000000,-13.114000000
54.063000000,845.506000000,-15.658000000,-13.085000000
54.080000000,844.222000000,-15.622000000,-13.051000000
54.099000000,842.809000000,-15.583000000,-13.011000000
54.118000000,841.333000000,-15.543000000,-12.967000000
54.137000000,839.946000000,-15.504000000,-12.928000000
54.153000000,838.730000000,-15.470000000,-12.894000000
54.170000000,837.429000000,-15.434000000,-12.862000000
54.186000000,836.222000000,-15.403000000,-12.833000000
54.201000000,835.061000000,-15.375000000,-12.806000000
54.217000000,833.905000000,-15.347000000,-12.778000000
54.232000000,832.744000000,-15.319000000,-12.749000000
54.247000000,831.588000000,-15.292000000,-12.721000000
54.263000000,830.432000000,-15.265000000,-12.693000000
54.278000000,829.280000000,-15.237000000,-12.664000000
54.293000000,828.128000000,-15.210000000,-12.635000000
54.309000000,826.975000000,-15.181000000,-12.606000000
54.324000000,825.807000000,-15.151000000,-12.577000000
54.342000000,824.427000000,-15.111000000,-12.541000000
54.360000000,823.100000000,-15.072000000,-12.500000000
54.377000000,821.774000000,-15.033000000,-12.458000000
54.395000000,820.437000000,-14.993000000,-12.416000000
54.413000000,819.101000000,-14.954000000,-12.374000000
54.430000000,817.771000000,-14.914000000,-12.331000000
54.448000000,816.455000000,-14.875000000,-12.289000000
54.465000000,815.137000000,-14.835000000,-12.246000000
54.483000000,813.811000000,-14.795000000,-12.203000000
54.500000000,812.456000000,-14.754000000,-12.159000000
54.521000000,810.927000000,-14.706000000,-12.109000000
54.539000000,809.510000000,-14.662000000,-12.062000000
54.558000000,808.128000000,-14.619000000,-12.017000000
54.576000000,806.760000000,-14.577000000,-11.971000000
54.594000000,805.394000000,-14.535000000,-11.925000000
54.612000000,804.035000000,-14.493000000,-11.879000000
54.630000000,802.662000000,-14.450000000,-11.832000000
54.648000000,801.302000000,-14.408000000,-11.785000000
54.666000000,799.942000000,-14.365000000,-11.739000000
54.684000000,798.586000000,-14.322000000,-11.692000000
54.702000000,797.215000000,-14.279000000,-11.644000000
54.720000000,795.846000000,-14.236000000,-11.597000000
54.738000000,794.469000000,-14.191000000,-11.548000000
54.756000000,793.090000000,-14.147000000,-11.500000000
54.774000000,791.713000000,-14.103000000,-11.451000000
54.792000000,790.339000000,-14.059000000,-11.403000000
54.810000000,788.968000000,-14.014000000,-11.354000000
54.830000000,787.498000000,-13.966000000,-11.301000000
54.845000000,786.334000000,-13.931000000,-11.265000000
54.861000000,785.149000000,-13.896000000,-11.228000000
54.876000000,783.972000000,-13.861000000,-11.191000000
54.892000000,782.797000000,-13.827000000,-11.154000000
54.907000000,781.622000000,-13.792000000,-11.117000000
54.923000000,780.460000000,-13.757000000,-11.080000000
54.938000000,779.274000000,-13.719000000,-11.042000000
54.954000000,778.100000000,-13.681000000,-10.998000000
54.969000000,776.908000000,-13.641000000,-10.954000000
54.985000000,775.723000000,-13.602000000,-10.910000000
55.001000000,774.529000000,-13.562000000,-10.865000000
55.016000000,773.338000000,-13.523000000,-10.821000000
55.032000000,772.166000000,-13.484000000,-10.776000000
55.048000000,770.948000000,-13.446000000,-10.736000000
55.064000000,769.723000000,-13.409000000,-10.695000000
55.079000000,768.542000000,-13.372000000,-10.656000000
55.095000000,767.321000000,-13.330000000,-10.609000000
55.111000000,766.101000000,-13.288000000,-10.562000000
55.127000000,764.884000000,-13.247000000,-10.515000000
55.143000000,763.668000000,-13.205000000,-10.468000000
55.160000000,762.448000000,-13.163000000,-10.421000000
55.176000000,761.227000000,-13.121000000,-10.373000000
55.192000000,760.005000000,-13.078000000,-10.325000000
55.208000000,758.782000000,-13.036000000,-10.277000000
55.224000000,757.575000000,-12.993000000,-10.230000000
55.239000000,756.364000000,-12.951000000,-10.182000000
55.255000000,755.156000000,-12.909000000,-10.134000000
55.271000000,753.937000000,-12.866000000,-10.085000000
55.287000000,752.724000000,-12.823000000,-10.036000000
55.303000000,751.496000000,-12.780000000,-9.987000000
55.320000000,750.264000000,-12.733000000,-9.931000000
55.335000000,749.107000000,-12.685000000,-9.873000000
55.350000000,747.943000000,-12.636000000,-9.815000000
55.365000000,746.781000000,-12.587000000,-9.757000000
55.380000000,745.627000000,-12.539000000,-9.698000000
55.395000000,744.477000000,-12.492000000,-9.640000000
55.413000000,743.162000000,-12.441000000,-9.579000000
55.430000000,741.871000000,-12.390000000,-9.519000000
55.446000000,740.597000000,-12.340000000,-9.460000000
55.463000000,739.312000000,-12.289000000,-9.401000000
55.482000000,737.920000000,-12.237000000,-9.343000000
55.499000000,736.567000000,-12.191000000,-9.289000000
55.515000000,735.345000000,-12.150000000,-9.241000000
55.531000000,734.127000000,-12.110000000,-9.194000000
55.547000000,732.911000000,-12.069000000,-9.146000000
55.563000000,731.688000000,-12.028000000,-9.098000000
55.580000000,730.444000000,-11.986000000,-9.048000000
55.596000000,729.160000000,-11.942000000,-8.996000000
55.614000000,727.845000000,-11.896000000,-8.942000000
55.632000000,726.452000000,-11.848000000,-8.883000000
55.651000000,724.989000000,-11.796000000,-8.821000000
55.671000000,723.475000000,-11.742000000,-8.756000000
55.689000000,722.092000000,-11.694000000,-8.697000000
55.706000000,720.800000000,-11.649000000,-8.643000000
55.722000000,719.597000000,-11.607000000,-8.593000000
55.737000000,718.442000000,-11.567000000,-8.546000000
55.752000000,717.302000000,-11.529000000,-8.501000000
55.767000000,716.169000000,-11.490000000,-8.456000000
55.782000000,715.035000000,-11.451000000,-8.411000000
55.797000000,713.892000000,-11.412000000,-8.365000000
55.812000000,712.748000000,-11.373000000,-8.319000000
55.827000000,711.605000000,-11.333000000,-8.273000000
55.842000000,710.462000000,-11.294000000,-8.229000000
55.857000000,709.309000000,-11.255000000,-8.185000000
55.872000000,708.168000000,-11.216000000,-8.141000000
55.887000000,707.033000000,-11.177000000,-8.096000000
55.901000000,705.897000000,-11.138000000,-8.051000000
55.916000000,704.755000000,-11.098000000,-8.005000000
55.931000000,703.604000000,-11.058000000,-7.956000000
55.947000000,702.400000000,-11.015000000,-7.903000000
55.965000000,701.034000000,-10.966000000,-7.841000000
55.981000000,699.811000000,-10.922000000,-7.786000000
55.996000000,698.646000000,-10.881000000,-7.735000000
56.011000000,697.511000000,-10.841000000,-7.686000000
56.027000000,696.344000000,-10.799000000,-7.634000000
56.042000000,695.125000000,-10.756000000,-7.579000000
56.060000000,693.804000000,-10.708000000,-7.518000000
56.076000000,692.599000000,-10.664000000,-7.463000000
56.091000000,691.431000000,-10.622000000,-7.410000000
56.106000000,690.294000000,-10.581000000,-7.359000000
56.121000000,689.143000000,-10.540000000,-7.307000000
56.136000000,687.956000000,-10.497000000,-7.253000000
56.152000000,686.720000000,-10.451000000,-7.195000000
56.168000000,685.508000000,-10.407000000,-7.139000000
56.183000000,684.371000000,-10.366000000,-7.088000000
56.198000000,683.226000000,-10.326000000,-7.038000000
56.214000000,682.049000000,-10.284000000,-6.988000000
56.229000000,680.888000000,-10.242000000,-6.938000000
56.244000000,679.726000000,-10.201000000,-6.888000000
56.259000000,678.561000000,-10.159000000,-6.838000000
56.274000000,677.423000000,-10.118000000,-6.788000000
56.289000000,676.286000000,-10.077000000,-6.736000000
56.304000000,675.123000000,-10.035000000,-6.681000000
56.321000000,673.841000000,-9.988000000,-6.619000000
56.342000000,672.246000000,-9.927000000,-6.538000000
56.359000000,670.910000000,-9.874000000,-6.470000000
56.377000000,669.583000000,-9.820000000,-6.401000000
56.394000000,668.271000000,-9.766000000,-6.333000000
56.411000000,666.959000000,-9.713000000,-6.265000000
56.432000000,665.368000000,-9.650000000,-6.182000000
56.447000000,664.217000000,-9.607000000,-6.126000000
56.462000000,663.065000000,-9.565000000,-6.072000000
56.477000000,661.896000000,-9.522000000,-6.018000000
56.492000000,660.714000000,-9.479000000,-5.965000000
56.508000000,659.541000000,-9.436000000,-5.914000000
56.522000000,658.409000000,-9.394000000,-5.864000000
56.537000000,657.269000000,-9.352000000,-5.813000000
56.552000000,656.132000000,-9.310000000,-5.760000000
56.567000000,654.992000000,-9.268000000,-5.706000000
56.582000000,653.846000000,-9.226000000,-5.652000000
56.597000000,652.699000000,-9.183000000,-5.598000000
56.612000000,651.561000000,-9.141000000,-5.543000000
56.627000000,650.429000000,-9.099000000,-5.488000000
56.641000000,649.297000000,-9.057000000,-5.432000000
56.656000000,648.168000000,-9.015000000,-5.375000000
56.671000000,647.038000000,-8.972000000,-5.318000000
56.686000000,645.905000000,-8.929000000,-5.260000000
56.701000000,644.771000000,-8.886000000,-5.202000000
56.715000000,643.640000000,-8.844000000,-5.144000000
56.730000000,642.501000000,-8.801000000,-5.088000000
56.745000000,641.342000000,-8.758000000,-5.032000000
56.761000000,640.169000000,-8.714000000,-4.976000000
56.776000000,639.025000000,-8.671000000,-4.920000000
56.790000000,637.890000000,-8.629000000,-4.864000000
56.805000000,636.749000000,-8.586000000,-4.806000000
56.820000000,635.608000000,-8.543000000,-4.747000000
56.835000000,634.479000000,-8.500000000,-4.689000000
56.850000000,633.345000000,-8.457000000,-4.630000000
56.864000000,632.215000000,-8.414000000,-4.572000000
56.879000000,631.065000000,-8.370000000,-4.511000000
56.895000000,629.900000000,-8.325000000,-4.450000000
56.910000000,628.693000000,-8.279000000,-4.385000000
56.926000000,627.498000000,-8.232000000,-4.320000000
56.942000000,626.304000000,-8.186000000,-4.255000000
56.957000000,625.123000000,-8.140000000,-4.192000000
56.972000000,623.991000000,-8.096000000,-4.132000000
56.987000000,622.850000000,-8.052000000,-4.072000000
57.002000000,621.686000000,-8.008000000,-4.013000000
57.017000000,620.501000000,-7.962000000,-3.953000000
57.033000000,619.327000000,-7.917000000,-3.893000000
57.048000000,618.155000000,-7.872000000,-3.832000000
57.063000000,616.991000000,-7.827000000,-3.772000000
57.078000000,615.859000000,-7.784000000,-3.711000000
57.094000000,614.639000000,-7.736000000,-3.643000000
57.114000000,613.045000000,-7.672000000,-3.551000000
57.133000000,611.637000000,-7.616000000,-3.470000000
57.149000000,610.361000000,-7.565000000,-3.397000000
57.165000000,609.167000000,-7.517000000,-3.329000000
57.182000000,607.847000000,-7.464000000,-3.253000000
57.202000000,606.303000000,-7.402000000,-3.162000000
57.221000000,604.875000000,-7.342000000,-3.078000000
57.239000000,603.472000000,-7.284000000,-2.994000000
57.257000000,602.095000000,-7.226000000,-2.912000000
57.273000000,600.890000000,-7.177000000,-2.843000000
57.288000000,599.689000000,-7.129000000,-2.777000000
57.305000000,598.379000000,-7.077000000,-2.708000000
57.322000000,597.116000000,-7.027000000,-2.641000000
57.338000000,595.874000000,-6.978000000,-2.575000000
57.354000000,594.652000000,-6.929000000,-2.509000000
57.370000000,593.437000000,-6.881000000,-2.443000000
57.386000000,592.220000000,-6.833000000,-2.376000000
57.402000000,590.998000000,-6.784000000,-2.310000000
57.417000000,589.777000000,-6.735000000,-2.243000000
57.433000000,588.573000000,-6.687000000,-2.176000000
57.449000000,587.377000000,-6.640000000,-2.110000000
57.464000000,586.195000000,-6.593000000,-2.044000000
57.480000000,584.989000000,-6.544000000,-1.977000000
57.496000000,583.768000000,-6.495000000,-1.910000000
57.512000000,582.551000000,-6.446000000,-1.844000000
57.527000000,581.348000000,-6.398000000,-1.779000000
57.543000000,580.149000000,-6.349000000,-1.714000000
57.558000000,578.952000000,-6.301000000,-1.650000000
57.574000000,577.793000000,-6.254000000,-1.587000000
57.589000000,576.603000000,-6.206000000,-1.521000000
57.605000000,575.395000000,-6.157000000,-1.453000000
57.621000000,574.180000000,-6.108000000,-1.385000000
57.636000000,572.960000000,-6.059000000,-1.315000000
57.652000000,571.747000000,-6.011000000,-1.246000000
57.668000000,570.528000000,-5.962000000,-1.176000000
57.684000000,569.308000000,-5.913000000,-1.106000000
57.700000000,568.084000000,-5.864000000,-1.036000000
57.716000000,566.869000000,-5.815000000,-0.967000000
57.732000000,565.654000000,-5.765000000,-0.898000000
57.747000000,564.455000000,-5.716000000,-0.831000000
57.762000000,563.280000000,-5.669000000,-0.765000000
57.778000000,562.106000000,-5.621000000,-0.699000000
57.793000000,560.914000000,-5.572000000,-0.632000000
57.809000000,559.704000000,-5.523000000,-0.563000000
57.825000000,558.478000000,-5.473000000,-0.493000000
57.841000000,557.245000000,-5.423000000,-0.422000000
57.857000000,556.003000000,-5.373000000,-0.350000000
57.874000000,554.723000000,-5.321000000,-0.276000000
57.890000000,553.502000000,-5.271000000,-0.208000000
57.904000000,552.388000000,-5.227000000,-0.149000000
57.923000000,550.925000000,-5.173000000,-0.070000000
57.942000000,549.458000000,-5.115000000,0.012000000
57.963000000,547.901000000,-5.050000000,0.103000000
57.979000000,546.600000000,-4.996000000,0.178000000
57.998000000,545.173000000,-4.939000000,0.260000000
58.017000000,543.742000000,-4.883000000,0.341000000
58.035000000,542.325000000,-4.828000000,0.420000000
58.053000000,540.943000000,-4.776000000,0.497000000
58.070000000,539.609000000,-4.726000000,0.571000000
58.087000000,538.338000000,-4.680000000,0.639000000
58.103000000,537.129000000,-4.636000000,0.704000000
58.118000000,535.937000000,-4.594000000,0.767000000
58.134000000,534.683000000,-4.548000000,0.835000000
58.152000000,533.343000000,-4.499000000,0.908000000
58.171000000,531.876000000,-4.445000000,0.990000000
58.191000000,530.368000000,-4.387000000,1.076000000
58.209000000,528.983000000,-4.333000000,1.155000000
58.229000000,527.433000000,-4.274000000,1.243000000
58.245000000,526.160000000,-4.226000000,1.314000000
58.260000000,525.015000000,-4.184000000,1.376000000
58.276000000,523.829000000,-4.140000000,1.441000000
58.292000000,522.592000000,-4.094000000,1.509000000
58.309000000,521.268000000,-4.044000000,1.583000000
58.328000000,519.822000000,-3.988000000,1.666000000
58.344000000,518.570000000,-3.938000000,1.738000000
58.360000000,517.371000000,-3.890000000,1.807000000
58.374000000,516.234000000,-3.842000000,1.872000000
58.389000000,515.091000000,-3.792000000,1.939000000
58.408000000,513.635000000,-3.724000000,2.029000000
58.426000000,512.283000000,-3.661000000,2.113000000
58.444000000,510.864000000,-3.596000000,2.200000000
58.463000000,509.421000000,-3.530000000,2.289000000
58.483000000,507.864000000,-3.458000000,2.386000000
58.503000000,506.365000000,-3.387000000,2.481000000
58.521000000,504.976000000,-3.320000000,2.571000000
58.538000000,503.623000000,-3.253000000,2.659000000
58.555000000,502.320000000,-3.189000000,2.744000000
58.571000000,501.075000000,-3.128000000,2.824000000
58.591000000,499.551000000,-3.056000000,2.923000000
58.610000000,498.072000000,-2.987000000,3.018000000
58.629000000,496.616000000,-2.920000000,3.112000000
58.648000000,495.157000000,-2.852000000,3.206000000
58.667000000,493.722000000,-2.786000000,3.298000000
58.686000000,492.283000000,-2.721000000,3.390000000
58.704000000,490.831000000,-2.655000000,3.483000000
58.724000000,489.283000000,-2.587000000,3.581000000
58.742000000,487.936000000,-2.530000000,3.665000000
58.757000000,486.750000000,-2.481000000,3.737000000
58.772000000,485.605000000,-2.433000000,3.805000000
58.787000000,484.485000000,-2.388000000,3.871000000
58.801000000,483.368000000,-2.342000000,3.937000000
58.816000000,482.248000000,-2.296000000,4.002000000
58.832000000,480.985000000,-2.244000000,4.079000000
58.849000000,479.683000000,-2.188000000,4.161000000
58.865000000,478.503000000,-2.135000000,4.235000000
58.880000000,477.319000000,-2.083000000,4.310000000
58.895000000,476.135000000,-2.030000000,4.384000000
58.911000000,474.950000000,-1.977000000,4.459000000
58.926000000,473.791000000,-1.925000000,4.532000000
58.941000000,472.636000000,-1.873000000,4.605000000
58.955000000,471.499000000,-1.821000000,4.677000000
58.970000000,470.365000000,-1.769000000,4.749000000
58.985000000,469.232000000,-1.716000000,4.821000000
59.000000000,468.089000000,-1.662000000,4.893000000
59.015000000,466.888000000,-1.603000000,4.970000000
59.031000000,465.706000000,-1.546000000,5.046000000
59.046000000,464.532000000,-1.490000000,5.121000000
59.061000000,463.376000000,-1.434000000,5.195000000
59.077000000,462.116000000,-1.371000000,5.279000000
59.094000000,460.868000000,-1.307000000,5.365000000
59.109000000,459.676000000,-1.245000000,5.449000000
59.124000000,458.538000000,-1.184000000,5.531000000
59.138000000,457.409000000,-1.124000000,5.612000000
59.153000000,456.299000000,-1.065000000,5.694000000
59.167000000,455.196000000,-1.007000000,5.774000000
59.182000000,454.047000000,-0.948000000,5.855000000
59.197000000,452.864000000,-0.888000000,5.938000000
59.213000000,451.668000000,-0.829000000,6.020000000
59.229000000,450.461000000,-0.770000000,6.102000000
59.244000000,449.247000000,-0.710000000,6.185000000
59.260000000,448.036000000,-0.651000000,6.268000000
59.276000000,446.801000000,-0.590000000,6.353000000
59.292000000,445.553000000,-0.528000000,6.440000000
59.309000000,444.307000000,-0.465000000,6.528000000
59.324000000,443.097000000,-0.404000000,6.613000000
59.340000000,441.887000000,-0.344000000,6.698000000
59.356000000,440.684000000,-0.283000000,6.782000000
59.371000000,439.477000000,-0.223000000,6.867000000
59.387000000,438.279000000,-0.163000000,6.951000000
59.402000000,437.082000000,-0.103000000,7.034000000
59.418000000,435.900000000,-0.045000000,7.116000000
59.433000000,434.735000000,0.012000000,7.196000000
59.448000000,433.595000000,0.067000000,7.273000000
59.462000000,432.472000000,0.120000000,7.347000000
59.477000000,431.360000000,0.173000000,7.419000000
59.491000000,430.256000000,0.224000000,7.490000000
59.505000000,429.144000000,0.275000000,7.559000000
59.520000000,428.029000000,0.326000000,7.629000000
59.535000000,426.899000000,0.378000000,7.701000000
59.550000000,425.750000000,0.432000000,7.776000000
59.565000000,424.572000000,0.488000000,7.854000000
59.580000000,423.385000000,0.543000000,7.932000000
59.596000000,422.191000000,0.600000000,8.012000000
59.611000000,420.996000000,0.656000000,8.091000000
59.626000000,419.847000000,0.710000000,8.167000000
59.641000000,418.723000000,0.763000000,8.240000000
59.655000000,417.611000000,0.814000000,8.312000000
59.670000000,416.499000000,0.865000000,8.383000000
59.684000000,415.387000000,0.917000000,8.454000000
59.699000000,414.275000000,0.968000000,8.525000000
59.713000000,413.166000000,1.019000000,8.595000000
59.727000000,412.060000000,1.070000000,8.665000000
59.742000000,410.954000000,1.121000000,8.735000000
59.756000000,409.847000000,1.172000000,8.804000000
59.770000000,408.740000000,1.223000000,8.874000000
59.785000000,407.639000000,1.273000000,8.943000000
59.799000000,406.532000000,1.324000000,9.013000000
59.813000000,405.426000000,1.375000000,9.084000000
59.828000000,404.319000000,1.427000000,9.155000000
59.842000000,403.207000000,1.478000000,9.226000000
59.857000000,402.094000000,1.530000000,9.298000000
59.871000000,400.970000000,1.582000000,9.372000000
59.886000000,399.827000000,1.636000000,9.447000000
59.901000000,398.651000000,1.691000000,9.525000000
59.917000000,397.429000000,1.749000000,9.607000000
59.935000000,396.090000000,1.813000000,9.699000000
59.954000000,394.577000000,1.886000000,9.804000000
59.974000000,393.097000000,1.958000000,9.907000000
59.989000000,391.904000000,2.015000000,9.988000000
60.003000000,390.789000000,2.067000000,10.063000000
60.018000000,389.683000000,2.119000000,10.135000000
60.033000000,388.547000000,2.172000000,10.209000000
60.048000000,387.382000000,2.226000000,10.283000000
60.063000000,386.198000000,2.281000000,10.358000000
60.078000000,385.015000000,2.337000000,10.432000000
60.094000000,383.821000000,2.392000000,10.508000000
60.109000000,382.627000000,2.448000000,10.583000000
60.125000000,381.403000000,2.506000000,10.659000000
60.141000000,380.197000000,2.562000000,10.732000000
60.156000000,379.035000000,2.617000000,10.802000000
60.170000000,377.938000000,2.668000000,10.866000000
60.185000000,376.829000000,2.721000000,10.932000000
60.199000000,375.709000000,2.773000000,10.999000000
60.214000000,374.565000000,2.826000000,11.069000000
60.231000000,373.298000000,2.884000000,11.148000000
60.247000000,372.018000000,2.942000000,11.229000000
60.264000000,370.743000000,3.000000000,11.310000000
60.281000000,369.448000000,3.058000000,11.393000000
60.297000000,368.151000000,3.117000000,11.475000000
60.314000000,366.845000000,3.176000000,11.558000000
60.331000000,365.574000000,3.233000000,11.640000000
60.347000000,364.365000000,3.288000000,11.718000000
60.362000000,363.212000000,3.340000000,11.794000000
60.376000000,362.071000000,3.391000000,11.870000000
60.391000000,360.946000000,3.442000000,11.945000000
60.406000000,359.831000000,3.492000000,12.019000000
60.422000000,358.539000000,3.551000000,12.109000000
60.438000000,357.358000000,3.608000000,12.193000000
60.452000000,356.231000000,3.664000000,12.273000000
60.467000000,355.103000000,3.720000000,12.353000000
60.482000000,353.979000000,3.777000000,12.433000000
60.496000000,352.853000000,3.834000000,12.513000000
60.511000000,351.712000000,3.892000000,12.594000000
60.526000000,350.575000000,3.949000000,12.675000000
60.541000000,349.437000000,4.005000000,12.756000000
60.556000000,348.268000000,4.062000000,12.840000000
60.572000000,347.030000000,4.121000000,12.928000000
60.591000000,345.575000000,4.187000000,13.032000000
60.608000000,344.256000000,4.247000000,13.121000000
60.626000000,342.855000000,4.310000000,13.213000000
60.643000000,341.521000000,4.371000000,13.301000000
60.660000000,340.221000000,4.432000000,13.387000000
60.677000000,338.902000000,4.492000000,13.473000000
60.695000000,337.573000000,4.554000000,13.561000000
60.712000000,336.244000000,4.615000000,13.648000000
60.729000000,334.928000000,4.676000000,13.735000000
60.746000000,333.622000000,4.736000000,13.821000000
60.763000000,332.313000000,4.797000000,13.907000000
60.780000000,330.990000000,4.858000000,13.994000000
60.797000000,329.655000000,4.920000000,14.082000000
60.815000000,328.297000000,4.982000000,14.173000000
60.832000000,326.984000000,5.042000000,14.260000000
60.849000000,325.652000000,5.104000000,14.347000000
60.868000000,324.239000000,5.165000000,14.436000000
60.883000000,323.076000000,5.211000000,14.501000000
60.898000000,321.919000000,5.257000000,14.566000000
60.913000000,320.764000000,5.303000000,14.631000000
60.928000000,319.603000000,5.349000000,14.696000000
60.943000000,318.452000000,5.394000000,14.760000000
60.958000000,317.318000000,5.442000000,14.829000000
60.973000000,316.178000000,5.490000000,14.899000000
60.987000000,315.047000000,5.538000000,14.968000000
61.002000000,313.917000000,5.586000000,15.036000000
61.017000000,312.788000000,5.633000000,15.110000000
61.037000000,311.249000000,5.704000000,15.211000000
61.054000000,309.939000000,5.765000000,15.299000000
61.069000000,308.735000000,5.821000000,15.380000000
61.085000000,307.559000000,5.877000000,15.461000000
61.100000000,306.392000000,5.932000000,15.540000000
61.115000000,305.246000000,5.986000000,15.619000000
61.134000000,303.765000000,6.054000000,15.716000000
61.150000000,302.489000000,6.111000000,15.799000000
61.166000000,301.277000000,6.164000000,15.879000000
61.183000000,300.005000000,6.221000000,15.962000000
61.200000000,298.646000000,6.282000000,16.051000000
61.220000000,297.139000000,6.352000000,16.149000000
61.238000000,295.743000000,6.415000000,16.240000000
61.255000000,294.436000000,6.474000000,16.326000000
61.272000000,293.157000000,6.530000000,16.409000000
61.288000000,291.875000000,6.587000000,16.493000000
61.305000000,290.603000000,6.643000000,16.576000000
61.321000000,289.371000000,6.697000000,16.656000000
61.337000000,288.153000000,6.750000000,16.736000000
61.352000000,286.945000000,6.802000000,16.814000000
61.368000000,285.723000000,6.854000000,16.894000000
61.384000000,284.512000000,6.907000000,16.973000000
61.400000000,283.287000000,6.960000000,17.053000000
61.416000000,282.048000000,7.015000000,17.134000000
61.432000000,280.813000000,7.069000000,17.215000000
61.448000000,279.576000000,7.124000000,17.296000000
61.465000000,278.324000000,7.180000000,17.378000000
61.481000000,277.093000000,7.234000000,17.459000000
61.496000000,275.867000000,7.288000000,17.539000000
61.512000000,274.636000000,7.341000000,17.619000000
61.529000000,273.389000000,7.396000000,17.701000000
61.545000000,272.124000000,7.453000000,17.784000000
61.562000000,270.826000000,7.512000000,17.870000000
61.578000000,269.567000000,7.569000000,17.953000000
61.595000000,268.321000000,7.625000000,18.035000000
61.611000000,267.080000000,7.680000000,18.116000000
61.627000000,265.821000000,7.737000000,18.199000000
61.644000000,264.555000000,7.794000000,18.283000000
61.660000000,263.275000000,7.852000000,18.367000000
61.678000000,261.936000000,7.913000000,18.456000000
61.696000000,260.486000000,7.981000000,18.552000000
61.715000000,259.038000000,8.049000000,18.648000000
61.734000000,257.571000000,8.119000000,18.746000000
61.754000000,256.051000000,8.191000000,18.847000000
61.774000000,254.552000000,8.261000000,18.947000000
61.792000000,253.157000000,8.326000000,19.039000000
61.809000000,251.818000000,8.388000000,19.128000000
61.827000000,250.478000000,8.449000000,19.217000000
61.844000000,249.150000000,8.511000000,19.305000000
61.861000000,247.828000000,8.571000000,19.393000000
61.879000000,246.448000000,8.635000000,19.485000000
61.898000000,244.970000000,8.704000000,19.583000000
61.918000000,243.487000000,8.774000000,19.682000000
61.937000000,241.983000000,8.844000000,19.782000000
61.956000000,240.552000000,8.911000000,19.877000000
61.974000000,239.167000000,8.975000000,19.969000000
61.991000000,237.817000000,9.037000000,20.059000000
62.009000000,236.488000000,9.098000000,20.148000000
62.028000000,235.013000000,9.166000000,20.246000000
62.045000000,233.684000000,9.229000000,20.335000000
62.060000000,232.498000000,9.286000000,20.417000000
62.075000000,231.350000000,9.340000000,20.496000000
62.090000000,230.226000000,9.394000000,20.573000000
62.104000000,229.112000000,9.447000000,20.650000000
62.120000000,227.930000000,9.503000000,20.731000000
62.138000000,226.512000000,9.570000000,20.827000000
62.156000000,225.142000000,9.633000000,20.918000000
62.173000000,223.858000000,9.691000000,21.003000000
62.189000000,222.598000000,9.748000000,21.087000000
62.205000000,221.360000000,9.803000000,21.169000000
62.221000000,220.130000000,9.858000000,21.251000000
62.237000000,218.896000000,9.913000000,21.333000000
62.253000000,217.668000000,9.967000000,21.415000000
62.270000000,216.410000000,10.024000000,21.498000000
62.287000000,215.099000000,10.084000000,21.586000000
62.305000000,213.691000000,10.149000000,21.680000000
62.324000000,212.258000000,10.216000000,21.776000000
62.342000000,210.877000000,10.280000000,21.868000000
62.359000000,209.519000000,10.342000000,21.959000000
62.378000000,208.066000000,10.410000000,22.056000000
62.398000000,206.576000000,10.480000000,22.156000000
62.415000000,205.225000000,10.544000000,22.248000000
62.433000000,203.853000000,10.609000000,22.341000000
62.451000000,202.454000000,10.675000000,22.435000000
62.469000000,201.075000000,10.740000000,22.529000000
62.484000000,199.912000000,10.796000000,22.609000000
62.499000000,198.811000000,10.849000000,22.686000000
62.513000000,197.728000000,10.902000000,22.764000000
62.527000000,196.638000000,10.955000000,22.842000000
62.541000000,195.536000000,11.009000000,22.921000000
62.556000000,194.424000000,11.063000000,23.001000000
62.570000000,193.326000000,11.116000000,23.080000000
62.584000000,192.238000000,11.169000000,23.158000000
62.598000000,191.155000000,11.222000000,23.235000000
62.613000000,190.069000000,11.274000000,23.312000000
62.627000000,188.948000000,11.328000000,23.390000000
62.643000000,187.753000000,11.386000000,23.473000000
62.660000000,186.455000000,11.447000000,23.561000000
62.676000000,185.192000000,11.507000000,23.648000000
62.692000000,183.966000000,11.566000000,23.732000000
62.708000000,182.771000000,11.623000000,23.814000000
62.725000000,181.409000000,11.687000000,23.907000000
62.744000000,179.950000000,11.755000000,24.004000000
62.762000000,178.611000000,11.816000000,24.094000000
62.780000000,177.241000000,11.879000000,24.185000000
62.798000000,175.851000000,11.943000000,24.278000000
62.816000000,174.431000000,12.008000000,24.373000000
62.834000000,173.035000000,12.072000000,24.467000000
62.852000000,171.659000000,12.135000000,24.559000000
62.870000000,170.274000000,12.198000000,24.651000000
62.889000000,168.847000000,12.264000000,24.747000000
62.908000000,167.391000000,12.332000000,24.845000000
62.928000000,165.868000000,12.403000000,24.947000000
62.947000000,164.398000000,12.472000000,25.047000000
62.965000000,162.992000000,12.539000000,25.142000000
62.984000000,161.540000000,12.607000000,25.241000000
63.004000000,160.036000000,12.678000000,25.342000000
63.023000000,158.552000000,12.747000000,25.442000000
63.041000000,157.176000000,12.812000000,25.536000000
63.058000000,155.868000000,12.875000000,25.626000000
63.075000000,154.562000000,12.937000000,25.716000000
63.092000000,153.249000000,13.000000000,25.807000000
63.109000000,151.928000000,13.063000000,25.898000000
63.126000000,150.611000000,13.125000000,25.988000000
63.144000000,149.302000000,13.188000000,26.079000000
63.161000000,147.993000000,13.250000000,26.169000000
63.180000000,146.542000000,13.319000000,26.268000000
63.198000000,145.092000000,13.386000000,26.366000000
63.216000000,143.742000000,13.448000000,26.457000000
63.234000000,142.361000000,13.511000000,26.550000000
63.252000000,140.962000000,13.575000000,26.645000000
63.271000000,139.551000000,13.641000000,26.741000000
63.289000000,138.142000000,13.706000000,26.836000000
63.307000000,136.746000000,13.770000000,26.931000000
63.326000000,135.309000000,13.836000000,27.028000000
63.345000000,133.837000000,13.905000000,27.128000000
63.365000000,132.329000000,13.976000000,27.230000000
63.384000000,130.817000000,14.046000000,27.333000000
63.404000000,129.315000000,14.117000000,27.435000000
63.424000000,127.806000000,14.187000000,27.538000000
63.444000000,126.280000000,14.259000000,27.642000000
63.463000000,124.764000000,14.330000000,27.746000000
63.483000000,123.235000000,14.402000000,27.850000000
63.503000000,121.711000000,14.473000000,27.954000000
63.523000000,120.185000000,14.545000000,28.058000000
63.542000000,118.697000000,14.614000000,28.160000000
63.562000000,117.214000000,14.683000000,28.261000000
63.581000000,115.705000000,14.754000000,28.364000000
63.600000000,114.254000000,14.822000000,28.464000000
63.619000000,112.843000000,14.889000000,28.561000000
63.638000000,111.355000000,14.959000000,28.663000000
63.658000000,109.852000000,15.028000000,28.765000000
63.677000000,108.361000000,15.097000000,28.867000000
63.697000000,106.876000000,15.166000000,28.968000000
63.714000000,105.513000000,15.231000000,29.063000000
63.732000000,104.190000000,15.299000000,29.157000000
63.751000000,102.746000000,15.379000000,29.261000000
63.767000000,101.449000000,15.455000000,29.357000000
63.786000000,100.035000000,15.540000000,29.462000000
63.804000000,98.675000000,15.620000000,29.562000000
63.820000000,97.390000000,15.693000000,29.655000000
63.838000000,96.063000000,15.765000000,29.748000000
63.856000000,94.662000000,15.838000000,29.843000000
63.875000000,93.197000000,15.912000000,29.940000000
63.895000000,91.692000000,15.986000000,30.037000000
63.914000000,90.225000000,16.056000000,30.131000000
63.931000000,88.877000000,16.122000000,30.219000000
63.949000000,87.548000000,16.189000000,30.306000000
63.966000000,86.261000000,16.254000000,30.391000000
63.985000000,84.759000000,16.328000000,30.487000000
64.002000000,83.437000000,16.390000000,30.570000000
64.019000000,82.157000000,16.448000000,30.649000000
64.036000000,80.889000000,16.503000000,30.726000000
64.054000000,79.502000000,16.561000000,30.809000000
64.073000000,78.013000000,16.624000000,30.897000000
64.092000000,76.575000000,16.684000000,30.982000000
64.111000000,75.162000000,16.742000000,31.065000000
64.129000000,73.712000000,16.800000000,31.150000000
64.149000000,72.239000000,16.860000000,31.235000000
64.168000000,70.787000000,16.918000000,31.319000000
64.186000000,69.393000000,16.977000000,31.402000000
64.203000000,68.074000000,17.036000000,31.482000000
64.219000000,66.890000000,17.091000000,31.556000000
64.233000000,65.750000000,17.144000000,31.628000000
64.248000000,64.628000000,17.197000000,31.700000000
64.263000000,63.507000000,17.250000000,31.773000000
64.277000000,62.408000000,17.303000000,31.845000000
64.291000000,61.326000000,17.355000000,31.916000000
64.305000000,60.234000000,17.407000000,31.989000000
64.320000000,59.117000000,17.461000000,32.062000000
64.336000000,57.911000000,17.518000000,32.139000000
64.355000000,56.445000000,17.586000000,32.230000000
64.371000000,55.193000000,17.641000000,32.306000000
64.387000000,54.003000000,17.691000000,32.378000000
64.403000000,52.799000000,17.741000000,32.450000000
64.419000000,51.528000000,17.791000000,32.525000000
64.437000000,50.156000000,17.849000000,32.607000000
64.452000000,49.029000000,17.902000000,32.680000000
64.467000000,47.871000000,17.959000000,32.761000000
64.481000000,46.780000000,18.015000000,32.842000000
64.496000000,45.671000000,18.074000000,32.926000000
64.511000000,44.502000000,18.136000000,33.011000000
64.530000000,43.011000000,18.212000000,33.115000000
64.546000000,41.810000000,18.269000000,33.197000000
64.562000000,40.592000000,18.324000000,33.277000000
64.580000000,39.256000000,18.383000000,33.364000000
64.598000000,37.812000000,18.444000000,33.456000000
64.618000000,36.339000000,18.506000000,33.548000000
64.635000000,35.020000000,18.561000000,33.632000000
64.649000000,33.917000000,18.610000000,33.703000000
64.666000000,32.674000000,18.666000000,33.784000000
64.682000000,31.428000000,18.723000000,33.865000000
64.699000000,30.169000000,18.779000000,33.946000000
64.717000000,28.805000000,18.840000000,34.035000000
64.735000000,27.468000000,18.902000000,34.124000000
64.754000000,26.118000000,18.967000000,34.216000000
64.774000000,24.784000000,19.033000000,34.308000000
64.794000000,23.397000000,19.102000000,34.406000000
64.816000000,21.948000000,19.177000000,34.511000000
64.838000000,20.555000000,19.249000000,34.614000000
64.861000000,19.102000000,19.326000000,34.723000000
64.889000000,17.441000000,19.419000000,34.852000000
64.921000000,15.629000000,19.528000000,34.999000000
64.956000000,13.757000000,19.645000000,35.157000000
64.990000000,12.039000000,19.755000000,35.308000000
65.029000000,10.185000000,19.879000000,35.479000000
65.070000000,8.410000000,20.000000000,35.652000000
65.120000000,6.460000000,20.144000000,35.858000000
65.170000000,4.760000000,20.278000000,36.056000000
65.220000000,3.310000000,20.401000000,36.233000000
65.270000000,2.115000000,20.511000000,36.386000000
65.320000000,1.178000000,20.614000000,36.527000000
65.370000000,0.503000000,20.715000000,36.667000000
65.420000000,0.091000000,20.810000000,36.802000000
65.470000000,-0.053000000,20.899000000,36.929000000
