Time,Altitude,Position East of launch,Position North of launch
0.000000000,0.000000000,0.000000000,0.000000000
0.010000000,0.000665400,0.000038620,0.000057190
0.020000000,0.006000000,0.000305100,0.000452000
0.032000000,0.028000000,0.001000000,0.002000000
0.042000000,0.064000000,0.003000000,0.004000000
0.052000000,0.119000000,0.005000000,0.007000000
0.062000000,0.190000000,0.008000000,0.011000000
0.072000000,0.278000000,0.011000000,0.017000000
0.082000000,0.382000000,0.015000000,0.023000000
0.092000000,0.502000000,0.020000000,0.029000000
0.102000000,0.638000000,0.025000000,0.037000000
0.110000000,0.757000000,0.030000000,0.044000000
0.120000000,0.920000000,0.036000000,0.053000000
0.130000000,1.097000000,0.043000000,0.063000000
0.140000000,1.288000000,0.050000000,0.074000000
0.150000000,1.493000000,0.058000000,0.086000000
0.161000000,1.735000000,0.067000000,0.099000000
0.171000000,1.970000000,0.076000000,0.113000000
0.181000000,2.219000000,0.086000000,0.127000000
0.191000000,2.482000000,0.096000000,0.142000000
0.201000000,2.759000000,0.106000000,0.157000000
0.211000000,3.049000000,0.117000000,0.174000000
0.221000000,3.353000000,0.129000000,0.191000000
0.231000000,3.670000000,0.141000000,0.209000000
0.241000000,4.001000000,0.153000000,0.227000000
0.251000000,4.346000000,0.166000000,0.247000000
0.261000000,4.704000000,0.180000000,0.267000000
0.267000000,4.925000000,0.188000000,0.279000000
0.276000000,5.266000000,0.201000000,0.299000000
0.286000000,5.657000000,0.216000000,0.321000000
0.296000000,6.062000000,0.232000000,0.343000000
0.311000000,6.693000000,0.256000000,0.379000000
0.333000000,7.696000000,0.295000000,0.438000000
0.351000000,8.522000000,0.328000000,0.487000000
0.373000000,9.593000000,0.372000000,0.551000000
0.394000000,10.744000000,0.420000000,0.622000000
0.418000000,12.027000000,0.473000000,0.700000000
0.444000000,13.577000000,0.537000000,0.795000000
0.482000000,15.959000000,0.632000000,0.936000000
0.512000000,17.931000000,0.707000000,1.048000000
0.556000000,21.080000000,0.817000000,1.212000000
0.578000000,22.692000000,0.868000000,1.287000000
0.595000000,23.964000000,0.905000000,1.343000000
0.610000000,25.125000000,0.936000000,1.390000000
0.624000000,26.248000000,0.964000000,1.433000000
0.638000000,27.395000000,0.991000000,1.474000000
0.652000000,28.619000000,1.018000000,1.515000000
0.668000000,29.934000000,1.045000000,1.556000000
0.682000000,31.156000000,1.068000000,1.591000000
0.700000000,32.761000000,1.095000000,1.634000000
0.723000000,34.803000000,1.127000000,1.684000000
0.757000000,37.967000000,1.171000000,1.754000000
0.807000000,42.850000000,1.233000000,1.852000000
0.831000000,45.357000000,1.263000000,1.901000000
0.856000000,47.920000000,1.294000000,1.951000000
0.877000000,50.143000000,1.321000000,1.994000000
0.892000000,51.742000000,1.341000000,2.026000000
0.905000000,53.185000000,1.360000000,2.056000000
0.919000000,54.771000000,1.380000000,2.088000000
0.936000000,56.638000000,1.404000000,2.126000000
0.957000000,59.133000000,1.436000000,2.177000000
0.990000000,62.967000000,1.484000000,2.253000000
1.024000000,67.063000000,1.529000000,2.326000000
1.040000000,68.995000000,1.548000000,2.357000000
1.053000000,70.722000000,1.563000000,2.383000000
1.067000000,72.392000000,1.577000000,2.406000000
1.080000000,74.075000000,1.589000000,2.427000000
1.093000000,75.830000000,1.601000000,2.448000000
1.109000000,77.833000000,1.613000000,2.469000000
1.129000000,80.451000000,1.627000000,2.494000000
1.158000000,84.452000000,1.645000000,2.529000000
1.182000000,87.749000000,1.660000000,2.557000000
1.194000000,89.448000000,1.668000000,2.572000000
1.205000000,90.958000000,1.675000000,2.585000000
1.216000000,92.420000000,1.683000000,2.599000000
1.226000000,93.939000000,1.691000000,2.613000000
1.239000000,95.705000000,1.700000000,2.630000000
1.254000000,97.996000000,1.712000000,2.653000000
1.278000000,101.478000000,1.731000000,2.686000000
1.314000000,106.805000000,1.755000000,2.732000000
1.318000000,107.459000000,1.757000000,2.737000000
1.324000000,108.444000000,1.761000000,2.745000000
1.334000000,109.929000000,1.765000000,2.755000000
1.347000000,111.921000000,1.770000000,2.768000000
1.361000000,114.085000000,1.774000000,2.780000000
1.375000000,116.234000000,1.777000000,2.791000000
1.390000000,118.609000000,1.780000000,2.801000000
1.409000000,121.707000000,1.782000000,2.811000000
1.439000000,126.409000000,1.786000000,2.824000000
1.455000000,129.136000000,1.789000000,2.831000000
1.461000000,130.057000000,1.790000000,2.833000000
1.469000000,131.443000000,1.792000000,2.837000000
1.482000000,133.531000000,1.795000000,2.842000000
1.497000000,135.944000000,1.799000000,2.849000000
1.512000000,138.432000000,1.804000000,2.856000000
1.530000000,141.438000000,1.810000000,2.866000000
1.557000000,145.981000000,1.818000000,2.879000000
1.579000000,149.785000000,1.822000000,2.889000000
1.596000000,152.727000000,1.824000000,2.895000000
1.614000000,155.829000000,1.824000000,2.900000000
1.623000000,157.351000000,1.824000000,2.902000000
1.636000000,159.639000000,1.823000000,2.903000000
1.656000000,163.085000000,1.821000000,2.904000000
1.686000000,168.284000000,1.818000000,2.903000000
1.709000000,172.413000000,1.817000000,2.902000000
1.731000000,176.207000000,1.817000000,2.902000000
1.752000000,180.010000000,1.818000000,2.902000000
1.779000000,184.765000000,1.818000000,2.903000000
1.819000000,191.933000000,1.817000000,2.903000000
1.846000000,196.739000000,1.813000000,2.901000000
1.871000000,201.162000000,1.809000000,2.897000000
1.901000000,206.688000000,1.802000000,2.890000000
1.934000000,212.609000000,1.796000000,2.881000000
1.962000000,217.752000000,1.792000000,2.875000000
1.988000000,222.299000000,1.789000000,2.870000000
2.025000000,229.124000000,1.785000000,2.864000000
2.039000000,231.630000000,1.783000000,2.861000000
2.060000000,235.388000000,1.778000000,2.856000000
2.083000000,239.554000000,1.773000000,2.849000000
2.117000000,245.800000000,1.764000000,2.837000000
2.167000000,254.848000000,1.752000000,2.820000000
2.177000000,256.627000000,1.750000000,2.817000000
2.192000000,259.293000000,1.747000000,2.813000000
2.214000000,263.287000000,1.743000000,2.807000000
2.247000000,269.266000000,1.737000000,2.799000000
2.297000000,278.202000000,1.727000000,2.785000000
2.317000000,281.780000000,1.723000000,2.780000000
2.347000000,287.134000000,1.716000000,2.772000000
2.392000000,295.134000000,1.707000000,2.761000000
2.442000000,303.971000000,1.699000000,2.749000000
2.492000000,312.763000000,1.690000000,2.738000000
2.500000000,314.153000000,1.689000000,2.737000000
2.512000000,316.237000000,1.687000000,2.735000000
2.530000000,319.381000000,1.683000000,2.730000000
2.556000000,324.185000000,1.676000000,2.720000000
2.597000000,331.606000000,1.660000000,2.697000000
2.647000000,341.175000000,1.633000000,2.652000000
2.697000000,351.081000000,1.598000000,2.593000000
2.747000000,361.313000000,1.556000000,2.521000000
2.797000000,371.865000000,1.506000000,2.437000000
2.844000000,382.119000000,1.452000000,2.344000000
2.894000000,393.276000000,1.388000000,2.234000000
2.919000000,398.919000000,1.355000000,2.176000000
2.955000000,407.345000000,1.304000000,2.088000000
3.000000000,417.841000000,1.234000000,1.968000000
3.035000000,426.230000000,1.175000000,1.866000000
3.085000000,438.469000000,1.085000000,1.709000000
3.121000000,447.580000000,1.016000000,1.589000000
3.171000000,460.263000000,0.916000000,1.417000000
3.221000000,473.192000000,0.810000000,1.232000000
3.271000000,486.362000000,0.697000000,1.038000000
3.321000000,499.770000000,0.579000000,0.834000000
3.371000000,513.412000000,0.453000000,0.617000000
3.421000000,527.286000000,0.322000000,0.391000000
3.471000000,541.388000000,0.184000000,0.154000000
3.521000000,555.713000000,0.039000000,-0.095000000
3.564000000,568.263000000,-0.091000000,-0.318000000
3.588000000,575.235000000,-0.165000000,-0.445000000
3.610000000,581.805000000,-0.237000000,-0.568000000
3.639000000,590.373000000,-0.331000000,-0.728000000
3.652000000,594.391000000,-0.374000000,-0.803000000
3.673000000,600.446000000,-0.441000000,-0.916000000
3.685000000,604.096000000,-0.482000000,-0.986000000
3.695000000,607.084000000,-0.516000000,-1.043000000
3.707000000,610.816000000,-0.559000000,-1.117000000
3.725000000,616.435000000,-0.624000000,-1.228000000
3.736000000,619.857000000,-0.663000000,-1.295000000
3.746000000,622.783000000,-0.697000000,-1.352000000
3.758000000,626.446000000,-0.739000000,-1.424000000
3.776000000,631.962000000,-0.803000000,-1.531000000
3.789000000,636.180000000,-0.852000000,-1.615000000
3.800000000,639.623000000,-0.893000000,-1.685000000
3.817000000,644.717000000,-0.954000000,-1.789000000
3.841000000,652.395000000,-1.047000000,-1.945000000
3.854000000,656.446000000,-1.095000000,-2.028000000
3.873000000,662.542000000,-1.168000000,-2.152000000
3.891000000,668.308000000,-1.239000000,-2.271000000
3.906000000,672.882000000,-1.295000000,-2.366000000
3.927000000,679.762000000,-1.381000000,-2.511000000
3.942000000,684.300000000,-1.437000000,-2.606000000
3.957000000,689.258000000,-1.498000000,-2.710000000
3.980000000,696.712000000,-1.591000000,-2.866000000
3.992000000,700.414000000,-1.638000000,-2.945000000
4.008000000,705.568000000,-1.704000000,-3.057000000
4.032000000,713.313000000,-1.803000000,-3.223000000
4.043000000,717.069000000,-1.851000000,-3.303000000
4.061000000,722.708000000,-1.922000000,-3.423000000
4.082000000,729.549000000,-2.009000000,-3.570000000
4.094000000,733.615000000,-2.062000000,-3.658000000
4.113000000,739.718000000,-2.141000000,-3.792000000
4.129000000,744.776000000,-2.207000000,-3.902000000
4.141000000,748.717000000,-2.257000000,-3.987000000
4.159000000,754.630000000,-2.333000000,-4.114000000
4.172000000,759.052000000,-2.390000000,-4.211000000
4.181000000,761.755000000,-2.426000000,-4.270000000
4.190000000,764.909000000,-2.468000000,-4.340000000
4.205000000,769.640000000,-2.530000000,-4.445000000
4.221000000,775.012000000,-2.601000000,-4.564000000
4.229000000,777.528000000,-2.634000000,-4.619000000
4.238000000,780.426000000,-2.672000000,-4.682000000
4.251000000,784.773000000,-2.728000000,-4.776000000
4.271000000,791.290000000,-2.812000000,-4.917000000
4.283000000,795.088000000,-2.862000000,-5.001000000
4.301000000,800.781000000,-2.937000000,-5.127000000
4.327000000,809.312000000,-3.049000000,-5.314000000
4.344000000,815.037000000,-3.123000000,-5.439000000
4.371000000,823.612000000,-3.235000000,-5.626000000
4.386000000,828.410000000,-3.298000000,-5.731000000
4.408000000,835.596000000,-3.393000000,-5.890000000
4.431000000,842.984000000,-3.489000000,-6.052000000
4.449000000,848.930000000,-3.566000000,-6.181000000
4.477000000,857.826000000,-3.682000000,-6.374000000
4.500000000,865.142000000,-3.777000000,-6.534000000
4.534000000,876.078000000,-3.919000000,-6.773000000
4.584000000,891.937000000,-4.124000000,-7.116000000
4.634000000,907.681000000,-4.326000000,-7.455000000
4.684000000,923.297000000,-4.525000000,-7.788000000
4.717000000,933.309000000,-4.652000000,-8.001000000
4.765000000,948.214000000,-4.838000000,-8.315000000
4.805000000,960.487000000,-4.990000000,-8.571000000
4.855000000,975.614000000,-5.175000000,-8.884000000
4.905000000,990.598000000,-5.357000000,-9.191000000
4.955000000,1005.442000000,-5.534000000,-9.491000000
5.000000000,1018.605000000,-5.690000000,-9.754000000
5.050000000,1033.194000000,-5.860000000,-10.044000000
5.100000000,1047.653000000,-6.027000000,-10.329000000
5.150000000,1061.985000000,-6.191000000,-10.607000000
5.200000000,1076.195000000,-6.351000000,-10.881000000
5.250000000,1090.284000000,-6.507000000,-11.148000000
5.300000000,1104.256000000,-6.660000000,-11.412000000
5.350000000,1118.112000000,-6.811000000,-11.670000000
5.400000000,1131.857000000,-6.958000000,-11.924000000
5.450000000,1145.492000000,-7.101000000,-12.171000000
5.500000000,1159.018000000,-7.241000000,-12.415000000
5.550000000,1172.440000000,-7.379000000,-12.655000000
5.600000000,1185.757000000,-7.514000000,-12.889000000
5.650000000,1198.973000000,-7.646000000,-13.119000000
5.700000000,1212.089000000,-7.774000000,-13.345000000
5.750000000,1225.106000000,-7.900000000,-13.566000000
5.800000000,1238.028000000,-8.024000000,-13.783000000
5.850000000,1250.854000000,-8.145000000,-13.997000000
5.900000000,1263.587000000,-8.262000000,-14.205000000
5.950000000,1276.229000000,-8.378000000,-14.410000000
6.000000000,1288.779000000,-8.490000000,-14.611000000
6.050000000,1301.242000000,-8.600000000,-14.808000000
6.100000000,1313.616000000,-8.708000000,-15.001000000
6.150000000,1325.904000000,-8.813000000,-15.190000000
6.200000000,1338.107000000,-8.916000000,-15.375000000
6.250000000,1350.226000000,-9.015000000,-15.556000000
6.300000000,1362.262000000,-9.113000000,-15.735000000
6.350000000,1374.217000000,-9.209000000,-15.910000000
6.400000000,1386.091000000,-9.302000000,-16.080000000
6.450000000,1397.886000000,-9.393000000,-16.247000000
6.500000000,1409.602000000,-9.483000000,-16.413000000
6.550000000,1421.241000000,-9.570000000,-16.574000000
6.600000000,1432.803000000,-9.655000000,-16.731000000
6.650000000,1444.290000000,-9.738000000,-16.885000000
6.700000000,1455.703000000,-9.818000000,-17.036000000
6.750000000,1467.041000000,-9.897000000,-17.183000000
6.800000000,1478.307000000,-9.974000000,-17.328000000
6.850000000,1489.501000000,-10.048000000,-17.468000000
6.900000000,1500.624000000,-10.121000000,-17.606000000
6.950000000,1511.676000000,-10.192000000,-17.741000000
7.000000000,1522.659000000,-10.261000000,-17.874000000
7.050000000,1533.573000000,-10.329000000,-18.003000000
7.100000000,1544.419000000,-10.394000000,-18.130000000
7.150000000,1555.197000000,-10.458000000,-18.253000000
7.200000000,1565.909000000,-10.521000000,-18.374000000
7.250000000,1576.555000000,-10.582000000,-18.492000000
7.300000000,1587.136000000,-10.640000000,-18.606000000
7.350000000,1597.652000000,-10.697000000,-18.718000000
7.400000000,1608.103000000,-10.753000000,-18.828000000
7.450000000,1618.492000000,-10.808000000,-18.936000000
7.500000000,1628.817000000,-10.861000000,-19.040000000
7.550000000,1639.081000000,-10.912000000,-19.142000000
7.600000000,1649.283000000,-10.962000000,-19.241000000
7.650000000,1659.424000000,-11.010000000,-19.338000000
7.700000000,1669.504000000,-11.057000000,-19.432000000
7.750000000,1679.525000000,-11.103000000,-19.525000000
7.800000000,1689.486000000,-11.147000000,-19.614000000
7.850000000,1699.388000000,-11.188000000,-19.699000000
7.900000000,1709.233000000,-11.229000000,-19.782000000
7.950000000,1719.019000000,-11.269000000,-19.864000000
8.000000000,1728.748000000,-11.308000000,-19.944000000
8.050000000,1738.420000000,-11.345000000,-20.020000000
8.100000000,1748.036000000,-11.380000000,-20.093000000
8.141000000,1755.972000000,-11.409000000,-20.154000000
8.191000000,1765.485000000,-11.444000000,-20.226000000
8.241000000,1774.944000000,-11.476000000,-20.295000000
8.291000000,1784.348000000,-11.507000000,-20.360000000
8.341000000,1793.698000000,-11.538000000,-20.425000000
8.391000000,1802.994000000,-11.568000000,-20.488000000
8.441000000,1812.236000000,-11.596000000,-20.548000000
8.491000000,1821.426000000,-11.622000000,-20.604000000
8.541000000,1830.564000000,-11.647000000,-20.658000000
8.591000000,1839.649000000,-11.672000000,-20.712000000
8.641000000,1848.682000000,-11.696000000,-20.765000000
8.691000000,1857.664000000,-11.719000000,-20.814000000
8.741000000,1866.595000000,-11.741000000,-20.862000000
8.791000000,1875.476000000,-11.761000000,-20.907000000
8.841000000,1884.306000000,-11.781000000,-20.950000000
8.891000000,1893.086000000,-11.800000000,-20.993000000
8.941000000,1901.817000000,-11.819000000,-21.034000000
8.991000000,1910.498000000,-11.836000000,-21.073000000
9.041000000,1919.131000000,-11.851000000,-21.108000000
9.091000000,1927.715000000,-11.866000000,-21.140000000
9.141000000,1936.251000000,-11.880000000,-21.173000000
9.191000000,1944.739000000,-11.895000000,-21.207000000
9.241000000,1953.180000000,-11.909000000,-21.238000000
9.290000000,1961.327000000,-11.919000000,-21.264000000
9.329000000,1967.863000000,-11.926000000,-21.281000000
9.379000000,1976.174000000,-11.935000000,-21.301000000
9.408000000,1980.936000000,-11.940000000,-21.314000000
9.436000000,1985.588000000,-11.947000000,-21.329000000
9.478000000,1992.538000000,-11.956000000,-21.350000000
9.528000000,2000.712000000,-11.965000000,-21.372000000
9.560000000,2005.819000000,-11.969000000,-21.382000000
9.607000000,2013.446000000,-11.974000000,-21.394000000
9.652000000,2020.752000000,-11.979000000,-21.408000000
9.695000000,2027.604000000,-11.985000000,-21.422000000
9.745000000,2035.582000000,-11.991000000,-21.437000000
9.795000000,2043.515000000,-11.996000000,-21.449000000
9.845000000,2051.405000000,-11.999000000,-21.457000000
9.895000000,2059.251000000,-12.002000000,-21.465000000
9.945000000,2067.053000000,-12.005000000,-21.474000000
9.995000000,2074.812000000,-12.007000000,-21.480000000
10.045000000,2082.528000000,-12.008000000,-21.484000000
10.095000000,2090.201000000,-12.008000000,-21.485000000
10.145000000,2097.831000000,-12.007000000,-21.485000000
10.195000000,2105.419000000,-12.006000000,-21.485000000
10.245000000,2112.965000000,-12.005000000,-21.484000000
10.295000000,2120.469000000,-12.004000000,-21.481000000
10.345000000,2127.931000000,-12.001000000,-21.477000000
10.395000000,2135.352000000,-11.998000000,-21.471000000
10.445000000,2142.732000000,-11.994000000,-21.463000000
10.495000000,2150.070000000,-11.990000000,-21.455000000
10.545000000,2157.367000000,-11.985000000,-21.447000000
10.595000000,2164.624000000,-11.981000000,-21.437000000
10.645000000,2171.841000000,-11.975000000,-21.425000000
10.695000000,2179.017000000,-11.969000000,-21.412000000
10.745000000,2186.154000000,-11.962000000,-21.398000000
10.795000000,2193.250000000,-11.955000000,-21.383000000
10.845000000,2200.307000000,-11.948000000,-21.367000000
10.895000000,2207.325000000,-11.940000000,-21.349000000
10.945000000,2214.303000000,-11.931000000,-21.330000000
10.995000000,2221.242000000,-11.921000000,-21.309000000
11.045000000,2228.143000000,-11.911000000,-21.287000000
11.095000000,2235.005000000,-11.901000000,-21.264000000
11.145000000,2241.828000000,-11.890000000,-21.240000000
11.195000000,2248.613000000,-11.880000000,-21.216000000
11.245000000,2255.360000000,-11.869000000,-21.190000000
11.295000000,2262.069000000,-11.856000000,-21.163000000
11.345000000,2268.741000000,-11.844000000,-21.134000000
11.395000000,2275.374000000,-11.830000000,-21.103000000
11.445000000,2281.971000000,-11.816000000,-21.072000000
11.495000000,2288.530000000,-11.802000000,-21.039000000
11.545000000,2295.052000000,-11.788000000,-21.006000000
11.595000000,2301.537000000,-11.773000000,-20.971000000
11.645000000,2307.985000000,-11.758000000,-20.936000000
11.695000000,2314.396000000,-11.743000000,-20.901000000
11.745000000,2320.771000000,-11.728000000,-20.865000000
11.795000000,2327.109000000,-11.712000000,-20.829000000
11.845000000,2333.412000000,-11.696000000,-20.792000000
11.895000000,2339.678000000,-11.680000000,-20.752000000
11.945000000,2345.909000000,-11.662000000,-20.712000000
11.995000000,2352.103000000,-11.645000000,-20.670000000
12.045000000,2358.263000000,-11.627000000,-20.628000000
12.095000000,2364.386000000,-11.609000000,-20.585000000
12.145000000,2370.475000000,-11.590000000,-20.540000000
12.195000000,2376.528000000,-11.571000000,-20.494000000
12.245000000,2382.547000000,-11.551000000,-20.447000000
12.295000000,2388.530000000,-11.531000000,-20.399000000
12.345000000,2394.479000000,-11.511000000,-20.350000000
12.395000000,2400.393000000,-11.490000000,-20.301000000
12.445000000,2406.273000000,-11.469000000,-20.251000000
12.495000000,2412.118000000,-11.448000000,-20.200000000
12.500000000,2412.710000000,-11.446000000,-20.195000000
12.508000000,2413.598000000,-11.443000000,-20.187000000
12.519000000,2414.928000000,-11.438000000,-20.176000000
12.536000000,2416.921000000,-11.431000000,-20.159000000
12.562000000,2419.901000000,-11.421000000,-20.133000000
12.601000000,2424.356000000,-11.404000000,-20.093000000
12.651000000,2430.095000000,-11.382000000,-20.039000000
12.701000000,2435.800000000,-11.358000000,-19.982000000
12.751000000,2441.472000000,-11.334000000,-19.923000000
12.801000000,2447.110000000,-11.311000000,-19.865000000
12.851000000,2452.715000000,-11.288000000,-19.809000000
12.901000000,2458.286000000,-11.265000000,-19.753000000
12.951000000,2463.823000000,-11.242000000,-19.697000000
13.001000000,2469.328000000,-11.218000000,-19.639000000
13.051000000,2474.799000000,-11.194000000,-19.579000000
13.101000000,2480.238000000,-11.169000000,-19.518000000
13.151000000,2485.644000000,-11.144000000,-19.457000000
13.201000000,2491.017000000,-11.119000000,-19.396000000
13.251000000,2496.357000000,-11.094000000,-19.334000000
13.301000000,2501.666000000,-11.068000000,-19.271000000
13.351000000,2506.942000000,-11.041000000,-19.205000000
13.401000000,2512.185000000,-11.014000000,-19.137000000
13.451000000,2517.397000000,-10.987000000,-19.070000000
13.501000000,2522.577000000,-10.960000000,-19.003000000
13.551000000,2527.724000000,-10.933000000,-18.938000000
13.601000000,2532.839000000,-10.907000000,-18.874000000
13.651000000,2537.922000000,-10.881000000,-18.808000000
13.701000000,2542.975000000,-10.853000000,-18.739000000
13.751000000,2547.995000000,-10.824000000,-18.667000000
13.801000000,2552.985000000,-10.795000000,-18.594000000
13.851000000,2557.943000000,-10.765000000,-18.521000000
13.901000000,2562.870000000,-10.736000000,-18.448000000
13.951000000,2567.765000000,-10.707000000,-18.377000000
14.001000000,2572.629000000,-10.679000000,-18.305000000
14.051000000,2577.462000000,-10.650000000,-18.233000000
14.101000000,2582.264000000,-10.621000000,-18.160000000
14.151000000,2587.036000000,-10.591000000,-18.086000000
14.201000000,2591.777000000,-10.560000000,-18.008000000
14.251000000,2596.487000000,-10.528000000,-17.929000000
14.301000000,2601.167000000,-10.496000000,-17.849000000
14.351000000,2605.817000000,-10.464000000,-17.769000000
14.401000000,2610.436000000,-10.432000000,-17.691000000
14.451000000,2615.024000000,-10.401000000,-17.613000000
14.501000000,2619.582000000,-10.371000000,-17.536000000
14.551000000,2624.110000000,-10.339000000,-17.458000000
14.601000000,2628.608000000,-10.307000000,-17.378000000
14.651000000,2633.076000000,-10.275000000,-17.296000000
14.701000000,2637.514000000,-10.242000000,-17.214000000
14.751000000,2641.922000000,-10.209000000,-17.132000000
14.801000000,2646.301000000,-10.177000000,-17.050000000
14.851000000,2650.649000000,-10.144000000,-16.968000000
14.901000000,2654.968000000,-10.112000000,-16.886000000
14.951000000,2659.258000000,-10.079000000,-16.804000000
15.000000000,2663.470000000,-10.046000000,-16.721000000
15.050000000,2667.701000000,-10.012000000,-16.636000000
15.100000000,2671.903000000,-9.977000000,-16.549000000
15.150000000,2676.076000000,-9.941000000,-16.461000000
15.200000000,2680.220000000,-9.906000000,-16.372000000
15.250000000,2684.334000000,-9.871000000,-16.284000000
15.300000000,2688.420000000,-9.836000000,-16.196000000
15.350000000,2692.476000000,-9.801000000,-16.109000000
15.400000000,2696.503000000,-9.767000000,-16.021000000
15.450000000,2700.501000000,-9.732000000,-15.934000000
15.500000000,2704.471000000,-9.697000000,-15.847000000
15.550000000,2708.412000000,-9.662000000,-15.757000000
15.600000000,2712.325000000,-9.625000000,-15.666000000
15.650000000,2716.209000000,-9.588000000,-15.574000000
15.700000000,2720.064000000,-9.551000000,-15.480000000
15.750000000,2723.892000000,-9.513000000,-15.386000000
15.800000000,2727.690000000,-9.476000000,-15.292000000
15.850000000,2731.461000000,-9.438000000,-15.199000000
15.900000000,2735.202000000,-9.402000000,-15.106000000
15.950000000,2738.916000000,-9.365000000,-15.015000000
16.000000000,2742.601000000,-9.329000000,-14.923000000
16.050000000,2746.258000000,-9.292000000,-14.831000000
16.100000000,2749.888000000,-9.255000000,-14.737000000
16.150000000,2753.489000000,-9.218000000,-14.642000000
16.200000000,2757.063000000,-9.179000000,-14.546000000
16.250000000,2760.608000000,-9.140000000,-14.448000000
16.300000000,2764.127000000,-9.101000000,-14.349000000
16.350000000,2767.617000000,-9.061000000,-14.250000000
16.400000000,2771.080000000,-9.022000000,-14.150000000
16.450000000,2774.515000000,-8.982000000,-14.052000000
16.500000000,2777.922000000,-8.943000000,-13.954000000
16.550000000,2781.301000000,-8.905000000,-13.857000000
16.600000000,2784.653000000,-8.866000000,-13.760000000
16.650000000,2787.977000000,-8.828000000,-13.663000000
16.700000000,2791.274000000,-8.789000000,-13.565000000
16.750000000,2794.544000000,-8.750000000,-13.467000000
16.800000000,2797.786000000,-8.711000000,-13.368000000
16.850000000,2801.002000000,-8.670000000,-13.267000000
16.900000000,2804.190000000,-8.629000000,-13.164000000
16.950000000,2807.351000000,-8.588000000,-13.060000000
17.000000000,2810.486000000,-8.546000000,-12.955000000
17.050000000,2813.593000000,-8.504000000,-12.850000000
17.100000000,2816.673000000,-8.462000000,-12.745000000
17.150000000,2819.727000000,-8.421000000,-12.640000000
17.200000000,2822.753000000,-8.379000000,-12.536000000
17.250000000,2825.752000000,-8.337000000,-12.431000000
17.300000000,2828.724000000,-8.296000000,-12.327000000
17.350000000,2831.670000000,-8.254000000,-12.223000000
17.400000000,2834.588000000,-8.213000000,-12.118000000
17.450000000,2837.480000000,-8.171000000,-12.013000000
17.500000000,2840.346000000,-8.129000000,-11.908000000
17.550000000,2843.184000000,-8.087000000,-11.803000000
17.600000000,2845.996000000,-8.045000000,-11.698000000
17.650000000,2848.782000000,-8.003000000,-11.592000000
17.700000000,2851.541000000,-7.961000000,-11.486000000
17.750000000,2854.273000000,-7.919000000,-11.380000000
17.800000000,2856.979000000,-7.877000000,-11.273000000
17.850000000,2859.659000000,-7.834000000,-11.167000000
17.900000000,2862.313000000,-7.792000000,-11.060000000
17.950000000,2864.940000000,-7.749000000,-10.953000000
18.000000000,2867.540000000,-7.706000000,-10.846000000
18.050000000,2870.115000000,-7.663000000,-10.737000000
18.100000000,2872.664000000,-7.620000000,-10.628000000
18.150000000,2875.186000000,-7.576000000,-10.517000000
18.200000000,2877.683000000,-7.531000000,-10.407000000
18.250000000,2880.153000000,-7.487000000,-10.296000000
18.300000000,2882.598000000,-7.443000000,-10.185000000
18.350000000,2885.016000000,-7.398000000,-10.073000000
18.400000000,2887.408000000,-7.354000000,-9.961000000
18.450000000,2889.775000000,-7.309000000,-9.849000000
18.500000000,2892.115000000,-7.264000000,-9.736000000
18.550000000,2894.430000000,-7.219000000,-9.623000000
18.600000000,2896.719000000,-7.174000000,-9.510000000
18.650000000,2898.982000000,-7.129000000,-9.397000000
18.700000000,2901.219000000,-7.083000000,-9.283000000
18.750000000,2903.430000000,-7.038000000,-9.170000000
18.800000000,2905.616000000,-6.993000000,-9.057000000
18.850000000,2907.775000000,-6.948000000,-8.945000000
18.900000000,2909.909000000,-6.904000000,-8.832000000
18.950000000,2912.017000000,-6.859000000,-8.720000000
19.000000000,2914.100000000,-6.814000000,-8.607000000
19.050000000,2916.157000000,-6.769000000,-8.494000000
19.100000000,2918.188000000,-6.724000000,-8.381000000
19.150000000,2920.194000000,-6.679000000,-8.267000000
19.200000000,2922.175000000,-6.633000000,-8.152000000
19.250000000,2924.130000000,-6.586000000,-8.036000000
19.300000000,2926.060000000,-6.540000000,-7.920000000
19.350000000,2927.965000000,-6.493000000,-7.802000000
19.400000000,2929.844000000,-6.446000000,-7.685000000
19.450000000,2931.698000000,-6.399000000,-7.567000000
19.500000000,2933.527000000,-6.352000000,-7.449000000
19.550000000,2935.330000000,-6.305000000,-7.331000000
19.600000000,2937.108000000,-6.257000000,-7.212000000
19.650000000,2938.861000000,-6.209000000,-7.092000000
19.700000000,2940.589000000,-6.161000000,-6.972000000
19.750000000,2942.292000000,-6.113000000,-6.851000000
19.800000000,2943.969000000,-6.065000000,-6.730000000
19.850000000,2945.621000000,-6.016000000,-6.609000000
19.900000000,2947.248000000,-5.968000000,-6.488000000
19.950000000,2948.850000000,-5.920000000,-6.368000000
20.000000000,2950.426000000,-5.872000000,-6.248000000
20.050000000,2951.977000000,-5.824000000,-6.128000000
20.100000000,2953.503000000,-5.776000000,-6.009000000
20.150000000,2955.003000000,-5.729000000,-5.891000000
20.200000000,2956.479000000,-5.682000000,-5.772000000
20.250000000,2957.929000000,-5.635000000,-5.655000000
20.300000000,2959.353000000,-5.588000000,-5.537000000
20.350000000,2960.753000000,-5.542000000,-5.420000000
20.400000000,2962.128000000,-5.495000000,-5.303000000
20.450000000,2963.478000000,-5.448000000,-5.185000000
20.500000000,2964.803000000,-5.401000000,-5.066000000
20.550000000,2966.104000000,-5.353000000,-4.946000000
20.600000000,2967.380000000,-5.304000000,-4.825000000
20.650000000,2968.631000000,-5.256000000,-4.704000000
20.700000000,2969.858000000,-5.207000000,-4.581000000
20.750000000,2971.060000000,-5.157000000,-4.457000000
20.800000000,2972.238000000,-5.107000000,-4.332000000
20.850000000,2973.391000000,-5.057000000,-4.207000000
20.900000000,2974.519000000,-5.006000000,-4.081000000
20.950000000,2975.623000000,-4.955000000,-3.954000000
21.000000000,2976.702000000,-4.904000000,-3.826000000
21.050000000,2977.757000000,-4.853000000,-3.698000000
21.100000000,2978.787000000,-4.801000000,-3.570000000
21.150000000,2979.793000000,-4.749000000,-3.440000000
21.200000000,2980.774000000,-4.697000000,-3.311000000
21.250000000,2981.730000000,-4.645000000,-3.181000000
21.300000000,2982.662000000,-4.592000000,-3.051000000
21.350000000,2983.569000000,-4.540000000,-2.920000000
21.400000000,2984.451000000,-4.487000000,-2.790000000
21.450000000,2985.309000000,-4.435000000,-2.659000000
21.500000000,2986.142000000,-4.382000000,-2.528000000
21.550000000,2986.951000000,-4.329000000,-2.397000000
21.600000000,2987.735000000,-4.276000000,-2.266000000
21.650000000,2988.494000000,-4.224000000,-2.135000000
21.700000000,2989.229000000,-4.171000000,-2.004000000
21.750000000,2989.939000000,-4.118000000,-1.872000000
21.800000000,2990.625000000,-4.064000000,-1.740000000
21.850000000,2991.286000000,-4.011000000,-1.608000000
21.900000000,2991.923000000,-3.958000000,-1.476000000
21.950000000,2992.535000000,-3.904000000,-1.343000000
22.000000000,2993.123000000,-3.851000000,-1.210000000
22.050000000,2993.687000000,-3.797000000,-1.077000000
22.100000000,2994.226000000,-3.743000000,-0.943000000
22.150000000,2994.741000000,-3.689000000,-0.809000000
22.200000000,2995.232000000,-3.634000000,-0.674000000
22.250000000,2995.698000000,-3.579000000,-0.539000000
22.300000000,2996.141000000,-3.524000000,-0.403000000
22.350000000,2996.559000000,-3.469000000,-0.267000000
22.400000000,2996.954000000,-3.414000000,-0.130000000
22.450000000,2997.324000000,-3.358000000,0.007000000
22.500000000,2997.670000000,-3.302000000,0.145000000
22.550000000,2997.992000000,-3.246000000,0.283000000
22.600000000,2998.290000000,-3.190000000,0.422000000
22.650000000,2998.564000000,-3.133000000,0.562000000
22.700000000,2998.815000000,-3.076000000,0.702000000
22.750000000,2999.042000000,-3.018000000,0.844000000
22.800000000,2999.245000000,-2.960000000,0.986000000
22.850000000,2999.425000000,-2.902000000,1.129000000
22.900000000,2999.582000000,-2.843000000,1.273000000
22.950000000,2999.715000000,-2.784000000,1.418000000
23.000000000,2999.825000000,-2.725000000,1.563000000
23.050000000,2999.911000000,-2.665000000,1.710000000
23.100000000,2999.974000000,-2.605000000,1.857000000
23.150000000,3000.014000000,-2.544000000,2.005000000
23.200000000,3000.031000000,-2.483000000,2.154000000
23.250000000,3000.025000000,-2.422000000,2.304000000
23.300000000,2999.995000000,-2.360000000,2.454000000
23.350000000,2999.943000000,-2.298000000,2.606000000
23.400000000,2999.867000000,-2.236000000,2.757000000
23.450000000,2999.769000000,-2.173000000,2.910000000
23.500000000,2999.648000000,-2.110000000,3.063000000
23.550000000,2999.505000000,-2.046000000,3.218000000
23.600000000,2999.339000000,-1.983000000,3.372000000
23.650000000,2999.151000000,-1.919000000,3.528000000
23.700000000,2998.941000000,-1.854000000,3.684000000
23.750000000,2998.709000000,-1.790000000,3.841000000
23.800000000,2998.454000000,-1.725000000,3.998000000
23.850000000,2998.177000000,-1.660000000,4.156000000
23.900000000,2997.878000000,-1.594000000,4.315000000
23.950000000,2997.556000000,-1.529000000,4.473000000
24.000000000,2997.213000000,-1.463000000,4.632000000
24.050000000,2996.848000000,-1.398000000,4.792000000
24.100000000,2996.461000000,-1.332000000,4.951000000
24.150000000,2996.053000000,-1.266000000,5.111000000
24.200000000,2995.624000000,-1.200000000,5.271000000
24.250000000,2995.173000000,-1.134000000,5.431000000
24.300000000,2994.702000000,-1.068000000,5.591000000
24.350000000,2994.210000000,-1.002000000,5.750000000
24.400000000,2993.698000000,-0.936000000,5.910000000
24.450000000,2993.167000000,-0.870000000,6.068000000
24.500000000,2992.616000000,-0.805000000,6.226000000
24.550000000,2992.047000000,-0.740000000,6.383000000
24.600000000,2991.459000000,-0.676000000,6.539000000
24.650000000,2990.852000000,-0.613000000,6.694000000
24.700000000,2990.227000000,-0.550000000,6.847000000
24.750000000,2989.583000000,-0.487000000,6.999000000
24.800000000,2988.921000000,-0.426000000,7.148000000
24.850000000,2988.241000000,-0.366000000,7.296000000
24.900000000,2987.542000000,-0.307000000,7.441000000
24.950000000,2986.825000000,-0.249000000,7.584000000
25.000000000,2986.090000000,-0.192000000,7.723000000
25.050000000,2985.336000000,-0.136000000,7.860000000
25.100000000,2984.564000000,-0.083000000,7.993000000
25.150000000,2983.773000000,-0.030000000,8.123000000
25.200000000,2982.964000000,0.020000000,8.250000000
25.250000000,2982.135000000,0.069000000,8.372000000
25.300000000,2981.288000000,0.116000000,8.491000000
25.347000000,2980.467000000,0.159000000,8.600000000
25.393000000,2979.659000000,0.200000000,8.703000000
25.437000000,2978.855000000,0.238000000,8.801000000
25.481000000,2978.044000000,0.275000000,8.896000000
25.524000000,2977.216000000,0.312000000,8.990000000
25.569000000,2976.360000000,0.349000000,9.085000000
25.614000000,2975.471000000,0.386000000,9.181000000
25.660000000,2974.530000000,0.426000000,9.282000000
25.709000000,2973.515000000,0.468000000,9.390000000
25.755000000,2972.549000000,0.508000000,9.493000000
25.794000000,2971.705000000,0.544000000,9.584000000
25.827000000,2970.963000000,0.576000000,9.665000000
25.859000000,2970.249000000,0.608000000,9.744000000
25.890000000,2969.552000000,0.639000000,9.823000000
25.920000000,2968.873000000,0.671000000,9.901000000
25.948000000,2968.204000000,0.702000000,9.979000000
25.977000000,2967.540000000,0.735000000,10.058000000
26.005000000,2966.870000000,0.768000000,10.140000000
26.033000000,2966.192000000,0.802000000,10.224000000
26.061000000,2965.509000000,0.838000000,10.310000000
26.089000000,2964.821000000,0.874000000,10.398000000
26.117000000,2964.128000000,0.911000000,10.488000000
26.145000000,2963.419000000,0.950000000,10.582000000
26.174000000,2962.683000000,0.991000000,10.681000000
26.204000000,2961.913000000,1.035000000,10.785000000
26.235000000,2961.098000000,1.082000000,10.897000000
26.269000000,2960.212000000,1.133000000,11.020000000
26.305000000,2959.228000000,1.191000000,11.158000000
26.347000000,2958.094000000,1.259000000,11.318000000
26.397000000,2956.716000000,1.341000000,11.513000000
26.447000000,2955.313000000,1.425000000,11.710000000
26.497000000,2953.887000000,1.509000000,11.909000000
26.547000000,2952.436000000,1.593000000,12.108000000
26.597000000,2950.962000000,1.677000000,12.306000000
26.647000000,2949.465000000,1.760000000,12.502000000
26.691000000,2948.134000000,1.831000000,12.671000000
26.726000000,2947.052000000,1.887000000,12.803000000
26.758000000,2946.082000000,1.936000000,12.919000000
26.787000000,2945.177000000,1.980000000,13.024000000
26.814000000,2944.317000000,2.021000000,13.121000000
26.841000000,2943.477000000,2.059000000,13.214000000
26.867000000,2942.638000000,2.097000000,13.303000000
26.893000000,2941.799000000,2.133000000,13.390000000
26.919000000,2940.954000000,2.168000000,13.476000000
26.946000000,2940.088000000,2.204000000,13.561000000
26.973000000,2939.185000000,2.239000000,13.646000000
27.002000000,2938.221000000,2.276000000,13.736000000
27.034000000,2937.157000000,2.315000000,13.831000000
27.072000000,2935.884000000,2.361000000,13.942000000
27.122000000,2934.184000000,2.419000000,14.084000000
27.172000000,2932.462000000,2.477000000,14.225000000
27.222000000,2930.716000000,2.534000000,14.365000000
27.272000000,2928.947000000,2.591000000,14.506000000
27.322000000,2927.153000000,2.650000000,14.650000000
27.365000000,2925.606000000,2.701000000,14.775000000
27.399000000,2924.346000000,2.744000000,14.879000000
27.429000000,2923.229000000,2.782000000,14.972000000
27.458000000,2922.146000000,2.821000000,15.065000000
27.487000000,2921.089000000,2.859000000,15.156000000
27.513000000,2920.077000000,2.896000000,15.245000000
27.540000000,2919.069000000,2.933000000,15.336000000
27.567000000,2918.027000000,2.973000000,15.430000000
27.595000000,2916.938000000,3.015000000,15.531000000
27.625000000,2915.778000000,3.060000000,15.639000000
27.659000000,2914.460000000,3.113000000,15.764000000
27.699000000,2912.862000000,3.177000000,15.916000000
27.749000000,2910.863000000,3.258000000,16.108000000
27.799000000,2908.840000000,3.340000000,16.302000000
27.849000000,2906.793000000,3.422000000,16.497000000
27.899000000,2904.724000000,3.504000000,16.690000000
27.949000000,2902.632000000,3.585000000,16.881000000
27.988000000,2900.985000000,3.646000000,17.027000000
28.020000000,2899.642000000,3.695000000,17.143000000
28.048000000,2898.406000000,3.739000000,17.247000000
28.076000000,2897.210000000,3.780000000,17.345000000
28.104000000,2896.026000000,3.820000000,17.440000000
28.131000000,2894.812000000,3.859000000,17.534000000
28.162000000,2893.460000000,3.902000000,17.637000000
28.198000000,2891.901000000,3.951000000,17.753000000
28.240000000,2890.029000000,4.007000000,17.888000000
28.290000000,2887.788000000,4.073000000,18.046000000
28.340000000,2885.524000000,4.138000000,18.204000000
28.390000000,2883.237000000,4.204000000,18.363000000
28.440000000,2880.926000000,4.271000000,18.524000000
28.490000000,2878.592000000,4.340000000,18.689000000
28.534000000,2876.499000000,4.403000000,18.839000000
28.574000000,2874.599000000,4.460000000,18.977000000
28.615000000,2872.659000000,4.520000000,19.119000000
28.657000000,2870.597000000,4.585000000,19.273000000
28.703000000,2868.400000000,4.654000000,19.438000000
28.753000000,2865.942000000,4.733000000,19.624000000
28.803000000,2863.462000000,4.812000000,19.812000000
28.853000000,2860.959000000,4.892000000,20.001000000
28.903000000,2858.433000000,4.972000000,20.189000000
28.953000000,2855.885000000,5.051000000,20.375000000
29.003000000,2853.314000000,5.128000000,20.558000000
29.040000000,2851.382000000,5.184000000,20.692000000
29.081000000,2849.229000000,5.246000000,20.838000000
29.122000000,2847.090000000,5.305000000,20.979000000
29.165000000,2844.810000000,5.367000000,21.125000000
29.215000000,2842.146000000,5.437000000,21.293000000
29.265000000,2839.461000000,5.507000000,21.459000000
29.315000000,2836.752000000,5.577000000,21.627000000
29.365000000,2834.021000000,5.648000000,21.796000000
29.415000000,2831.267000000,5.721000000,21.970000000
29.456000000,2828.982000000,5.783000000,22.116000000
29.493000000,2826.941000000,5.839000000,22.248000000
29.532000000,2824.743000000,5.900000000,22.393000000
29.574000000,2822.359000000,5.967000000,22.552000000
29.624000000,2819.509000000,6.048000000,22.743000000
29.674000000,2816.638000000,6.130000000,22.935000000
29.724000000,2813.744000000,6.211000000,23.127000000
29.774000000,2810.828000000,6.292000000,23.316000000
29.822000000,2808.036000000,6.367000000,23.493000000
29.867000000,2805.351000000,6.437000000,23.658000000
29.912000000,2802.693000000,6.505000000,23.819000000
29.962000000,2799.696000000,6.579000000,23.995000000
30.012000000,2796.678000000,6.653000000,24.169000000
30.062000000,2793.639000000,6.726000000,24.342000000
30.112000000,2790.577000000,6.799000000,24.516000000
30.162000000,2787.493000000,6.874000000,24.692000000
30.203000000,2784.948000000,6.937000000,24.840000000
30.242000000,2782.481000000,6.999000000,24.986000000
30.288000000,2779.616000000,7.071000000,25.157000000
30.338000000,2776.453000000,7.153000000,25.348000000
30.388000000,2773.269000000,7.235000000,25.541000000
30.438000000,2770.063000000,7.318000000,25.734000000
30.488000000,2766.835000000,7.400000000,25.927000000
30.538000000,2763.586000000,7.481000000,26.117000000
30.588000000,2760.316000000,7.561000000,26.305000000
30.637000000,2757.091000000,7.638000000,26.486000000
30.687000000,2753.779000000,7.715000000,26.667000000
30.737000000,2750.446000000,7.792000000,26.848000000
30.787000000,2747.091000000,7.869000000,27.028000000
30.837000000,2743.715000000,7.946000000,27.209000000
30.887000000,2740.317000000,8.024000000,27.394000000
30.930000000,2737.392000000,8.093000000,27.555000000
30.972000000,2734.451000000,8.163000000,27.719000000
31.022000000,2730.994000000,8.247000000,27.914000000
31.072000000,2727.516000000,8.332000000,28.112000000
31.122000000,2724.017000000,8.417000000,28.310000000
31.172000000,2720.496000000,8.501000000,28.506000000
31.222000000,2716.956000000,8.583000000,28.699000000
31.266000000,2713.822000000,8.655000000,28.866000000
31.313000000,2710.460000000,8.730000000,29.042000000
31.363000000,2706.861000000,8.809000000,29.228000000
31.413000000,2703.241000000,8.888000000,29.413000000
31.463000000,2699.600000000,8.968000000,29.599000000
31.513000000,2695.938000000,9.049000000,29.788000000
31.563000000,2692.255000000,9.131000000,29.980000000
31.613000000,2688.551000000,9.215000000,30.175000000
31.663000000,2684.826000000,9.299000000,30.372000000
31.713000000,2681.081000000,9.384000000,30.570000000
31.763000000,2677.314000000,9.469000000,30.768000000
31.813000000,2673.528000000,9.554000000,30.964000000
31.863000000,2669.721000000,9.636000000,31.156000000
31.913000000,2665.894000000,9.718000000,31.347000000
31.963000000,2662.047000000,9.799000000,31.536000000
32.013000000,2658.179000000,9.881000000,31.727000000
32.063000000,2654.290000000,9.964000000,31.920000000
32.113000000,2650.381000000,10.049000000,32.116000000
32.162000000,2646.597000000,10.132000000,32.309000000
32.212000000,2642.647000000,10.219000000,32.512000000
32.262000000,2638.678000000,10.307000000,32.716000000
32.312000000,2634.688000000,10.394000000,32.918000000
32.362000000,2630.679000000,10.481000000,33.118000000
32.406000000,2627.131000000,10.555000000,33.291000000
32.456000000,2623.085000000,10.639000000,33.486000000
32.506000000,2619.018000000,10.722000000,33.679000000
32.556000000,2614.932000000,10.806000000,33.874000000
32.606000000,2610.826000000,10.891000000,34.071000000
32.656000000,2606.700000000,10.978000000,34.271000000
32.706000000,2602.554000000,11.066000000,34.475000000
32.756000000,2598.387000000,11.155000000,34.682000000
32.806000000,2594.201000000,11.245000000,34.889000000
32.856000000,2589.996000000,11.334000000,35.095000000
32.906000000,2585.771000000,11.422000000,35.300000000
32.956000000,2581.527000000,11.510000000,35.503000000
33.006000000,2577.264000000,11.596000000,35.703000000
33.056000000,2572.981000000,11.682000000,35.901000000
33.106000000,2568.679000000,11.768000000,36.100000000
33.156000000,2564.358000000,11.855000000,36.300000000
33.206000000,2560.017000000,11.943000000,36.504000000
33.256000000,2555.657000000,12.032000000,36.710000000
33.306000000,2551.277000000,12.123000000,36.919000000
33.356000000,2546.878000000,12.214000000,37.129000000
33.406000000,2542.460000000,12.305000000,37.338000000
33.456000000,2538.024000000,12.394000000,37.546000000
33.506000000,2533.568000000,12.483000000,37.751000000
33.556000000,2529.094000000,12.572000000,37.956000000
33.606000000,2524.600000000,12.661000000,38.161000000
33.656000000,2520.088000000,12.751000000,38.368000000
33.706000000,2515.557000000,12.841000000,38.577000000
33.756000000,2511.007000000,12.932000000,38.786000000
33.806000000,2506.439000000,13.024000000,38.997000000
33.856000000,2501.851000000,13.116000000,39.208000000
33.906000000,2497.245000000,13.208000000,39.421000000
33.956000000,2492.621000000,13.300000000,39.634000000
34.006000000,2487.978000000,13.392000000,39.846000000
34.056000000,2483.317000000,13.484000000,40.057000000
34.106000000,2478.637000000,13.575000000,40.268000000
34.156000000,2473.939000000,13.667000000,40.480000000
34.206000000,2469.223000000,13.760000000,40.693000000
34.256000000,2464.489000000,13.853000000,40.907000000
34.306000000,2459.736000000,13.946000000,41.120000000
34.356000000,2454.965000000,14.038000000,41.333000000
34.406000000,2450.177000000,14.131000000,41.547000000
34.456000000,2445.370000000,14.224000000,41.761000000
34.506000000,2440.545000000,14.319000000,41.977000000
34.556000000,2435.702000000,14.414000000,42.195000000
34.606000000,2430.841000000,14.509000000,42.415000000
34.656000000,2425.963000000,14.605000000,42.635000000
34.706000000,2421.067000000,14.700000000,42.854000000
34.756000000,2416.153000000,14.795000000,43.071000000
34.806000000,2411.222000000,14.889000000,43.286000000
34.856000000,2406.273000000,14.983000000,43.503000000
34.906000000,2401.307000000,15.078000000,43.721000000
34.956000000,2396.323000000,15.174000000,43.941000000
35.006000000,2391.321000000,15.271000000,44.163000000
35.056000000,2386.302000000,15.369000000,44.387000000
35.106000000,2381.266000000,15.466000000,44.611000000
35.156000000,2376.212000000,15.564000000,44.835000000
35.206000000,2371.142000000,15.661000000,45.058000000
35.256000000,2366.054000000,15.758000000,45.280000000
35.306000000,2360.950000000,15.854000000,45.501000000
35.356000000,2355.828000000,15.951000000,45.723000000
35.406000000,2350.689000000,16.049000000,45.946000000
35.456000000,2345.534000000,16.147000000,46.172000000
35.506000000,2340.361000000,16.247000000,46.400000000
35.556000000,2335.171000000,16.346000000,46.628000000
35.606000000,2329.965000000,16.446000000,46.855000000
35.656000000,2324.742000000,16.544000000,47.081000000
35.706000000,2319.503000000,16.643000000,47.307000000
35.756000000,2314.247000000,16.742000000,47.532000000
35.806000000,2308.975000000,16.841000000,47.759000000
35.856000000,2303.686000000,16.941000000,47.988000000
35.906000000,2298.380000000,17.042000000,48.218000000
35.956000000,2293.058000000,17.144000000,48.450000000
36.006000000,2287.720000000,17.245000000,48.682000000
36.056000000,2282.365000000,17.346000000,48.914000000
36.106000000,2276.995000000,17.448000000,49.145000000
36.156000000,2271.608000000,17.549000000,49.377000000
36.206000000,2266.205000000,17.651000000,49.609000000
36.256000000,2260.786000000,17.753000000,49.841000000
36.306000000,2255.352000000,17.855000000,50.074000000
36.356000000,2249.901000000,17.958000000,50.309000000
36.406000000,2244.434000000,18.063000000,50.546000000
36.456000000,2238.951000000,18.167000000,50.784000000
36.506000000,2233.453000000,18.271000000,51.020000000
36.556000000,2227.939000000,18.374000000,51.256000000
36.606000000,2222.410000000,18.478000000,51.492000000
36.656000000,2216.865000000,18.583000000,51.730000000
36.706000000,2211.304000000,18.687000000,51.968000000
36.756000000,2205.729000000,18.792000000,52.205000000
36.806000000,2200.137000000,18.897000000,52.444000000
36.856000000,2194.531000000,19.002000000,52.683000000
36.906000000,2188.908000000,19.109000000,52.924000000
36.956000000,2183.271000000,19.216000000,53.167000000
37.006000000,2177.619000000,19.322000000,53.408000000
37.056000000,2171.951000000,19.429000000,53.649000000
37.106000000,2166.269000000,19.535000000,53.889000000
37.156000000,2160.571000000,19.642000000,54.131000000
37.206000000,2154.859000000,19.749000000,54.375000000
37.256000000,2149.131000000,19.858000000,54.621000000
37.306000000,2143.389000000,19.967000000,54.868000000
37.356000000,2137.632000000,20.076000000,55.114000000
37.406000000,2131.860000000,20.185000000,55.360000000
37.456000000,2126.074000000,20.294000000,55.605000000
37.506000000,2120.273000000,20.403000000,55.851000000
37.556000000,2114.457000000,20.514000000,56.100000000
37.606000000,2108.627000000,20.625000000,56.351000000
37.656000000,2102.783000000,20.736000000,56.602000000
37.706000000,2096.924000000,20.847000000,56.851000000
37.756000000,2091.051000000,20.958000000,57.100000000
37.806000000,2085.164000000,21.069000000,57.348000000
37.856000000,2079.262000000,21.180000000,57.599000000
37.906000000,2073.347000000,21.293000000,57.852000000
37.956000000,2067.417000000,21.406000000,58.106000000
38.006000000,2061.473000000,21.519000000,58.360000000
38.056000000,2055.516000000,21.632000000,58.613000000
38.106000000,2049.544000000,21.746000000,58.867000000
38.156000000,2043.559000000,21.859000000,59.121000000
38.206000000,2037.560000000,21.974000000,59.377000000
38.256000000,2031.547000000,22.089000000,59.634000000
38.306000000,2025.520000000,22.204000000,59.892000000
38.356000000,2019.480000000,22.319000000,60.149000000
38.406000000,2013.426000000,22.434000000,60.405000000
38.456000000,2007.359000000,22.550000000,60.662000000
38.506000000,2001.279000000,22.666000000,60.920000000
38.556000000,1995.185000000,22.784000000,61.182000000
38.606000000,1989.077000000,22.902000000,61.444000000
38.656000000,1982.957000000,23.020000000,61.707000000
38.706000000,1976.823000000,23.138000000,61.969000000
38.756000000,1970.676000000,23.256000000,62.231000000
38.806000000,1964.516000000,23.375000000,62.493000000
38.856000000,1958.343000000,23.493000000,62.755000000
38.906000000,1952.157000000,23.612000000,63.018000000
38.956000000,1945.958000000,23.733000000,63.285000000
39.000000000,1940.438000000,23.841000000,63.523000000
39.050000000,1934.238000000,23.963000000,63.791000000
39.100000000,1928.070000000,24.084000000,64.058000000
39.150000000,1921.934000000,24.205000000,64.323000000
39.200000000,1915.830000000,24.323000000,64.581000000
39.250000000,1909.758000000,24.438000000,64.832000000
39.300000000,1903.717000000,24.548000000,65.072000000
39.350000000,1897.706000000,24.654000000,65.302000000
39.400000000,1891.726000000,24.754000000,65.520000000
39.450000000,1885.776000000,24.850000000,65.724000000
39.500000000,1879.856000000,24.939000000,65.915000000
39.550000000,1873.965000000,25.022000000,66.089000000
39.600000000,1868.104000000,25.098000000,66.246000000
39.650000000,1862.273000000,25.165000000,66.383000000
39.700000000,1856.471000000,25.223000000,66.496000000
39.750000000,1850.701000000,25.268000000,66.579000000
39.800000000,1844.961000000,25.299000000,66.631000000
39.850000000,1839.253000000,25.314000000,66.646000000
39.900000000,1833.579000000,25.313000000,66.623000000
39.950000000,1827.938000000,25.293000000,66.556000000
40.000000000,1822.334000000,25.252000000,66.440000000
40.050000000,1816.769000000,25.186000000,66.268000000
40.100000000,1811.246000000,25.093000000,66.032000000
40.150000000,1805.771000000,24.967000000,65.725000000
40.199000000,1800.417000000,24.808000000,65.342000000
40.237000000,1796.402000000,24.662000000,64.993000000
40.271000000,1792.766000000,24.506000000,64.625000000
40.303000000,1789.377000000,24.338000000,64.232000000
40.333000000,1786.214000000,24.160000000,63.818000000
40.362000000,1783.270000000,23.974000000,63.386000000
40.388000000,1780.574000000,23.784000000,62.948000000
40.413000000,1778.039000000,23.588000000,62.496000000
40.438000000,1775.555000000,23.378000000,62.012000000
40.462000000,1773.201000000,23.160000000,61.512000000
40.485000000,1771.022000000,22.942000000,61.011000000
40.506000000,1769.000000000,22.723000000,60.511000000
40.526000000,1767.082000000,22.501000000,60.002000000
40.546000000,1765.257000000,22.274000000,59.484000000
40.565000000,1763.520000000,22.044000000,58.958000000
40.585000000,1761.769000000,21.797000000,58.394000000
40.605000000,1760.037000000,21.536000000,57.800000000
40.624000000,1758.342000000,21.264000000,57.179000000
40.644000000,1756.657000000,20.976000000,56.523000000
40.664000000,1755.016000000,20.679000000,55.844000000
40.683000000,1753.569000000,20.402000000,55.212000000
40.699000000,1752.254000000,20.138000000,54.610000000
40.715000000,1751.039000000,19.883000000,54.029000000
40.730000000,1749.920000000,19.640000000,53.473000000
40.745000000,1748.874000000,19.404000000,52.935000000
40.758000000,1747.889000000,19.175000000,52.411000000
40.772000000,1746.964000000,18.954000000,51.904000000
40.784000000,1746.091000000,18.739000000,51.412000000
40.797000000,1745.247000000,18.525000000,50.923000000
40.809000000,1744.434000000,18.314000000,50.440000000
40.821000000,1743.640000000,18.103000000,49.956000000
40.833000000,1742.869000000,17.894000000,49.476000000
40.845000000,1742.110000000,17.683000000,48.991000000
40.858000000,1741.366000000,17.471000000,48.506000000
40.870000000,1740.640000000,17.261000000,48.022000000
40.882000000,1739.917000000,17.047000000,47.530000000
40.895000000,1739.190000000,16.827000000,47.025000000
40.908000000,1738.452000000,16.600000000,46.502000000
40.921000000,1737.700000000,16.365000000,45.958000000
40.936000000,1736.932000000,16.120000000,45.392000000
40.950000000,1736.198000000,15.881000000,44.841000000
40.964000000,1735.494000000,15.649000000,44.303000000
40.977000000,1734.818000000,15.423000000,43.779000000
40.991000000,1734.166000000,15.203000000,43.267000000
41.004000000,1733.535000000,14.988000000,42.767000000
41.017000000,1732.923000000,14.778000000,42.277000000
41.030000000,1732.327000000,14.572000000,41.797000000
41.043000000,1731.746000000,14.371000000,41.327000000
41.056000000,1731.178000000,14.175000000,40.865000000
41.070000000,1730.619000000,13.981000000,40.411000000
41.083000000,1730.068000000,13.792000000,39.965000000
41.096000000,1729.524000000,13.606000000,39.525000000
41.109000000,1728.983000000,13.422000000,39.091000000
41.123000000,1728.444000000,13.242000000,38.663000000
41.137000000,1727.905000000,13.064000000,38.239000000
41.151000000,1727.363000000,12.888000000,37.820000000
41.165000000,1726.830000000,12.718000000,37.413000000
41.176000000,1726.383000000,12.579000000,37.078000000
41.187000000,1725.971000000,12.453000000,36.775000000
41.198000000,1725.582000000,12.336000000,36.492000000
41.208000000,1725.206000000,12.225000000,36.224000000
41.218000000,1724.829000000,12.116000000,35.960000000
41.228000000,1724.455000000,12.010000000,35.701000000
41.238000000,1724.084000000,11.907000000,35.450000000
41.248000000,1723.718000000,11.808000000,35.207000000
41.257000000,1723.357000000,11.711000000,34.971000000
41.268000000,1722.983000000,11.614000000,34.732000000
41.278000000,1722.603000000,11.517000000,34.493000000
41.288000000,1722.219000000,11.422000000,34.258000000
41.299000000,1721.833000000,11.328000000,34.025000000
41.309000000,1721.445000000,11.236000000,33.797000000
41.319000000,1721.071000000,11.149000000,33.581000000
41.329000000,1720.701000000,11.066000000,33.373000000
41.339000000,1720.330000000,10.984000000,33.168000000
41.349000000,1719.955000000,10.904000000,32.965000000
41.359000000,1719.575000000,10.824000000,32.764000000
41.370000000,1719.182000000,10.744000000,32.561000000
41.381000000,1718.777000000,10.663000000,32.356000000
41.392000000,1718.361000000,10.582000000,32.151000000
41.403000000,1717.934000000,10.502000000,31.945000000
41.415000000,1717.497000000,10.422000000,31.740000000
41.426000000,1717.051000000,10.343000000,31.536000000
41.438000000,1716.593000000,10.264000000,31.331000000
41.451000000,1716.122000000,10.185000000,31.127000000
41.463000000,1715.632000000,10.106000000,30.920000000
41.477000000,1715.109000000,10.024000000,30.706000000
41.491000000,1714.554000000,9.940000000,30.485000000
41.506000000,1713.969000000,9.856000000,30.260000000
41.522000000,1713.352000000,9.770000000,30.032000000
41.538000000,1712.695000000,9.683000000,29.798000000
41.556000000,1711.998000000,9.595000000,29.559000000
41.574000000,1711.260000000,9.507000000,29.318000000
41.594000000,1710.479000000,9.419000000,29.074000000
41.614000000,1709.641000000,9.330000000,28.825000000
41.637000000,1708.716000000,9.239000000,28.566000000
41.662000000,1707.681000000,9.146000000,28.295000000
41.690000000,1706.494000000,9.049000000,28.006000000
41.723000000,1705.082000000,8.947000000,27.693000000
41.767000000,1703.188000000,8.835000000,27.322000000
41.787000000,1702.317000000,8.785000000,27.151000000
41.811000000,1701.252000000,8.719000000,26.933000000
41.841000000,1699.934000000,8.634000000,26.657000000
41.879000000,1698.312000000,8.525000000,26.304000000
41.912000000,1696.841000000,8.422000000,25.971000000
41.947000000,1695.348000000,8.311000000,25.622000000
41.983000000,1693.759000000,8.190000000,25.239000000
42.033000000,1691.593000000,8.016000000,24.697000000
42.080000000,1689.550000000,7.857000000,24.192000000
42.127000000,1687.492000000,7.691000000,23.681000000
42.170000000,1685.599000000,7.535000000,23.191000000
42.213000000,1683.710000000,7.373000000,22.697000000
42.260000000,1681.628000000,7.188000000,22.136000000
42.306000000,1679.606000000,7.004000000,21.594000000
42.350000000,1677.618000000,6.825000000,21.069000000
42.395000000,1675.602000000,6.641000000,20.538000000
42.445000000,1673.354000000,6.432000000,19.946000000
42.495000000,1671.091000000,6.227000000,19.359000000
42.545000000,1668.815000000,6.024000000,18.770000000
42.595000000,1666.536000000,5.821000000,18.165000000
42.645000000,1664.244000000,5.617000000,17.561000000
42.695000000,1661.936000000,5.414000000,16.961000000
42.745000000,1659.618000000,5.210000000,16.359000000
42.795000000,1657.286000000,5.005000000,15.760000000
42.845000000,1654.939000000,4.804000000,15.166000000
42.895000000,1652.577000000,4.603000000,14.575000000
42.945000000,1650.205000000,4.400000000,13.983000000
42.995000000,1647.816000000,4.202000000,13.397000000
43.045000000,1645.411000000,4.009000000,12.817000000
43.095000000,1642.994000000,3.815000000,12.238000000
43.145000000,1640.560000000,3.628000000,11.667000000
43.195000000,1638.111000000,3.443000000,11.099000000
43.242000000,1635.791000000,3.277000000,10.575000000
43.290000000,1633.420000000,3.110000000,10.047000000
43.339000000,1631.008000000,2.942000000,9.514000000
43.389000000,1628.504000000,2.768000000,8.965000000
43.438000000,1626.011000000,2.598000000,8.426000000
43.484000000,1623.704000000,2.446000000,7.938000000
43.531000000,1621.292000000,2.291000000,7.435000000
43.577000000,1618.947000000,2.143000000,6.954000000
43.625000000,1616.446000000,1.987000000,6.446000000
43.674000000,1613.955000000,1.833000000,5.944000000
43.717000000,1611.706000000,1.697000000,5.500000000
43.765000000,1609.216000000,1.550000000,5.014000000
43.811000000,1606.773000000,1.406000000,4.540000000
43.858000000,1604.302000000,1.262000000,4.065000000
43.902000000,1601.994000000,1.130000000,3.629000000
43.948000000,1599.555000000,0.997000000,3.177000000
43.993000000,1597.144000000,0.868000000,2.733000000
44.037000000,1594.749000000,0.742000000,2.301000000
44.081000000,1592.381000000,0.623000000,1.881000000
44.128000000,1589.855000000,0.497000000,1.436000000
44.175000000,1587.311000000,0.370000000,0.991000000
44.216000000,1585.075000000,0.260000000,0.607000000
44.258000000,1582.769000000,0.147000000,0.212000000
44.303000000,1580.334000000,0.025000000,-0.210000000
44.346000000,1577.950000000,-0.090000000,-0.617000000
44.389000000,1575.572000000,-0.199000000,-1.013000000
44.432000000,1573.183000000,-0.305000000,-1.403000000
44.473000000,1570.876000000,-0.402000000,-1.773000000
44.517000000,1568.399000000,-0.504000000,-2.165000000
44.560000000,1566.030000000,-0.600000000,-2.535000000
44.602000000,1563.661000000,-0.693000000,-2.899000000
44.643000000,1561.337000000,-0.782000000,-3.250000000
44.683000000,1559.022000000,-0.869000000,-3.596000000
44.725000000,1556.662000000,-0.957000000,-3.946000000
44.763000000,1554.468000000,-1.036000000,-4.266000000
44.803000000,1552.164000000,-1.117000000,-4.597000000
44.844000000,1549.850000000,-1.197000000,-4.926000000
44.884000000,1547.534000000,-1.275000000,-5.251000000
44.922000000,1545.333000000,-1.345000000,-5.552000000
44.965000000,1542.820000000,-1.423000000,-5.894000000
45.007000000,1540.343000000,-1.500000000,-6.230000000
45.049000000,1537.910000000,-1.573000000,-6.554000000
45.089000000,1535.546000000,-1.641000000,-6.863000000
45.129000000,1533.200000000,-1.706000000,-7.163000000
45.169000000,1530.874000000,-1.767000000,-7.456000000
45.208000000,1528.508000000,-1.827000000,-7.749000000
45.250000000,1526.019000000,-1.890000000,-8.058000000
45.291000000,1523.612000000,-1.953000000,-8.356000000
45.332000000,1521.162000000,-2.011000000,-8.653000000
45.373000000,1518.680000000,-2.066000000,-8.947000000
45.412000000,1516.344000000,-2.114000000,-9.217000000
45.452000000,1513.926000000,-2.161000000,-9.492000000
45.492000000,1511.505000000,-2.207000000,-9.765000000
45.534000000,1508.994000000,-2.255000000,-10.047000000
45.575000000,1506.504000000,-2.302000000,-10.324000000
45.610000000,1504.327000000,-2.347000000,-10.566000000
45.650000000,1501.923000000,-2.396000000,-10.832000000
45.690000000,1499.436000000,-2.441000000,-11.102000000
45.730000000,1496.989000000,-2.485000000,-11.364000000
45.771000000,1494.520000000,-2.527000000,-11.624000000
45.810000000,1492.113000000,-2.566000000,-11.874000000
45.850000000,1489.625000000,-2.605000000,-12.129000000
45.889000000,1487.179000000,-2.640000000,-12.374000000
45.927000000,1484.806000000,-2.669000000,-12.605000000
45.967000000,1482.337000000,-2.699000000,-12.844000000
46.006000000,1479.891000000,-2.728000000,-13.077000000
46.046000000,1477.433000000,-2.755000000,-13.309000000
46.085000000,1474.981000000,-2.781000000,-13.536000000
46.122000000,1472.628000000,-2.801000000,-13.748000000
46.161000000,1470.169000000,-2.820000000,-13.965000000
46.199000000,1467.782000000,-2.836000000,-14.172000000
46.236000000,1465.440000000,-2.850000000,-14.371000000
46.272000000,1463.123000000,-2.862000000,-14.564000000
46.308000000,1460.873000000,-2.872000000,-14.748000000
46.343000000,1458.633000000,-2.879000000,-14.928000000
46.377000000,1456.426000000,-2.886000000,-15.101000000
46.414000000,1454.105000000,-2.892000000,-15.283000000
46.450000000,1451.764000000,-2.899000000,-15.467000000
46.487000000,1449.369000000,-2.907000000,-15.654000000
46.526000000,1446.907000000,-2.916000000,-15.847000000
46.563000000,1444.500000000,-2.924000000,-16.033000000
46.600000000,1442.118000000,-2.933000000,-16.217000000
46.636000000,1439.775000000,-2.942000000,-16.396000000
46.674000000,1437.344000000,-2.945000000,-16.576000000
46.710000000,1435.006000000,-2.946000000,-16.746000000
46.747000000,1432.606000000,-2.946000000,-16.917000000
46.783000000,1430.199000000,-2.942000000,-17.085000000
46.815000000,1428.153000000,-2.933000000,-17.218000000
46.847000000,1426.059000000,-2.922000000,-17.351000000
46.878000000,1423.985000000,-2.909000000,-17.480000000
46.913000000,1421.714000000,-2.896000000,-17.624000000
46.947000000,1419.481000000,-2.887000000,-17.768000000
46.978000000,1417.422000000,-2.881000000,-17.901000000
47.009000000,1415.363000000,-2.874000000,-18.033000000
47.041000000,1413.267000000,-2.866000000,-18.165000000
47.073000000,1411.155000000,-2.856000000,-18.295000000
47.110000000,1408.732000000,-2.838000000,-18.440000000
47.144000000,1406.441000000,-2.818000000,-18.573000000
47.180000000,1404.075000000,-2.797000000,-18.708000000
47.216000000,1401.634000000,-2.775000000,-18.847000000
47.250000000,1399.381000000,-2.753000000,-18.971000000
47.282000000,1397.283000000,-2.732000000,-19.083000000
47.313000000,1395.174000000,-2.709000000,-19.194000000
47.346000000,1393.009000000,-2.686000000,-19.306000000
47.379000000,1390.765000000,-2.661000000,-19.423000000
47.414000000,1388.437000000,-2.635000000,-19.543000000
47.447000000,1386.182000000,-2.611000000,-19.659000000
47.479000000,1384.075000000,-2.591000000,-19.767000000
47.510000000,1381.930000000,-2.570000000,-19.875000000
47.543000000,1379.722000000,-2.545000000,-19.985000000
47.577000000,1377.433000000,-2.517000000,-20.095000000
47.610000000,1375.207000000,-2.490000000,-20.201000000
47.642000000,1373.029000000,-2.464000000,-20.303000000
47.673000000,1370.905000000,-2.440000000,-20.403000000
47.703000000,1368.869000000,-2.420000000,-20.499000000
47.734000000,1366.779000000,-2.400000000,-20.598000000
47.764000000,1364.715000000,-2.377000000,-20.693000000
47.794000000,1362.697000000,-2.352000000,-20.783000000
47.824000000,1360.678000000,-2.327000000,-20.872000000
47.854000000,1358.624000000,-2.297000000,-20.959000000
47.884000000,1356.581000000,-2.266000000,-21.043000000
47.914000000,1354.528000000,-2.233000000,-21.126000000
47.945000000,1352.387000000,-2.197000000,-21.210000000
47.977000000,1350.215000000,-2.158000000,-21.293000000
48.006000000,1348.157000000,-2.124000000,-21.372000000
48.037000000,1346.058000000,-2.090000000,-21.454000000
48.067000000,1343.970000000,-2.055000000,-21.532000000
48.097000000,1341.926000000,-2.020000000,-21.608000000
48.127000000,1339.888000000,-1.985000000,-21.682000000
48.157000000,1337.816000000,-1.947000000,-21.755000000
48.186000000,1335.771000000,-1.908000000,-21.825000000
48.215000000,1333.744000000,-1.870000000,-21.894000000
48.246000000,1331.619000000,-1.828000000,-21.964000000
48.277000000,1329.481000000,-1.784000000,-22.032000000
48.309000000,1327.278000000,-1.735000000,-22.099000000
48.341000000,1325.041000000,-1.683000000,-22.165000000
48.373000000,1322.810000000,-1.630000000,-22.229000000
48.405000000,1320.545000000,-1.575000000,-22.291000000
48.438000000,1318.278000000,-1.519000000,-22.352000000
48.469000000,1316.076000000,-1.466000000,-22.411000000
48.503000000,1313.747000000,-1.406000000,-22.470000000
48.534000000,1311.550000000,-1.348000000,-22.522000000
48.566000000,1309.278000000,-1.288000000,-22.575000000
48.599000000,1306.974000000,-1.228000000,-22.631000000
48.630000000,1304.806000000,-1.174000000,-22.683000000
48.660000000,1302.675000000,-1.121000000,-22.733000000
48.692000000,1300.462000000,-1.065000000,-22.784000000
48.724000000,1298.180000000,-1.005000000,-22.835000000
48.755000000,1296.039000000,-0.950000000,-22.882000000
48.785000000,1293.894000000,-0.896000000,-22.928000000
48.817000000,1291.680000000,-0.836000000,-22.973000000
48.849000000,1289.352000000,-0.770000000,-23.018000000
48.882000000,1287.062000000,-0.704000000,-23.059000000
48.915000000,1284.747000000,-0.638000000,-23.101000000
48.948000000,1282.380000000,-0.570000000,-23.143000000
48.981000000,1280.057000000,-0.503000000,-23.183000000
49.012000000,1277.861000000,-0.442000000,-23.221000000
49.043000000,1275.664000000,-0.380000000,-23.258000000
49.070000000,1273.685000000,-0.320000000,-23.285000000
49.100000000,1271.593000000,-0.256000000,-23.313000000
49.129000000,1269.499000000,-0.193000000,-23.341000000
49.159000000,1267.347000000,-0.127000000,-23.369000000
49.192000000,1264.986000000,-0.056000000,-23.402000000
49.223000000,1262.837000000,0.006000000,-23.433000000
49.254000000,1260.564000000,0.075000000,-23.463000000
49.284000000,1258.414000000,0.143000000,-23.487000000
49.315000000,1256.260000000,0.211000000,-23.511000000
49.344000000,1254.177000000,0.278000000,-23.531000000
49.373000000,1252.099000000,0.345000000,-23.551000000
49.405000000,1249.814000000,0.416000000,-23.577000000
49.434000000,1247.697000000,0.479000000,-23.602000000
49.463000000,1245.599000000,0.542000000,-23.626000000
49.491000000,1243.587000000,0.602000000,-23.648000000
49.519000000,1241.606000000,0.659000000,-23.670000000
49.550000000,1239.381000000,0.729000000,-23.692000000
49.581000000,1237.152000000,0.802000000,-23.711000000
49.613000000,1234.825000000,0.877000000,-23.731000000
49.644000000,1232.572000000,0.951000000,-23.750000000
49.675000000,1230.381000000,1.023000000,-23.765000000
49.702000000,1228.367000000,1.092000000,-23.775000000
49.730000000,1226.375000000,1.161000000,-23.784000000
49.758000000,1224.341000000,1.231000000,-23.793000000
49.788000000,1222.178000000,1.305000000,-23.804000000
49.820000000,1219.863000000,1.383000000,-23.818000000
49.849000000,1217.736000000,1.455000000,-23.828000000
49.877000000,1215.729000000,1.524000000,-23.835000000
49.905000000,1213.696000000,1.594000000,-23.842000000
49.932000000,1211.754000000,1.662000000,-23.846000000
49.957000000,1209.906000000,1.729000000,-23.846000000
49.981000000,1208.142000000,1.794000000,-23.842000000
50.005000000,1206.420000000,1.860000000,-23.834000000
50.029000000,1204.672000000,1.927000000,-23.823000000
50.053000000,1202.929000000,1.995000000,-23.812000000
50.077000000,1201.193000000,2.063000000,-23.800000000
50.100000000,1199.465000000,2.131000000,-23.787000000
50.124000000,1197.739000000,2.200000000,-23.771000000
50.148000000,1196.010000000,2.269000000,-23.755000000
50.172000000,1194.260000000,2.340000000,-23.737000000
50.196000000,1192.497000000,2.411000000,-23.722000000
50.220000000,1190.689000000,2.483000000,-23.709000000
50.246000000,1188.812000000,2.558000000,-23.698000000
50.273000000,1186.845000000,2.636000000,-23.686000000
50.297000000,1185.051000000,2.709000000,-23.673000000
50.321000000,1183.322000000,2.779000000,-23.657000000
50.345000000,1181.599000000,2.850000000,-23.640000000
50.368000000,1179.896000000,2.921000000,-23.622000000
50.393000000,1178.021000000,2.998000000,-23.606000000
50.425000000,1175.688000000,3.093000000,-23.592000000
50.453000000,1173.640000000,3.174000000,-23.580000000
50.478000000,1171.768000000,3.245000000,-23.569000000
50.502000000,1170.045000000,3.308000000,-23.559000000
50.525000000,1168.337000000,3.369000000,-23.549000000
50.548000000,1166.646000000,3.429000000,-23.539000000
50.571000000,1164.952000000,3.491000000,-23.528000000
50.595000000,1163.211000000,3.556000000,-23.516000000
50.619000000,1161.419000000,3.625000000,-23.502000000
50.643000000,1159.626000000,3.695000000,-23.488000000
50.668000000,1157.841000000,3.764000000,-23.474000000
50.694000000,1155.923000000,3.842000000,-23.457000000
50.724000000,1153.710000000,3.935000000,-23.435000000
50.752000000,1151.585000000,4.027000000,-23.411000000
50.779000000,1149.661000000,4.110000000,-23.387000000
50.803000000,1147.825000000,4.190000000,-23.363000000
50.828000000,1146.030000000,4.269000000,-23.337000000
50.852000000,1144.190000000,4.350000000,-23.311000000
50.876000000,1142.414000000,4.429000000,-23.284000000
50.899000000,1140.768000000,4.503000000,-23.254000000
50.921000000,1139.118000000,4.577000000,-23.222000000
50.943000000,1137.464000000,4.652000000,-23.193000000
50.968000000,1135.660000000,4.734000000,-23.163000000
50.991000000,1133.940000000,4.813000000,-23.134000000
51.013000000,1132.279000000,4.889000000,-23.103000000
51.035000000,1130.637000000,4.964000000,-23.071000000
51.057000000,1128.987000000,5.041000000,-23.038000000
51.079000000,1127.354000000,5.116000000,-23.003000000
51.101000000,1125.720000000,5.192000000,-22.966000000
51.123000000,1124.093000000,5.268000000,-22.929000000
51.145000000,1122.454000000,5.344000000,-22.893000000
51.167000000,1120.827000000,5.421000000,-22.856000000
51.189000000,1119.178000000,5.498000000,-22.818000000
51.211000000,1117.530000000,5.576000000,-22.776000000
51.233000000,1115.907000000,5.652000000,-22.735000000
51.255000000,1114.281000000,5.729000000,-22.693000000
51.277000000,1112.654000000,5.807000000,-22.652000000
51.299000000,1111.022000000,5.885000000,-22.613000000
51.321000000,1109.394000000,5.963000000,-22.574000000
51.342000000,1107.770000000,6.041000000,-22.533000000
51.364000000,1106.148000000,6.119000000,-22.490000000
51.386000000,1104.512000000,6.199000000,-22.447000000
51.408000000,1102.877000000,6.278000000,-22.403000000
51.430000000,1101.232000000,6.358000000,-22.360000000
51.452000000,1099.579000000,6.439000000,-22.318000000
51.474000000,1097.904000000,6.521000000,-22.276000000
51.496000000,1096.269000000,6.602000000,-22.232000000
51.518000000,1094.632000000,6.683000000,-22.185000000
51.540000000,1093.007000000,6.764000000,-22.136000000
51.562000000,1091.375000000,6.846000000,-22.086000000
51.583000000,1089.741000000,6.928000000,-22.036000000
51.605000000,1088.089000000,7.011000000,-21.988000000
51.628000000,1086.397000000,7.096000000,-21.939000000
51.651000000,1084.674000000,7.182000000,-21.891000000
51.675000000,1082.901000000,7.272000000,-21.841000000
51.696000000,1081.266000000,7.356000000,-21.790000000
51.718000000,1079.650000000,7.440000000,-21.737000000
51.740000000,1078.019000000,7.525000000,-21.683000000
51.762000000,1076.368000000,7.611000000,-21.630000000
51.784000000,1074.720000000,7.696000000,-21.578000000
51.805000000,1073.080000000,7.782000000,-21.524000000
51.828000000,1071.394000000,7.870000000,-21.471000000
51.858000000,1069.167000000,7.986000000,-21.408000000
51.883000000,1067.287000000,8.080000000,-21.356000000
51.909000000,1065.303000000,8.181000000,-21.300000000
51.931000000,1063.623000000,8.264000000,-21.252000000
51.953000000,1061.999000000,8.341000000,-21.206000000
51.974000000,1060.380000000,8.417000000,-21.160000000
51.996000000,1058.755000000,8.494000000,-21.113000000
52.018000000,1057.129000000,8.571000000,-21.066000000
52.039000000,1055.502000000,8.648000000,-21.018000000
52.061000000,1053.884000000,8.725000000,-20.970000000
52.082000000,1052.270000000,8.802000000,-20.921000000
52.104000000,1050.659000000,8.879000000,-20.873000000
52.125000000,1049.039000000,8.957000000,-20.823000000
52.147000000,1047.409000000,9.037000000,-20.773000000
52.168000000,1045.770000000,9.119000000,-20.722000000
52.190000000,1044.137000000,9.201000000,-20.670000000
52.212000000,1042.511000000,9.281000000,-20.619000000
52.233000000,1040.904000000,9.360000000,-20.568000000
52.254000000,1039.298000000,9.436000000,-20.517000000
52.276000000,1037.687000000,9.512000000,-20.465000000
52.297000000,1036.074000000,9.589000000,-20.413000000
52.318000000,1034.464000000,9.665000000,-20.360000000
52.340000000,1032.840000000,9.742000000,-20.307000000
52.361000000,1031.206000000,9.818000000,-20.253000000
52.383000000,1029.542000000,9.894000000,-20.200000000
52.413000000,1027.295000000,9.994000000,-20.135000000
52.442000000,1025.143000000,10.090000000,-20.072000000
52.470000000,1022.958000000,10.188000000,-20.007000000
52.500000000,1020.738000000,10.287000000,-19.943000000
52.528000000,1018.606000000,10.381000000,-19.880000000
52.558000000,1016.371000000,10.483000000,-19.812000000
52.587000000,1014.121000000,10.589000000,-19.741000000
52.617000000,1011.890000000,10.697000000,-19.666000000
52.642000000,1009.949000000,10.797000000,-19.595000000
52.667000000,1008.100000000,10.898000000,-19.520000000
52.692000000,1006.174000000,11.006000000,-19.440000000
52.717000000,1004.305000000,11.111000000,-19.359000000
52.740000000,1002.566000000,11.211000000,-19.280000000
52.762000000,1000.863000000,11.311000000,-19.199000000
52.785000000,999.127000000,11.414000000,-19.113000000
52.808000000,997.396000000,11.518000000,-19.027000000
52.830000000,995.662000000,11.621000000,-18.940000000
52.853000000,993.921000000,11.726000000,-18.852000000
52.876000000,992.225000000,11.828000000,-18.764000000
52.898000000,990.548000000,11.931000000,-18.674000000
52.919000000,988.897000000,12.034000000,-18.581000000
52.941000000,987.241000000,12.138000000,-18.487000000
52.963000000,985.564000000,12.243000000,-18.391000000
52.986000000,983.804000000,12.353000000,-18.293000000
53.011000000,981.911000000,12.471000000,-18.192000000
53.040000000,979.689000000,12.607000000,-18.080000000
53.064000000,977.884000000,12.711000000,-17.991000000
53.087000000,976.146000000,12.809000000,-17.907000000
53.110000000,974.407000000,12.905000000,-17.824000000
53.132000000,972.700000000,12.996000000,-17.744000000
53.155000000,970.932000000,13.088000000,-17.662000000
53.179000000,969.123000000,13.179000000,-17.583000000
53.207000000,966.995000000,13.281000000,-17.497000000
53.236000000,964.771000000,13.386000000,-17.412000000
53.266000000,962.534000000,13.489000000,-17.328000000
53.293000000,960.435000000,13.586000000,-17.249000000
53.321000000,958.339000000,13.683000000,-17.169000000
53.348000000,956.260000000,13.781000000,-17.088000000
53.376000000,954.151000000,13.882000000,-17.004000000
53.403000000,952.076000000,13.982000000,-16.918000000
53.430000000,949.992000000,14.084000000,-16.831000000
53.457000000,947.905000000,14.186000000,-16.744000000
53.484000000,945.896000000,14.285000000,-16.659000000
53.509000000,943.938000000,14.383000000,-16.573000000
53.536000000,941.892000000,14.487000000,-16.482000000
53.563000000,939.843000000,14.591000000,-16.391000000
53.592000000,937.645000000,14.702000000,-16.295000000
53.621000000,935.453000000,14.811000000,-16.200000000
53.648000000,933.387000000,14.911000000,-16.113000000
53.674000000,931.378000000,15.007000000,-16.028000000
53.702000000,929.246000000,15.112000000,-15.937000000
53.731000000,926.994000000,15.226000000,-15.838000000
53.757000000,925.011000000,15.329000000,-15.747000000
53.781000000,923.206000000,15.424000000,-15.660000000
53.803000000,921.502000000,15.514000000,-15.575000000
53.825000000,919.822000000,15.605000000,-15.489000000
53.847000000,918.130000000,15.696000000,-15.403000000
53.869000000,916.410000000,15.788000000,-15.316000000
53.896000000,914.394000000,15.895000000,-15.221000000
53.921000000,912.493000000,15.992000000,-15.135000000
53.944000000,910.668000000,16.084000000,-15.053000000
53.968000000,908.871000000,16.174000000,-14.971000000
53.993000000,906.933000000,16.277000000,-14.879000000
54.014000000,905.334000000,16.364000000,-14.796000000
54.035000000,903.754000000,16.450000000,-14.713000000
54.055000000,902.172000000,16.537000000,-14.628000000
54.076000000,900.563000000,16.625000000,-14.540000000
54.097000000,898.965000000,16.712000000,-14.450000000
54.118000000,897.382000000,16.798000000,-14.359000000
54.139000000,895.790000000,16.886000000,-14.269000000
54.159000000,894.197000000,16.975000000,-14.182000000
54.180000000,892.607000000,17.063000000,-14.097000000
54.201000000,891.013000000,17.152000000,-14.011000000
54.222000000,889.408000000,17.242000000,-13.926000000
54.243000000,887.771000000,17.333000000,-13.840000000
54.266000000,886.016000000,17.432000000,-13.750000000
54.287000000,884.422000000,17.521000000,-13.664000000
54.308000000,882.811000000,17.611000000,-13.575000000
54.329000000,881.141000000,17.705000000,-13.481000000
54.352000000,879.438000000,17.799000000,-13.382000000
54.374000000,877.745000000,17.893000000,-13.282000000
54.396000000,876.040000000,17.988000000,-13.181000000
54.418000000,874.327000000,18.084000000,-13.081000000
54.440000000,872.609000000,18.179000000,-12.978000000
54.462000000,870.915000000,18.273000000,-12.875000000
54.483000000,869.293000000,18.363000000,-12.776000000
54.505000000,867.635000000,18.455000000,-12.676000000
54.527000000,865.939000000,18.550000000,-12.573000000
54.549000000,864.263000000,18.643000000,-12.471000000
54.570000000,862.611000000,18.735000000,-12.368000000
54.591000000,861.005000000,18.824000000,-12.266000000
54.612000000,859.431000000,18.912000000,-12.162000000
54.634000000,857.701000000,19.010000000,-12.045000000
54.656000000,855.989000000,19.108000000,-11.930000000
54.679000000,854.257000000,19.206000000,-11.815000000
54.700000000,852.614000000,19.299000000,-11.708000000
54.721000000,851.015000000,19.389000000,-11.606000000
54.741000000,849.432000000,19.478000000,-11.505000000
54.762000000,847.837000000,19.568000000,-11.404000000
54.783000000,846.263000000,19.656000000,-11.304000000
54.803000000,844.687000000,19.745000000,-11.203000000
54.824000000,843.096000000,19.835000000,-11.102000000
54.845000000,841.493000000,19.926000000,-11.004000000
54.867000000,839.798000000,20.023000000,-10.904000000
54.888000000,838.160000000,20.116000000,-10.807000000
54.909000000,836.565000000,20.207000000,-10.711000000
54.929000000,834.984000000,20.297000000,-10.613000000
54.950000000,833.390000000,20.388000000,-10.512000000
54.971000000,831.781000000,20.480000000,-10.409000000
54.991000000,830.184000000,20.572000000,-10.305000000
55.012000000,828.587000000,20.663000000,-10.202000000
55.033000000,826.988000000,20.755000000,-10.099000000
55.053000000,825.415000000,20.846000000,-9.999000000
55.073000000,823.844000000,20.936000000,-9.899000000
55.094000000,822.244000000,21.028000000,-9.794000000
55.115000000,820.619000000,21.122000000,-9.687000000
55.136000000,819.020000000,21.215000000,-9.581000000
55.157000000,817.426000000,21.307000000,-9.476000000
55.177000000,815.830000000,21.399000000,-9.371000000
55.198000000,814.206000000,21.493000000,-9.262000000
55.220000000,812.550000000,21.589000000,-9.149000000
55.241000000,810.891000000,21.685000000,-9.035000000
55.263000000,809.236000000,21.780000000,-8.920000000
55.284000000,807.604000000,21.874000000,-8.807000000
55.305000000,805.957000000,21.969000000,-8.692000000
55.327000000,804.270000000,22.067000000,-8.571000000
55.348000000,802.690000000,22.163000000,-8.451000000
55.374000000,800.680000000,22.298000000,-8.295000000
55.397000000,798.835000000,22.418000000,-8.155000000
55.419000000,797.170000000,22.522000000,-8.029000000
55.440000000,795.565000000,22.620000000,-7.909000000
55.461000000,793.958000000,22.715000000,-7.789000000
55.482000000,792.316000000,22.809000000,-7.669000000
55.504000000,790.591000000,22.906000000,-7.544000000
55.529000000,788.700000000,23.009000000,-7.410000000
55.553000000,786.815000000,23.113000000,-7.276000000
55.577000000,784.917000000,23.217000000,-7.140000000
55.602000000,783.045000000,23.322000000,-7.005000000
55.625000000,781.224000000,23.425000000,-6.873000000
55.648000000,779.429000000,23.527000000,-6.742000000
55.672000000,777.635000000,23.630000000,-6.610000000
55.695000000,775.843000000,23.732000000,-6.479000000
55.719000000,773.976000000,23.836000000,-6.344000000
55.744000000,772.075000000,23.940000000,-6.209000000
55.770000000,770.034000000,24.050000000,-6.066000000
55.798000000,767.900000000,24.164000000,-5.918000000
55.826000000,765.734000000,24.278000000,-5.770000000
55.854000000,763.562000000,24.391000000,-5.623000000
55.881000000,761.422000000,24.501000000,-5.480000000
55.909000000,759.299000000,24.611000000,-5.337000000
55.934000000,757.324000000,24.715000000,-5.200000000
55.960000000,755.350000000,24.825000000,-5.058000000
55.987000000,753.223000000,24.944000000,-4.906000000
56.013000000,751.229000000,25.053000000,-4.766000000
56.042000000,749.012000000,25.174000000,-4.610000000
56.069000000,746.908000000,25.291000000,-4.460000000
56.096000000,744.817000000,25.405000000,-4.313000000
56.121000000,742.883000000,25.509000000,-4.177000000
56.148000000,740.783000000,25.624000000,-4.029000000
56.175000000,738.700000000,25.739000000,-3.880000000
56.198000000,736.893000000,25.834000000,-3.755000000
56.220000000,735.194000000,25.921000000,-3.638000000
56.243000000,733.461000000,26.012000000,-3.518000000
56.266000000,731.662000000,26.107000000,-3.393000000
56.294000000,729.518000000,26.226000000,-3.242000000
56.314000000,727.903000000,26.318000000,-3.122000000
56.335000000,726.322000000,26.408000000,-3.002000000
56.355000000,724.753000000,26.498000000,-2.882000000
56.375000000,723.187000000,26.587000000,-2.760000000
56.396000000,721.618000000,26.677000000,-2.638000000
56.416000000,720.062000000,26.766000000,-2.517000000
56.436000000,718.456000000,26.858000000,-2.395000000
56.461000000,716.561000000,26.964000000,-2.259000000
56.481000000,715.002000000,27.046000000,-2.148000000
56.501000000,713.446000000,27.124000000,-2.038000000
56.521000000,711.891000000,27.201000000,-1.928000000
56.541000000,710.340000000,27.279000000,-1.818000000
56.561000000,708.778000000,27.358000000,-1.708000000
56.581000000,707.228000000,27.438000000,-1.598000000
56.602000000,705.659000000,27.519000000,-1.486000000
56.622000000,704.087000000,27.602000000,-1.374000000
56.643000000,702.451000000,27.692000000,-1.258000000
56.666000000,700.690000000,27.794000000,-1.128000000
56.686000000,699.107000000,27.886000000,-1.008000000
56.706000000,697.551000000,27.977000000,-0.890000000
56.732000000,695.533000000,28.094000000,-0.742000000
56.753000000,693.947000000,28.178000000,-0.629000000
56.773000000,692.353000000,28.262000000,-0.514000000
56.793000000,690.795000000,28.347000000,-0.403000000
56.815000000,689.102000000,28.445000000,-0.273000000
56.836000000,687.488000000,28.539000000,-0.153000000
56.858000000,685.818000000,28.628000000,-0.034000000
56.881000000,683.991000000,28.732000000,0.097000000
56.902000000,682.336000000,28.827000000,0.229000000
56.925000000,680.620000000,28.925000000,0.365000000
56.947000000,678.886000000,29.025000000,0.502000000
56.969000000,677.145000000,29.126000000,0.641000000
56.995000000,675.162000000,29.233000000,0.784000000
57.019000000,673.273000000,29.335000000,0.921000000
57.043000000,671.409000000,29.436000000,1.056000000
57.066000000,669.633000000,29.533000000,1.185000000
57.086000000,668.074000000,29.621000000,1.298000000
57.108000000,666.417000000,29.718000000,1.430000000
57.129000000,664.745000000,29.815000000,1.564000000
57.152000000,663.020000000,29.917000000,1.702000000
57.172000000,661.436000000,30.007000000,1.817000000
57.194000000,659.750000000,30.106000000,1.953000000
57.217000000,657.904000000,30.216000000,2.101000000
57.242000000,655.971000000,30.332000000,2.256000000
57.268000000,654.017000000,30.450000000,2.413000000
57.288000000,652.418000000,30.541000000,2.530000000
57.310000000,650.758000000,30.633000000,2.652000000
57.331000000,649.101000000,30.726000000,2.774000000
57.352000000,647.454000000,30.818000000,2.896000000
57.373000000,645.821000000,30.910000000,3.016000000
57.394000000,644.227000000,31.000000000,3.134000000
57.414000000,642.655000000,31.091000000,3.250000000
57.434000000,641.106000000,31.181000000,3.364000000
57.461000000,639.031000000,31.309000000,3.518000000
57.484000000,637.236000000,31.410000000,3.651000000
57.507000000,635.448000000,31.512000000,3.784000000
57.530000000,633.674000000,31.612000000,3.916000000
57.553000000,631.908000000,31.713000000,4.048000000
57.575000000,630.178000000,31.812000000,4.176000000
57.597000000,628.462000000,31.911000000,4.304000000
57.619000000,626.779000000,32.008000000,4.430000000
57.640000000,625.117000000,32.104000000,4.554000000
57.661000000,623.462000000,32.200000000,4.677000000
57.683000000,621.807000000,32.296000000,4.801000000
57.704000000,620.123000000,32.394000000,4.927000000
57.726000000,618.454000000,32.491000000,5.052000000
57.747000000,616.782000000,32.588000000,5.178000000
57.769000000,615.123000000,32.684000000,5.303000000
57.790000000,613.449000000,32.781000000,5.429000000
57.812000000,611.788000000,32.877000000,5.554000000
57.833000000,610.122000000,32.974000000,5.680000000
57.855000000,608.462000000,33.071000000,5.805000000
57.876000000,606.799000000,33.167000000,5.930000000
57.897000000,605.143000000,33.263000000,6.056000000
57.919000000,603.504000000,33.358000000,6.180000000
57.940000000,601.852000000,33.455000000,6.305000000
57.961000000,600.196000000,33.552000000,6.431000000
57.983000000,598.514000000,33.651000000,6.558000000
58.004000000,596.839000000,33.748000000,6.685000000
58.026000000,595.176000000,33.845000000,6.812000000
58.047000000,593.526000000,33.941000000,6.937000000
58.068000000,591.918000000,34.035000000,7.051000000
58.089000000,590.237000000,34.126000000,7.166000000
58.114000000,588.363000000,34.224000000,7.295000000
58.135000000,586.728000000,34.312000000,7.407000000
58.155000000,585.171000000,34.398000000,7.514000000
58.175000000,583.635000000,34.483000000,7.621000000
58.194000000,582.112000000,34.569000000,7.726000000
58.214000000,580.571000000,34.657000000,7.833000000
58.234000000,579.028000000,34.744000000,7.940000000
58.254000000,577.463000000,34.831000000,8.049000000
58.275000000,575.873000000,34.919000000,8.159000000
58.295000000,574.270000000,35.006000000,8.270000000
58.316000000,572.656000000,35.094000000,8.383000000
58.336000000,571.099000000,35.181000000,8.491000000
58.356000000,569.561000000,35.267000000,8.598000000
58.376000000,568.028000000,35.354000000,8.705000000
58.395000000,566.500000000,35.445000000,8.813000000
58.415000000,564.977000000,35.538000000,8.920000000
58.435000000,563.393000000,35.634000000,9.032000000
58.455000000,561.855000000,35.727000000,9.141000000
58.475000000,560.334000000,35.818000000,9.249000000
58.495000000,558.790000000,35.913000000,9.359000000
58.516000000,557.117000000,36.019000000,9.482000000
58.540000000,555.303000000,36.136000000,9.616000000
58.564000000,553.379000000,36.261000000,9.761000000
58.591000000,551.348000000,36.392000000,9.914000000
58.616000000,549.369000000,36.518000000,10.062000000
58.641000000,547.448000000,36.641000000,10.205000000
58.665000000,545.530000000,36.763000000,10.348000000
58.690000000,543.613000000,36.884000000,10.490000000
58.714000000,541.727000000,37.001000000,10.628000000
58.740000000,539.731000000,37.122000000,10.774000000
58.768000000,537.570000000,37.247000000,10.928000000
58.794000000,535.569000000,37.361000000,11.068000000
58.818000000,533.675000000,37.468000000,11.199000000
58.842000000,531.791000000,37.578000000,11.334000000
58.864000000,530.119000000,37.680000000,11.456000000
58.886000000,528.405000000,37.785000000,11.582000000
58.908000000,526.702000000,37.890000000,11.707000000
58.930000000,525.027000000,37.994000000,11.830000000
58.951000000,523.351000000,38.099000000,11.954000000
58.972000000,521.697000000,38.203000000,12.076000000
58.993000000,520.068000000,38.307000000,12.198000000
59.014000000,518.444000000,38.412000000,12.320000000
59.036000000,516.803000000,38.519000000,12.443000000
59.057000000,515.161000000,38.627000000,12.567000000
59.077000000,513.566000000,38.734000000,12.690000000
59.101000000,511.713000000,38.864000000,12.840000000
59.127000000,509.727000000,39.006000000,13.006000000
59.153000000,507.666000000,39.157000000,13.182000000
59.180000000,505.608000000,39.308000000,13.360000000
59.206000000,503.562000000,39.452000000,13.532000000
59.232000000,501.561000000,39.590000000,13.698000000
59.257000000,499.614000000,39.723000000,13.857000000
59.283000000,497.606000000,39.860000000,14.022000000
59.309000000,495.548000000,40.001000000,14.192000000
59.336000000,493.453000000,40.145000000,14.366000000
59.363000000,491.343000000,40.290000000,14.543000000
59.390000000,489.258000000,40.434000000,14.717000000
59.417000000,487.217000000,40.574000000,14.887000000
59.441000000,485.362000000,40.701000000,15.040000000
59.463000000,483.625000000,40.818000000,15.181000000
59.483000000,482.061000000,40.923000000,15.304000000
59.503000000,480.530000000,41.025000000,15.420000000
59.522000000,479.007000000,41.125000000,15.534000000
59.542000000,477.468000000,41.226000000,15.650000000
59.562000000,475.924000000,41.328000000,15.769000000
59.582000000,474.382000000,41.430000000,15.887000000
59.602000000,472.859000000,41.531000000,16.004000000
59.621000000,471.328000000,41.632000000,16.121000000
59.641000000,469.808000000,41.732000000,16.235000000
59.661000000,468.277000000,41.832000000,16.349000000
59.680000000,466.764000000,41.931000000,16.459000000
59.700000000,465.231000000,42.032000000,16.570000000
59.720000000,463.714000000,42.131000000,16.678000000
59.739000000,462.181000000,42.230000000,16.786000000
59.759000000,460.622000000,42.331000000,16.895000000
59.780000000,458.996000000,42.436000000,17.008000000
59.801000000,457.410000000,42.539000000,17.121000000
59.821000000,455.840000000,42.641000000,17.234000000
59.841000000,454.280000000,42.742000000,17.347000000
59.861000000,452.712000000,42.844000000,17.460000000
59.881000000,451.157000000,42.945000000,17.573000000
59.901000000,449.603000000,43.047000000,17.687000000
59.922000000,448.043000000,43.149000000,17.802000000
59.942000000,446.482000000,43.251000000,17.921000000
59.962000000,444.889000000,43.355000000,18.044000000
59.982000000,443.355000000,43.456000000,18.162000000
60.002000000,441.828000000,43.555000000,18.277000000
60.021000000,440.299000000,43.655000000,18.391000000
60.041000000,438.784000000,43.753000000,18.501000000
60.060000000,437.272000000,43.851000000,18.609000000
60.080000000,435.745000000,43.950000000,18.717000000
60.100000000,434.200000000,44.049000000,18.827000000
60.120000000,432.665000000,44.148000000,18.935000000
60.140000000,431.101000000,44.247000000,19.042000000
60.160000000,429.514000000,44.345000000,19.147000000
60.182000000,427.817000000,44.450000000,19.258000000
60.204000000,426.126000000,44.554000000,19.370000000
60.226000000,424.426000000,44.660000000,19.484000000
60.248000000,422.722000000,44.766000000,19.599000000
60.270000000,421.022000000,44.872000000,19.714000000
60.292000000,419.316000000,44.979000000,19.832000000
60.314000000,417.594000000,45.087000000,19.952000000
60.337000000,415.791000000,45.201000000,20.080000000
60.361000000,413.935000000,45.320000000,20.214000000
60.385000000,412.122000000,45.436000000,20.346000000
60.408000000,410.298000000,45.554000000,20.480000000
60.436000000,408.179000000,45.691000000,20.639000000
60.459000000,406.336000000,45.816000000,20.782000000
60.484000000,404.461000000,45.944000000,20.929000000
60.508000000,402.605000000,46.072000000,21.075000000
60.533000000,400.652000000,46.206000000,21.229000000
60.560000000,398.534000000,46.348000000,21.395000000
60.586000000,396.494000000,46.483000000,21.553000000
60.612000000,394.536000000,46.611000000,21.703000000
60.634000000,392.828000000,46.723000000,21.831000000
60.654000000,391.232000000,46.826000000,21.948000000
60.674000000,389.669000000,46.927000000,22.061000000
60.695000000,388.106000000,47.028000000,22.175000000
60.715000000,386.548000000,47.128000000,22.288000000
60.734000000,385.021000000,47.226000000,22.398000000
60.754000000,383.493000000,47.325000000,22.507000000
60.774000000,381.966000000,47.423000000,22.617000000
60.794000000,380.396000000,47.524000000,22.731000000
60.815000000,378.788000000,47.627000000,22.849000000
60.835000000,377.240000000,47.726000000,22.962000000
60.854000000,375.728000000,47.823000000,23.071000000
60.874000000,374.199000000,47.921000000,23.178000000
60.894000000,372.636000000,48.021000000,23.283000000
60.914000000,371.084000000,48.120000000,23.384000000
60.934000000,369.574000000,48.217000000,23.485000000
60.953000000,368.057000000,48.312000000,23.591000000
60.975000000,366.406000000,48.417000000,23.710000000
60.998000000,364.628000000,48.529000000,23.841000000
61.023000000,362.643000000,48.655000000,23.991000000
61.046000000,360.901000000,48.770000000,24.125000000
61.067000000,359.285000000,48.879000000,24.250000000
61.087000000,357.683000000,48.987000000,24.374000000
61.108000000,356.079000000,49.096000000,24.498000000
61.130000000,354.394000000,49.208000000,24.628000000
61.156000000,352.327000000,49.340000000,24.787000000
61.180000000,350.484000000,49.457000000,24.926000000
61.206000000,348.454000000,49.586000000,25.082000000
61.233000000,346.402000000,49.717000000,25.240000000
61.255000000,344.690000000,49.825000000,25.368000000
61.275000000,343.130000000,49.922000000,25.483000000
61.295000000,341.618000000,50.017000000,25.593000000
61.314000000,340.101000000,50.112000000,25.702000000
61.334000000,338.570000000,50.208000000,25.811000000
61.354000000,336.999000000,50.306000000,25.921000000
61.375000000,335.420000000,50.405000000,26.031000000
61.395000000,333.870000000,50.502000000,26.141000000
61.415000000,332.336000000,50.597000000,26.250000000
61.434000000,330.810000000,50.692000000,26.358000000
61.454000000,329.292000000,50.786000000,26.467000000
61.474000000,327.767000000,50.881000000,26.576000000
61.493000000,326.233000000,50.976000000,26.685000000
61.513000000,324.701000000,51.071000000,26.794000000
61.533000000,323.187000000,51.165000000,26.903000000
61.552000000,321.677000000,51.258000000,27.014000000
61.572000000,320.128000000,51.354000000,27.129000000
61.592000000,318.601000000,51.448000000,27.241000000
61.612000000,317.094000000,51.541000000,27.351000000
61.631000000,315.574000000,51.634000000,27.463000000
61.651000000,314.027000000,51.729000000,27.577000000
61.672000000,312.421000000,51.828000000,27.697000000
61.695000000,310.611000000,51.940000000,27.837000000
61.721000000,308.619000000,52.064000000,27.993000000
61.747000000,306.602000000,52.190000000,28.152000000
61.774000000,304.560000000,52.317000000,28.312000000
61.798000000,302.669000000,52.433000000,28.459000000
61.820000000,300.945000000,52.539000000,28.591000000
61.843000000,299.198000000,52.646000000,28.725000000
61.866000000,297.439000000,52.754000000,28.860000000
61.892000000,295.401000000,52.879000000,29.020000000
61.916000000,293.522000000,52.997000000,29.168000000
61.942000000,291.496000000,53.122000000,29.328000000
61.969000000,289.452000000,53.247000000,29.489000000
61.994000000,287.518000000,53.365000000,29.639000000
62.018000000,285.665000000,53.479000000,29.783000000
62.043000000,283.694000000,53.600000000,29.939000000
62.066000000,281.949000000,53.711000000,30.077000000
62.088000000,280.268000000,53.818000000,30.211000000
62.109000000,278.631000000,53.924000000,30.342000000
62.131000000,276.897000000,54.034000000,30.481000000
62.156000000,274.994000000,54.152000000,30.632000000
62.182000000,272.963000000,54.275000000,30.791000000
62.205000000,271.158000000,54.383000000,30.930000000
62.227000000,269.456000000,54.485000000,31.060000000
62.248000000,267.837000000,54.582000000,31.182000000
62.269000000,266.264000000,54.675000000,31.300000000
62.291000000,264.519000000,54.779000000,31.434000000
62.319000000,262.403000000,54.907000000,31.602000000
62.344000000,260.432000000,55.025000000,31.757000000
62.368000000,258.563000000,55.137000000,31.904000000
62.395000000,256.509000000,55.261000000,32.067000000
62.420000000,254.540000000,55.381000000,32.224000000
62.446000000,252.580000000,55.500000000,32.381000000
62.471000000,250.621000000,55.620000000,32.537000000
62.493000000,248.918000000,55.727000000,32.675000000
62.515000000,247.272000000,55.833000000,32.809000000
62.536000000,245.634000000,55.939000000,32.944000000
62.557000000,243.988000000,56.047000000,33.079000000
62.579000000,242.298000000,56.157000000,33.218000000
62.601000000,240.613000000,56.266000000,33.356000000
62.623000000,238.915000000,56.373000000,33.494000000
62.645000000,237.207000000,56.480000000,33.633000000
62.668000000,235.443000000,56.588000000,33.775000000
62.690000000,233.704000000,56.694000000,33.915000000
62.712000000,231.987000000,56.800000000,34.054000000
62.736000000,230.142000000,56.911000000,34.202000000
62.763000000,228.097000000,57.031000000,34.365000000
62.789000000,226.073000000,57.149000000,34.526000000
62.815000000,224.061000000,57.266000000,34.686000000
62.842000000,221.979000000,57.387000000,34.851000000
62.868000000,219.936000000,57.505000000,35.013000000
62.893000000,218.047000000,57.616000000,35.163000000
62.915000000,216.308000000,57.720000000,35.302000000
62.938000000,214.574000000,57.824000000,35.441000000
62.960000000,212.863000000,57.928000000,35.579000000
62.983000000,211.091000000,58.034000000,35.721000000
63.007000000,209.231000000,58.144000000,35.869000000
63.031000000,207.422000000,58.251000000,36.014000000
63.053000000,205.693000000,58.354000000,36.153000000
63.075000000,203.985000000,58.457000000,36.290000000
63.097000000,202.270000000,58.560000000,36.428000000
63.120000000,200.510000000,58.664000000,36.569000000
63.143000000,198.737000000,58.769000000,36.711000000
63.167000000,196.916000000,58.876000000,36.857000000
63.192000000,194.946000000,58.990000000,37.014000000
63.219000000,192.890000000,59.107000000,37.177000000
63.245000000,190.913000000,59.221000000,37.334000000
63.269000000,189.045000000,59.329000000,37.483000000
63.292000000,187.219000000,59.435000000,37.628000000
63.316000000,185.418000000,59.540000000,37.772000000
63.338000000,183.669000000,59.643000000,37.912000000
63.361000000,181.960000000,59.744000000,38.049000000
63.383000000,180.238000000,59.846000000,38.188000000
63.406000000,178.478000000,59.949000000,38.329000000
63.429000000,176.698000000,60.053000000,38.471000000
63.452000000,174.922000000,60.157000000,38.613000000
63.475000000,173.158000000,60.260000000,38.755000000
63.497000000,171.425000000,60.362000000,38.894000000
63.519000000,169.715000000,60.463000000,39.031000000
63.542000000,167.983000000,60.565000000,39.170000000
63.565000000,166.225000000,60.668000000,39.312000000
63.587000000,164.525000000,60.767000000,39.448000000
63.609000000,162.833000000,60.868000000,39.584000000
63.631000000,161.137000000,60.968000000,39.721000000
63.653000000,159.397000000,61.069000000,39.861000000
63.676000000,157.620000000,61.172000000,40.003000000
63.700000000,155.757000000,61.279000000,40.152000000
63.726000000,153.809000000,61.389000000,40.307000000
63.752000000,151.777000000,61.502000000,40.469000000
63.779000000,149.721000000,61.616000000,40.631000000
63.804000000,147.774000000,61.723000000,40.784000000
63.829000000,145.863000000,61.828000000,40.933000000
63.854000000,143.914000000,61.935000000,41.086000000
63.879000000,142.012000000,62.040000000,41.235000000
63.901000000,140.305000000,62.133000000,41.367000000
63.922000000,138.665000000,62.222000000,41.492000000
63.943000000,137.082000000,62.308000000,41.612000000
63.963000000,135.523000000,62.392000000,41.729000000
63.983000000,133.955000000,62.476000000,41.847000000
64.004000000,132.390000000,62.561000000,41.965000000
64.024000000,130.829000000,62.645000000,42.083000000
64.044000000,129.283000000,62.728000000,42.199000000
64.064000000,127.730000000,62.812000000,42.315000000
64.084000000,126.196000000,62.894000000,42.430000000
64.104000000,124.686000000,62.975000000,42.542000000
64.124000000,123.158000000,63.057000000,42.656000000
64.144000000,121.616000000,63.140000000,42.772000000
64.164000000,120.042000000,63.225000000,42.891000000
64.186000000,118.398000000,63.313000000,43.017000000
64.208000000,116.670000000,63.406000000,43.151000000
64.231000000,114.906000000,63.502000000,43.288000000
64.254000000,113.158000000,63.596000000,43.424000000
64.276000000,111.405000000,63.691000000,43.561000000
64.300000000,109.613000000,63.788000000,43.701000000
64.323000000,107.780000000,63.887000000,43.844000000
64.348000000,105.901000000,63.989000000,43.992000000
64.370000000,104.179000000,64.095000000,44.128000000
64.391000000,102.566000000,64.195000000,44.253000000
64.412000000,100.957000000,64.295000000,44.377000000
64.433000000,99.348000000,64.395000000,44.502000000
64.453000000,97.779000000,64.492000000,44.624000000
64.474000000,96.188000000,64.590000000,44.747000000
64.495000000,94.612000000,64.688000000,44.868000000
64.515000000,93.086000000,64.783000000,44.984000000
64.536000000,91.425000000,64.883000000,45.101000000
64.556000000,89.932000000,64.969000000,45.205000000
64.577000000,88.317000000,65.064000000,45.318000000
64.596000000,86.790000000,65.156000000,45.436000000
64.616000000,85.255000000,65.249000000,45.555000000
64.636000000,83.746000000,65.342000000,45.671000000
64.655000000,82.270000000,65.431000000,45.792000000
64.679000000,80.463000000,65.548000000,45.944000000
64.698000000,78.973000000,65.639000000,46.067000000
64.717000000,77.499000000,65.724000000,46.188000000
64.737000000,76.019000000,65.807000000,46.308000000
64.757000000,74.459000000,65.891000000,46.433000000
64.779000000,72.770000000,65.980000000,46.566000000
64.801000000,71.045000000,66.071000000,46.701000000
64.824000000,69.270000000,66.165000000,46.841000000
64.847000000,67.514000000,66.258000000,46.979000000
64.870000000,65.744000000,66.350000000,47.116000000
64.896000000,63.745000000,66.451000000,47.264000000
64.923000000,61.708000000,66.551000000,47.413000000
64.948000000,59.749000000,66.647000000,47.555000000
64.974000000,57.744000000,66.745000000,47.701000000
65.000000000,55.774000000,66.841000000,47.843000000
65.026000000,53.799000000,66.937000000,47.986000000
65.051000000,51.859000000,67.033000000,48.128000000
65.075000000,49.980000000,67.129000000,48.269000000
65.100000000,48.106000000,67.226000000,48.411000000
65.124000000,46.243000000,67.325000000,48.555000000
65.150000000,44.254000000,67.431000000,48.708000000
65.176000000,42.233000000,67.537000000,48.861000000
65.199000000,40.494000000,67.623000000,48.990000000
65.222000000,38.713000000,67.711000000,49.120000000
65.245000000,36.951000000,67.796000000,49.248000000
65.268000000,35.207000000,67.880000000,49.375000000
65.281000000,34.231000000,67.926000000,49.447000000
65.300000000,32.768000000,67.996000000,49.553000000
65.323000000,30.971000000,68.080000000,49.682000000
65.350000000,28.998000000,68.175000000,49.825000000
65.379000000,26.882000000,68.282000000,49.982000000
65.406000000,24.991000000,68.377000000,50.124000000
65.433000000,23.153000000,68.469000000,50.263000000
65.462000000,21.278000000,68.562000000,50.406000000
65.498000000,19.015000000,68.687000000,50.587000000
65.530000000,17.102000000,68.800000000,50.752000000
65.573000000,14.705000000,68.948000000,50.960000000
65.613000000,12.629000000,69.085000000,51.161000000
65.659000000,10.457000000,69.239000000,51.380000000
65.709000000,8.280000000,69.404000000,51.621000000
65.759000000,6.348000000,69.563000000,51.858000000
65.809000000,4.662000000,69.703000000,52.069000000
65.859000000,3.228000000,69.826000000,52.253000000
65.909000000,2.047000000,69.934000000,52.416000000
65.959000000,1.123000000,70.032000000,52.565000000
66.009000000,0.459000000,70.123000000,52.698000000
66.059000000,0.059000000,70.207000000,52.819000000
66.109000000,-0.075000000,70.282000000,52.926000000
